id,первоисточник_URL_DOI,лицензия,природный_искусственный,море_река_берег,lat_lon_контур,дата_UTC,платформа_GSD,ссылка_на_кадр,полевой_метод,N,материал_мин_размер,площадь_A,единицы,полнота_разметки,сцена_product_id_dt,дрейф_радиус,независимость_train_test,визуальное_подтверждение,класс,можно_нельзя_обучать,следующий_шаг
CSV-S1-GPGP2016,"task CSV (S1, 181 событие) = аэросъёмка The Ocean Cleanup 02 и 06.10.2016 (Lebreton 2018, figshare 5873142)",CSV кейса; figshare 5873142 — по записи,природный,"море (открытый океан, GPGP)","бины аэросъёмки, см. data/search/s1/","2016-10-02, 2016-10-06","самолёт, RGB 0.1 м (по статье; кадры не опубликованы)",,аэроучёт предметов > 50 см,в CSV по событию,макропластик > 50 см,в CSV по событию,шт./км²,в figshare только таблицы (1 595 предметов с координатами и размером),S2/Landsat/S1 IW/EW 28.09–10.10.2016: 0 сцен; S1 WV: 5 виньеток в зоне дрейфа (только OCN),HYCOM GOFS 3.1 + ERA5 ±48 ч (L88),не использовался в обучении,нет (кадров нет),D,[нет | да (по статье) | да | нет] обучать нельзя: изображений нет,кадры 0.1 м — только письменный запрос к The Ocean Cleanup (шаблон в reports/count_datasets/114_aerial_vhr.md); ref: reports/search/s1.md
CSV-S2-MSM41-2015,"task CSV (S2, 63 события) = рейс MSM41, Саргассово море, 04.2015 (PANGAEA 931833/931834)",CSV кейса,природный,море (открытый океан),"63 трансекты, data/search/s2/candidates.csv",04.2015,"судно, визуальный учёт",,судовой визуальный учёт,в CSV по событию,предметы > 2 см (по CSV),в CSV по событию,шт./км²,,"LC08_L2SP_006038_20150412_02_T2, dt +23.3 ч, облачн. 76 % (1 событие); S2A ещё не летал",,не использовался в обучении,дымка на снимке,C (1) / D (62),[нет | нет | да | нет] 0.054 предмета > 2 см на пиксель 900 м²,закрыт (стоп-правило розыска); ref: reports/search/s2.md
CSV-S3-HE419-HE460,"task CSV (S3, 41 событие) = рейсы HE419 (2014) / HE460 (04.2016), Северное море (PANGAEA 890781/890782)",CSV кейса,природный,море (шельф),"41 трансекта, data/search/s3/inventory.csv","2014, 04.2016","судно, визуальный учёт",,судовой визуальный учёт,в CSV (напр. t23 145.7 шт./км²),,в CSV по событию,шт./км²,,"оптика ±24 ч у 20/41; t23 ↔ L8 +0.65 ч — облака 100 %; HE460 t03 ↔ S2 +17.5 ч — годная, 0 объектов","HYCOM + ERA5 + прилив M2, зоны 41–735 км² (data/search/s3/drift/zones.csv)",не использовался в обучении,13 компонентов в зоне t03 = барашки/пена,D (68),[нет | нет | да | нет],закрыт; ref: reports/search/s3.md
CSV-S4-DOORS3-2024,"task CSV (S4, 33 события) = DOORS cruise 3, Чёрное море, 2024 (Zenodo 15129753/15172377)",CSV кейса,природный,море,"97 точек судна, data/search/s4/fixes.csv","06.2024 (лучшее: T30, 17.06.2024)","судно, визуальный учёт",,судовой визуальный учёт,в CSV (T30 587 шт./км²),предметы > 2.5 см (по L87),не опубликована (длина/ширина трансект нет),шт./км²,,"T30 ↔ S2B 17.06.2024 08:58 UTC, dt −2.3…+0.4 ч; 7 пар S2 годны","1000 частиц ERA5 + SMOC, p95 2.9–11.5 км",не использовался в обучении,0 детекций в полосах,C (8) / D (25),"[нет | нет | да | да, по месту-времени] обучать нельзя: 0.1 предмета на пиксель","площадь трансект — запрос к авторам DOORS; ref: reports/search/s4.md, data/search/s4/assessment.csv"
ADIS-A66,"ADIS The Ocean Cleanup, 4TU 10.4121/ddede7f5-aca5-42ae-b851-e0bbb9a2c4c2 (Segments.csv, Objects.csv)",CC-BY-4.0,природный,"море (открытый океан, суда-добровольцы)","отрезки 10 км, GPS-линии (GPKG)","2021–2024, время GPS по отрезку",GoPro на судне (косой вид),,камера судна + счёт предметов на полосе обзора,21 444 отрезка; в 66 A-парах предметов > 5 см: 6,"> 5 / > 10 / > 50 см, классы ADIS",площадь отрезка в Segments.csv,шт./км²,22 126 вырезок предметов (без исходных кадров),"2 086 с S2 ±1 сут → 177 (≤ 3 ч, облачн. ≤ 30 %) → 66 A (28 при ≤ 1 ч)",HYCOM GOFS 3.1 + ERA5 (Open-Meteo),не использовался в обучении детектора,детектор 0 срабатываний на A с предметами (оценивается на 3 из 6),"A (66, по месту и времени; калибровочных 0) / C 3 / D 108","[вырезки — классификатор | да, отрезок | да | да, но покрытие ~10⁻⁷ пикселя] шт./км² по снимку обучать нельзя","закрыт; ref: reports/search/adis.md, reports/search/adis_candidates.csv"
ADIS-A6-items,"ADIS отрезки 355772, 335573, 335572, 356392, 335670, 427139 (см. ADIS-A66)",CC-BY-4.0,природный,море,"см. reports/search/adis.md, раздел «Пары уровня A с предметами»","2021-12-11, 2023-11-16 (×2), 2021-12-19, 2023-11-25, 2024-06-10","GoPro на судне (R/V Akademik Mstislav Keldysh, Gaia Blu, Bark Europa)",,камера судна,по 1 предмету > 5 см на отрезок,> 5 см; > 50 см — 1 (355772),Segments.csv,шт./км² (3.5–4.4),вырезки предметов,"S2A_31UFV_20211211 (−0.11 ч), S2A_32SQG/32SQF_20231116 (+0.27/+0.79 ч), S2A_27SXS_20211219 (−0.86 ч), S2B_33SWB_20231125 (−2.61 ч), S2B_8KKF_20240610 (+2.87 ч)",0.5 км + дрейф (reports/search/adis.md),не в MARIDA,0 пикс. в полосе,"A (место-время), не калибровочная","[нет | да | да | да] иллюстрация «предел обнаружения», не обучение",—; панели data/search/adis/best/*.png
ADIS-Gleb6,"ADIS, независимая проверка: docs/research/gleb_quantitative_link/results/adis_pairs/ (335694, 335765, 335766, 335772, 335792, 335997)",CC-BY-4.0,природный,море,"GPS-линии в GPKG, кропы 1200×1200",см. pair_*.csv,GoPro на судне,,камера судна,предметы > 50 см,> 50 см,Segments.csv,шт./км²,,S2 L2A того же дня (12 из 36 положительных маршрутов),estimate_adis_drift.py (Глеб),,на PNG жёлтая линия маршрута; предметов не видно,A (у Глеба = хорошие полевые метки),"[нет | да | да | да, не калибровочные]",—; ref: docs/research/gleb_quantitative_link/results/REPORT.md §3
ADIS-snippets,ADIS Objects.csv + вырезки (4TU ddede7f5),CC-BY-4.0,природный,море,,,GoPro на судне,,вырезки предметов,22 126 вырезок,классы ADIS,,,вырезки без исходных кадров,,,,,"B (фото, без кадра)",[частично: классификатор/вставка | нет | да | —],data/extra/count_ds/adis_snippets/ (300 вырезок)
Lebreton2018-items,"Lebreton et al. 2018, Sci Rep; figshare 10.6084/m9.figshare.5873142",figshare (по записи),природный,море (GPGP),1 595 предметов с координатами,"2016-10-02, 2016-10-06 (±10 мин)",самолёт RGB 0.1 м (мозаики не опубликованы),,аэроучёт,1 595,предметы с размером,,шт.,"таблица, без кадров",0 снимков (L88),,,,D,[нет | — | да | нет],запрос кадров 7 298 у The Ocean Cleanup; ref: reports/extra_data/field.md
Ashmore2018-Hajbane2021,"Hajbane et al. 2021, Front. Mar. Sci. 8:613399; figshare 12433823 (Plastic Metadata.xlsx)",CC-BY-4.0,природный (фронты конвергенции),море (риф Ашмор),координаты начала/конца полёта в xlsx,"2018-10-06, S2A 02:04 UTC; полёты UTC+8","DJI Phantom 4 Pro, 20 м, полоса 29.7 м",,БПЛА + поштучный реестр предметов,"ART11 45, ART10 14 (фронты); ART9 0","> 5 см, размер и тип",0.013–0.025 км² на полёт,шт./км² (181–3 450 во фронтах),"поштучный реестр, без рамок на кадрах","S2A_51LWG_20181006: ART10 −0.8 ч, ART11 −2.5 ч, ART9 +1.7 ч",,не в MARIDA,блик 91–100 % полосы; детектор 0; покрытие ≤ 6.4·10⁻⁵,"C (пара по месту-времени, пиксели отклонены маской блика)","[нет (рамок нет) | да | да | да, но блик]",самая плотная природная пара «БПЛА ↔ S2 в тот же час»; кадры БПЛА не опубликованы — запрос авторам; ref: reports/extra_data/quantity_pairs_search.md №1
GarciaGarin2020-Catalonia,"Garcia-Garin et al. 2020, Mar. Pollut. Bull. 160:111467 (+ 2019–2021, MARLIT github amonleong/MARLIT)",файлов нет,природный,море (Каталония),,,БПЛА и самолёт,,18 синхронных трансект БПЛА ↔ судно + 40 полётов,,,,0–200 шт./км²,MARLIT — метки на кадр (есть/нет),S2 в статьях нет,,,,"C (лид, по запросу)",[нет | — | да | не проверено],запрос дат/треков авторам (решение людей); ref: quantity_pairs_search.md №7
ASI2018-ACCOBAMS,"ACCOBAMS Survey Initiative 2018 (Lambert 2020; Front. Mar. Sci. 2024, 11:1352059)",по форме запроса,природный,море (всё Средиземное),,06–08.2018,"самолёт, визуальный учёт",,"авиаучёт > 30 см, полоса 200 м с борта",,> 30 см,,шт./км²,,,,,,C (лид для ячеек),[нет | — | да | не проверено],"форма accobams.org с персональными данными — решение людей; ref: quantity_pairs_search.md №8, №22"
SCS-ScienceDB-2019-2021,ScienceDB 10.57760/sciencedb.o00015.00004 (Liu Mingming),CC-BY-NC-4.0,природный,море (Южно-Китайское),,2019–2021,судно (рейсы по китообразным),,попутные наблюдения,,,,,,,,,,C (лид для ячеек),[нет | — | да | не проверено],2 файла 579 МБ > лимита 50 МБ — не качались; ref: quantity_pairs_search.md №23
Ruiz2020-Biscay,"Ruiz et al. 2020, Front. Mar. Sci. 7:308, doi 10.3389/fmars.2020.00308",статья CC-BY,природный (полосы-windrows),море (Бискайский залив),,весна–лето 2018 (68 дней),судно-траулер SIMUL,,активный лов в полосах,4 130 предметов (подвыборка состава),,нет,кг на полосу,по тралениям только масса,,,,,D,[нет | нет | да | нет],"логи SIMUL у AZTI — не за хакатон; ref: SEARCH_LOG 04:47, Глеб ruiz_catalog_audit.json"
Gove2019-Hawaii,"Gove et al. 2019, PNAS 116:24143, PMC6883795",,природный (слики),море (З. Гавайи),,,Planet Dove (слики),,нейстонные траления 2016–2018,,микро (размером с добычу),,шт./м³,,,,,,D,[нет | нет | да | нет: нет места/времени],—; ref: data/extra/qpairs/gove2019/
TOC-UAV-2021-22-ERL2024,"The Ocean Cleanup, ERL 2024, doi 10.1088/1748-9326/ad78ed",ссылка figshare.com/s/c19216d64521d44a0e29 → 403,природный,море (открытый океан),,,БПЛА,,,,,,,,,,,,D,[— | — | да | нет],запрос к The Ocean Cleanup; ref: reports/count_datasets/115_bridge_s2.md §4
Kaggle-ocean-waste-detection-1,Kaggle xeniapornova/ocean-waste-detection-1,не указана,природный,море,EXIF GPS,12.2021–03.2022 (8 проходов),GoPro с судна,,кадры с рамками,≈ 15 000 кадров,,,,рамки,"S2: 0 сцен у 7 проходов; pack5 +25 ч, облачн. 88–92 %",,,,D (×8),"[да, внутренне (лицензии нет) | нет | да | нет]",—; ref: data/extra/count_ds/kaggle_ocean_waste_detection_1/_exif_every10.csv
Cozar2024-windrows,"Cózar et al. 2024, Nat Commun 15:4637; Zenodo 10.5281/zenodo.11045944",CC-BY-4.0,природный (смесь мусора и природного материала),море (Средиземное),"14 374 окна (bbox), 322 тайла",2015-07-04 … 2021-09-17,"Sentinel-2 L1C, 10 м",data/extra/registry_cozar2024.csv,автомат + проверка 6 исследователями,нет,,944 592 пикс = 94.46 км² (площадь полос ≠ N),км² / пикс.,маска пикселей внутри окна автоматическая,4 472 продукта L1C; 15 сцен L2A сверены (корр. B8 0.948),,0 общих тайлов с MARIDA; MADOS проверить нельзя,окна приняты авторами,B,[нет | нет | да | сам спутник] детектор/сегментация полос — да; шт./км² — нет,"обратный ход к рейсам тех же дат (L121, см. строки NEW-*); ref: SEARCH_LOG 01:08, 01:43"
Cozar2024-textGT,"Cózar 2024, полный текст PMC11178853",CC-BY-4.0,—,море,,,,,—,,,,,,,,,цитата: «matching … limited to fake targets … and reports of dense LW sightings»,— (доказательство отсутствия),—,в Q&A (§29 Г3-2); ref: data/extra/qpairs/cozar2024_pmc.xml
HeldOut-30SXE-2021-03-11,"наша демо-сцена: окно Cózar 2024, S2B_30SXE_20210311_0_L2A (L1C S2B_MSIL1C_20210311T104749_N0209_R051_T30SXE_20210311T132631)",Copernicus / CC-BY-4.0 (каталог),природный,море (Альборан),центр ≈ 35.50N 1.62W; вырезка 14×14 км,2021-03-11 11:01 UTC,"Sentinel-2, 10 м",data/live/cozar_demo/2021-03-11/,нет полевого,нет,,зоны в zones.geojson (площадь ≠ N),км²,нити Cózar,та же съёмка (Δt 0),,"не в обучении, пороге, MARIDA, MADOS (проверено)",14 зон детектора совпали с нитями Cózar,B,[нет | нет | да | сама сцена] проверка детектора — да; шт./км² — нет,"ref: reports/case_demo/heldout_scene.md, data/case/scene_zones/demo-cozar-2021-03-11/"
LitterLines,"van Dalen, Bochow, Rußwurm; Zenodo 10.5281/zenodo.19571437; github geoJoost/LitterLines",CC-BY-4.0,природный,море (в основном Средиземное),"966 линий, 29 сцен PS, 13 регионов-дат",сцены PS (даты в наборе),PlanetScope ~3 м,,ручная разметка линий (09.2024–02.2025),нет,,нет (линии),,"линии, пикселей Planet в записи нет",826 линий с S2 L1C того же дня; 12/12 тайл+дата = окна Cózar,,—,,C (мост) / B (линии),"[нет | нет | да | да, S2 того же дня] шт. — нет","ref: data/extra/count_ds/litterlines, 114_aerial_vhr.md"
NASA-PS-marine-debris,"Shah, Thomas, Maskey 2021, doi 10.34911/rdnt.9r6ekg; source.coop nasa/marine-debris",CC-BY-NC-4.0,природный (кроме PLP),"море (Гондурас, Аккра, Лесбос)",рамки в WGS84,"2018 (напр. 13.03, 19.09, 24.10, 31.10)",PlanetScope ~3 м,,ручные рамки пятен,1 640 рамок-пятен (не предметов),,медиана рамки ≈ 1.4 га,рамки,пятна,"11 сцен с S2 того же дня, |Δt| 0.3–1.4 ч",,3 сцены = MARIDA (16PCC/16PDC),детектор 0/123 природных рамок на годной воде,B (пятна) / C (мост),"[нет | нет | да | да, спутник↔спутник] NC — нельзя в продукт","ref: out/l115/nasa_ps_boxes.csv, 115_bridge_s2.md §3.2"
MARIDA-63,"Kikaki et al. 2022, PLoS ONE, doi 10.1371/journal.pone.0262247; Zenodo 5151941",CC-BY-4.0,природный,"море/устья (Гондурас, Гватемала, Гана, ЮАР, Вьетнам, Филиппины, Шотландия, Китай и др.)","63 сцены, тайлы в именах патчей",2015-11-29 … 2021-01-23,"Sentinel-2 L1C→L2A, 10 м",data/MARIDA/patches,«события» по сообщениям СМИ/соцсетей + ручная разметка пикселей,нет,,пиксели Marine Debris,пикс.,разреженная ручная разметка пикселей,,,детектор обучен на MARIDA — НЕ независим,,B,[нет | нет | да | сам спутник] детектор — да (уже); шт. — нет,"обратный ход: фото/БПЛА на даты MARIDA (L121, NEW-*)"
FloatingObjects-Mifdal2021,"Mifdal, Longépé, Rußwurm 2021, ISPRS Annals V-3-2021; marinedebrisdetector S3 floatingobjects.zip",по записи,природный (смешанный),море,"26 сцен, 3 378 линий (≈ 3 600 км)",,Sentinel-2,,ручные линии,нет,,,,линии,,,0 пересечений кроме durban (исключена),,B,[нет | нет | да | сам спутник],"ref: data/extra/features_floatingobjects.npz, SEARCH_LOG 00:55, 03:00"
RefinedFloatingObjects-2023,"Rußwurm et al. 2023, iScience 26:108402, doi 10.1016/j.isci.2023.108402",по записи,природный,море,"6 сцен: 1 774 точки мусора, 2 916 отриц.",,Sentinel-2,,ручные точки,нет,,,,точки,,,durban_20190424 = MARIDA train + наш live → исключена,,B / D,[нет | нет | да | сам спутник],ref: data/extra/floatingobjects/refined
Durban-2019-04-24,"одна съёмка в 3 наборах: MARIDA S2_24-4-19_36JUN (train), Refined FO durban_20190424, Duarte 2023 FMD (пластик)",CC-BY-4.0 (MARIDA),природный (паводок),море у порта Дурбан,,2019-04-24,Sentinel-2,,нет полевого счёта,нет,,,,,,,в train MARIDA — НЕ независим,,B,[нет | нет | да | сам спутник],искать фото/БПЛА Дурбана 24–26.04.2019 (L121)
MADOS,"MADOS, Zenodo 10664073",CC-BY-4.0,природный,море,,,Sentinel-2,,ручная разметка,,,,,"классы, вкл. Marine Debris и Oil Spill",,,28 сцен = MARIDA val/test,,B,[нет | нет | да | сам спутник],ref: SEARCH_LOG 01:30
Kikaki2020-Honduras,"Kikaki et al. 2020, Remote Sens. 12:1727",,"природный (паводки, Мотагуа)",море (Гондурасский залив),,,Sentinel-2 / Landsat,,«in situ» = фото и сообщения,нет,,,,,,,,,D,[нет | нет | да | нет счёта],ref: quantity_pairs_search.md №15
Maxar-Derna-2023,"Maxar Open Data, Libya-Floods (GeoEye-1)",CC-BY-NC-4.0,природный (паводок),море у Дерны,,2023-09-13,GeoEye-1 0.3 м,,,нет,,2.17 км² воды,,нет,,,,счётчик пятен: все 16/16 вырезок — гребни и блики,C (снимок без счёта),[нет | да | да | нет],ref: docs/research/marine_quantity/results/vhr_blob_count_derna_*.json
NAIP-Tampa-2023,NAIP (Planetary Computer),общественное достояние (USDA),—,море (Тампа),,2023-01-06,аэро 0.3 м,,,нет,,3.60 км² штиля,,,,,,64/64 — блики,C (снимок без счёта),[нет | да | — | нет],ref: docs/research/marine_quantity/results/vhr_blob_count_naip_*.json
CCM-VHR-over-ADIS,"CDSE STAC ccm-optical (WV-2/3, GeoEye-1, Pléiades, SPOT)",,природный,море,,,,,,,,,,,0 снимков того же дня над 2 086 группами ADIS,,,,D,—,коммерческие архивы — только с ключом (INBOX_REQUESTS.md); ref: vhr_adis_summary.json
PLP2018,"Topouzelis, Papakonstantinou, Garaba 2019, JAG 79:175; ортофото в Zenodo 3752719",CC-BY-4.0 (ортофото),искусственный,"море (Лесбос, залив Геры)",≈ 39.108N 26.566E (мишень в рамке NASA PS),"2018-06-07, S2A 08:56 UTC","DJI S900 + Sony A5100, 100 м, 2.14 см",UAV_20180607.jpg (без привязки),мишени известного состава,3 600 бутылок PET 1.5 л; 138 пакетов,"PET 1.5 л, LDPE пакеты",100 м² на мишень,шт./м² внутри мишени (36 бут./м²),полная (конструкция),S2A_35SMD_20180607_0_L2A (Δt ≈ 0.5 ч),мишень заякорена,не в MARIDA,P max 0.00 в 400 м,A*,[нет | да | нет | да] только порог обнаружения,совмещение ортофото по 3 мишеням; ref: 115_bridge_s2.md
PLP2019,"Topouzelis et al. 2020, Remote Sens. 12:2013; Zenodo 3752719",CC-BY-4.0,искусственный,море (Лесбос),точки UTM 35N в Vector_Points,"2019-04-18, 05-03, 05-18, 05-28, 06-07","Phantom 4 Pro, 125–197 м, ≈ 3.4–5.4 см",UAV_photos/UAV_2019*.JPG,мишени + доля покрытия по дрону,416 бутылок на мишень,"PET, пакеты, тростник",25 м² на мишень; 65 пикселей S2,доля покрытия пикселя,доля на пиксель,S2 тех же 5 дат; сдвиг «over 30 minutes»,заякорены,не в MARIDA,доля ≥ 0.25: 2/10 пикс. P ≥ 0.63; < 0.25: 0/55,A*,[нет | да | нет | да] спектр→доля не подтверждён (ρ FDI 0.09),ref: 115_bridge_s2.md; Глеб plp2019/summary.json
PLP2021,"Papageorgiou et al. 2022, Remote Sens. 14:5997; Zenodo 7085112",CC-BY-4.0,искусственный,море (Лесбос),,22 даты 11.06–04.10.2021,"Phantom 4 RTK, ортофото",,сетка HDPE Ø 28 м + дерево 342 доски,нет (сетка),,616 м² HDPE,доля,,S2 тех же дат,,,0/12 плавающих дат,B,[нет | да | нет | да] предел доли,ref: 115_bridge_s2.md
PLP2022-23,Zenodo 10046182 (Minimum Detection Fraction),CC-BY-4.0,искусственный,море (Лесбос),,2022–2023,"Phantom 4 RTK, 70 м, ≈ 1.9 см",,"листы HDPE 1–3 м², PVC 5×5 м",единицы мишеней,,,,,S2 и PlanetScope тех же дат,,,0/8 дат,B,[нет | да | нет | да],ref: 115_bridge_s2.md
Themistocleous2020,"Themistocleous et al. 2020, Remote Sens. 12:2648",статья CC-BY; данных нет,искусственный,"море (Лимасол, 200 м от берега)",,"2018-12-15, S2 08:58 UTC",Phantom 4 Pro + Phantom 2,,,1 500 бутылок,,3×10 м,,,,,,,C,"[нет | нет | нет | да, координат нет]",ref: 115_bridge_s2.md
Freitas2021-Azores,"Freitas et al. 2021, Remote Sens. 13:2536",,искусственный,море (Азоры),,,БПЛА 25–35 м; Cessna ~600 м,,,без счёта,,10×10 м,,,S2 того же дня — облака,,,,D,—,не проверено мной (пересказ L115)
Kremezi2021-PLP2020,"Kremezi et al. 2021, IEEE Access 9:61955",,искусственный,море (Лесбос),,,"Phantom 4 Pro V2, ~2.5 см",,,,,,,,"PRISMA, не S2",,,,D,—,не проверено мной (пересказ L115)
ChaoPhraya-2025,"Hagenbeek / van Emmerik 2025, 4TU 10.4121/f771da08-8143-4a4b-9ad6-c8e711812a63",CC-BY-4.0,природный (пластик в гиацинте),река (Чаупхрая),координаты мостов,2025-03-17 … 2025-04-26,"GoPro с мостов, 5.5–12.4 м, GSD 0.23–0.51; 4 точки БПЛА",,визуальный счёт 485 строк + физ. отбор 45 пятен гиацинта,1 415 рамок / 82 кадра; штук пластика в пятнах,"пластик, гиацинт",м² пятна,"шт./пятно, м², кг","рамки на 82 кадрах; [L121, iScience 2026 doi 10.1016/j.isci.2026.116238, PMC13266208, CC-BY] физ. отбор 58 пятен гиацинта, 1 832 предмета пластика (5 кг), площадь пятна 0.03–2.25 м²; гиацинт удерживает в среднем 32 % плавающего пластика (макс. 78 %); по снимкам в 14 раз меньше предметов, чем при физ. отборе","S2 16.03.2025 (классификация гиацинта, github GielHagenbeek/Waterhyacinth_classification_Sentinel2) ↔ БПЛА 20.03.2025 (Δt 4 сут, пятно ≠ то же)",,не в MARIDA,,"C (река, прокси)","[да | да (GSD на серию) | нет (река) | S2 видит растения, не пластик]",связка «площадь пятна гиацинта по S2 × шт./м² внутри» — прямой аналог; ref: quantity_pairs_search.md №13
Saigon-bridges-UAV,4TU 10.4121/78bb4822-7b70-4632-887a-7cacd344024e,CC-BY-4.0,"природный (пластик, гиацинт)",река (Сайгон),,,мосты + БПЛА,,,9 352 рамки / 272 кадра,,,,рамки,,,,,B (фото-счёт),[да | нет | нет | нет],ref: COUNT_DATASETS B5
TOCL-RiverMonitoring,"The Ocean Cleanup River Monitoring, 4TU 10.4121/fad0aa03-37b4-4a3c-8263-8ed60a03b393; Sci Rep 2026 10.1038/s41598-026-48630-z",CC-BY-NC-4.0,природный,река (10 рек),,в имени кадра,"камеры на мостах, GSD 0.18–0.31 см",,,38 812 рамок / 2 229 кадров; трекинг-GT 6 568,,41–122 м² (1 837 кадров),шт./кадр → шт./м²,рамки 11 классов,,,,,B (фото-счёт с площадью),[да (NC) | да | нет | нет],ref: COUNT_DATASETS A2
Maharjan2022-river-UAV,"Maharjan et al. 2022, Remote Sens. 14:3049; github Nisha484/Nisha",файла лицензии нет,природный,река (Лаос/Таиланд),,,"БПЛА, GSD 0.82 см",,,2 094 рамки / 1 000 плиток,,2×2 м на плитку,,,,,,,B (фото-счёт с площадью),"[да, после лицензии | да | нет | нет]",ref: COUNT_DATASETS A4
TUD-HCMC,Zenodo 10.5281/zenodo.17387612,CC-BY-4.0,природный,"река (Сайгон, мосты)",,09.2023,камера с моста 0.12 см,,,178 рамок + ручной счёт,,≈ 35 м²,,,,,,,B (фото-счёт с площадью),[да | да | нет | нет],ref: COUNT_DATASETS A5
Winans2023-Hawaii,Winans et al. 2023; Zenodo 10.5281/zenodo.8381113,CC-BY-4.0,природный,берег (Гавайи),"геопривязка кадра (.aux.xml, EPSG:26905)",2015,пилотируемая аэросъёмка 0.02 м,,,10 703 рамки / 1 588 кадров,8 классов,163.84 м² кадра (ЧИП: песок+вода+растительность),шт. на 164 м² кадра берега,рамки; кадры отобраны с мусором,,,разбиение по месту (L109),,B (фото-счёт с площадью),[да | да | нет (берег) | нет],ref: COUNT_DATASETS A1; §30 п.5
Martin2021-RedSea,Martin et al. 2021; Mendeley gpdsntb3y6; Data in Brief PMC8102167,CC-BY-4.0 (кадры),природный,"берег (44 пляжа, Красное море)",EXIF GPS,,дрон 10 м,,,шт./м² по 44 пляжам; рамок нет,,138.6 м² кадра,шт./м²,рамок нет,,,,,B (счёт на пляж),[нет рамок | да | нет | нет],ref: COUNT_DATASETS A3
UCWD,Zenodo 10.5281/zenodo.20630252,CC-BY-4.0,природный,берег (пляжи),,,"дрон, EXIF удалён",,,26 258 рамок / 4 071,,,,,,,,,B (фото-счёт),[да | нет | нет | нет],ref: COUNT_DATASETS B1
FML-USV,SEANOE 10.17882/106148,CC-BY-4.0,природный,"море (у берега, USV)",,,"USV, PTZ-камера, косой вид",,,17 156 рамок / 5 490 кадров,,нет (GSD/GPS нет),шт./кадр,,,,утечка по сессиям исправлена (L109),,B (фото-счёт),[да | нет | да | нет],ref: COUNT_DATASETS B2
MDMAP-EMODnet-beach,NOAA MDMAP (CC0); EMODnet beach litter; Plastic Pirates,,природный,берег,,,,,наземные трансекты,MDMAP 22 383 трансекты; EMODnet 16 833,,,шт./м²,снимков предметов нет,,,,,D (для снимков),[нет | — | нет | нет] полевая проверка — да,ref: 113_uav.md
WASP-ESA,"ESA WASP (ARGANS), контракт 4000130627",,природный,море,,,,,,"708 355 нитей, без счёта",,,,,,,,,D (для пар),—,= Cózar 2024; ref: data/extra/qpairs/wasp_ExS.txt
Cozar2021-Biancardi2025,Cózar 2021 Front. Mar. Sci. 8:571796; Biancardi 2025 MPB 119132,,природный,море,,,,,,нет (литература/модель),,,,,,,,,D,—,порог «развитого окна» 1 предмет/100 м² — ref №5
Sakti2023-Rancamanyar,"Sakti et al. 2023, Sci Rep, PMC10049981",,природный,река,,,дрон 2 см + S2/Pléiades,,,"доля покрытия, не штуки",,,,,время «not accurately matched»,,,,D,—,данные по запросу
MedAerialObservers-18387541,Zenodo 18387541 (тезисы),CC-BY-NC-SA,природный,море (Средиземное),,,,,авиа/судовые наблюдатели,,,,1.88 ± 2.3 шт./км² (самолёт),,,,,,D,—,снимков нет
Duarte2023-FMD,github miguelmendesduarte Floating-Marine-Debris-Data,CC-BY-4.0,смешанный,море,,,,,,пиксели (пластик 206),,,,,,,,,D,—,Git LFS отключён (403)
Seto2018-PoDelta2026-MAPMapper-Ciappa,RS 13:5048; Environ. Chall. 101651; Sci Rep s41598-023-33612-2; Ciappa MPB 112457 / RS 14:2409,,природный,море/дельта,,,,,,нет поштучного счёта,,,,,,,,,D ×5,—,ref: quantity_pairs_search.md №14–18
MARIDA-ev-GT-16PCC-2020-09-18,"MARIDA Table 1 + S1 Table (Kikaki et al. 2022, PLoS ONE, PMC8740969; supplement pone.0262247.s001); источник события: гражданский учёный",MARIDA CC-BY-4.0; материалы события — права владельцев,природный,море / устье,15.836206N 88.022087W,"2020-09-18 (дата сообщения, не обязательно съёмки S2)","Sentinel-2, тайл 16PCC; сообщение — фото/видео с берега или лодки",,сообщение очевидца / СМИ / уборка (без счёта),нет,,нет,,пиксели MD в MARIDA (разреженно),сцены MARIDA с этим тайлом (data/MARIDA/patches),,"в MARIDA → детектор на нём обучен/проверен, НЕ независим",,B (метки S2) / D (для N),"[нет | нет | да | снимок есть, счёта нет] N/площадь по полю — нет; 4ocean даёт массу уборки, не шт./км²",—
MARIDA-ev-GT-16PCC-2018-06-16,"MARIDA Table 1 + S1 Table (Kikaki et al. 2022, PLoS ONE, PMC8740969; supplement pone.0262247.s001); источник события: фотограф",MARIDA CC-BY-4.0; материалы события — права владельцев,природный,море / устье,15.827222N 88.047500W,"2018-06-16 (дата сообщения, не обязательно съёмки S2)","Sentinel-2, тайл 16PCC; сообщение — фото/видео с берега или лодки",,сообщение очевидца / СМИ / уборка (без счёта),нет,,нет,,пиксели MD в MARIDA (разреженно),сцены MARIDA с этим тайлом (data/MARIDA/patches),,"в MARIDA → детектор на нём обучен/проверен, НЕ независим",,B (метки S2) / D (для N),"[нет | нет | да | снимок есть, счёта нет] N/площадь по полю — нет; 4ocean даёт массу уборки, не шт./км²",—
MARIDA-ev-GT-16PCC-2019-09-04,"MARIDA Table 1 + S1 Table (Kikaki et al. 2022, PLoS ONE, PMC8740969; supplement pone.0262247.s001); источник события: Kikaki et al. 2020",MARIDA CC-BY-4.0; материалы события — права владельцев,природный,море / устье,14.9827N 89.5442W,"2019-09-04 (дата сообщения, не обязательно съёмки S2)","Sentinel-2, тайл 16PCC; сообщение — фото/видео с берега или лодки",,сообщение очевидца / СМИ / уборка (без счёта),нет,,нет,,пиксели MD в MARIDA (разреженно),сцены MARIDA с этим тайлом (data/MARIDA/patches),,"в MARIDA → детектор на нём обучен/проверен, НЕ независим",,B (метки S2) / D (для N),"[нет | нет | да | снимок есть, счёта нет] N/площадь по полю — нет; 4ocean даёт массу уборки, не шт./км²",—
MARIDA-ev-HN-16PDC-2020-09-18,"MARIDA Table 1 + S1 Table (Kikaki et al. 2022, PLoS ONE, PMC8740969; supplement pone.0262247.s001); источник события: гражданский учёный",MARIDA CC-BY-4.0; материалы события — права владельцев,природный,море / устье,16.1490N 87.6282W,"2020-09-18 (дата сообщения, не обязательно съёмки S2)","Sentinel-2, тайл 16PDC; сообщение — фото/видео с берега или лодки",,сообщение очевидца / СМИ / уборка (без счёта),нет,,нет,,пиксели MD в MARIDA (разреженно),сцены MARIDA с этим тайлом (data/MARIDA/patches),,"в MARIDA → детектор на нём обучен/проверен, НЕ независим",,B (метки S2) / D (для N),"[нет | нет | да | снимок есть, счёта нет] N/площадь по полю — нет; 4ocean даёт массу уборки, не шт./км²",—
MARIDA-ev-HN-16PEC-2020-09-23,"MARIDA Table 1 + S1 Table (Kikaki et al. 2022, PLoS ONE, PMC8740969; supplement pone.0262247.s001); источник события: гражданский учёный",MARIDA CC-BY-4.0; материалы события — права владельцев,природный,море / устье,16.042194N 86.432081W,"2020-09-23 (дата сообщения, не обязательно съёмки S2)","Sentinel-2, тайл 16PEC, 16QED; сообщение — фото/видео с берега или лодки",,сообщение очевидца / СМИ / уборка (без счёта),нет,,нет,,пиксели MD в MARIDA (разреженно),сцены MARIDA с этим тайлом (data/MARIDA/patches),,"в MARIDA → детектор на нём обучен/проверен, НЕ независим",,B (метки S2) / D (для N),"[нет | нет | да | снимок есть, счёта нет] N/площадь по полю — нет; 4ocean даёт массу уборки, не шт./км²",—
MARIDA-ev-HN-16PEC-2015-11-29,"MARIDA Table 1 + S1 Table (Kikaki et al. 2022, PLoS ONE, PMC8740969; supplement pone.0262247.s001); источник события: Kikaki et al. 2020",MARIDA CC-BY-4.0; материалы события — права владельцев,природный,море / устье,16.0667N 86.3965W,"2015-11-29 (дата сообщения, не обязательно съёмки S2)","Sentinel-2, тайл 16PEC; сообщение — фото/видео с берега или лодки",,сообщение очевидца / СМИ / уборка (без счёта),нет,,нет,,пиксели MD в MARIDA (разреженно),сцены MARIDA с этим тайлом (data/MARIDA/patches),,"в MARIDA → детектор на нём обучен/проверен, НЕ независим",,B (метки S2) / D (для N),"[нет | нет | да | снимок есть, счёта нет] N/площадь по полю — нет; 4ocean даёт массу уборки, не шт./км²",—
MARIDA-ev-DO-19QDA-2018-07-13,"MARIDA Table 1 + S1 Table (Kikaki et al. 2022, PLoS ONE, PMC8740969; supplement pone.0262247.s001); источник события: СМИ (видео)",MARIDA CC-BY-4.0; материалы события — права владельцев,природный,море / устье,18.467723N 69.886808W,"2018-07-13 (дата сообщения, не обязательно съёмки S2)","Sentinel-2, тайл 19QDA; сообщение — фото/видео с берега или лодки",https://www.youtube.com/watch?v=sFy1Vmm42zQ,сообщение очевидца / СМИ / уборка (без счёта),нет,смешанный мусор (по фото/видео),нет,,пиксели MD в MARIDA (разреженно),сцены MARIDA с этим тайлом (data/MARIDA/patches),,"в MARIDA → детектор на нём обучен/проверен, НЕ независим",видео/фото есть,B (метки S2) / D (для N),"[нет | нет | да | снимок есть, счёта нет] N/площадь по полю — нет; 4ocean даёт массу уборки, не шт./км²",из сообщения можно только подтвердить факт скопления; счёта нет
MARIDA-ev-HT-18QYF-2020-03-20,"MARIDA Table 1 + S1 Table (Kikaki et al. 2022, PLoS ONE, PMC8740969; supplement pone.0262247.s001); источник события: уборки 4ocean",MARIDA CC-BY-4.0; материалы события — права владельцев,природный,море / устье,,"2020-03-20 (дата сообщения, не обязательно съёмки S2)","Sentinel-2, тайл 18QWF/QYF/QYG; сообщение — фото/видео с берега или лодки",https://www.facebook.com/4oceanBracelets/,сообщение очевидца / СМИ / уборка (без счёта),нет,смешанный мусор (по фото/видео),нет,,пиксели MD в MARIDA (разреженно),сцены MARIDA с этим тайлом (data/MARIDA/patches),,"в MARIDA → детектор на нём обучен/проверен, НЕ независим",видео/фото есть,B (метки S2) / D (для N),"[нет | нет | да | снимок есть, счёта нет] N/площадь по полю — нет; 4ocean даёт массу уборки, не шт./км²",из сообщения можно только подтвердить факт скопления; счёта нет
MARIDA-ev-HT-18QYF-2020-12-09,"MARIDA Table 1 + S1 Table (Kikaki et al. 2022, PLoS ONE, PMC8740969; supplement pone.0262247.s001); источник события: уборки 4ocean",MARIDA CC-BY-4.0; материалы события — права владельцев,природный,море / устье,,"2020-12-09 (дата сообщения, не обязательно съёмки S2)","Sentinel-2, тайл 18QWF/QYF/QYG; сообщение — фото/видео с берега или лодки",https://www.facebook.com/4oceanBracelets/,сообщение очевидца / СМИ / уборка (без счёта),нет,смешанный мусор (по фото/видео),нет,,пиксели MD в MARIDA (разреженно),сцены MARIDA с этим тайлом (data/MARIDA/patches),,"в MARIDA → детектор на нём обучен/проверен, НЕ независим",видео/фото есть,B (метки S2) / D (для N),"[нет | нет | да | снимок есть, счёта нет] N/площадь по полю — нет; 4ocean даёт массу уборки, не шт./км²",из сообщения можно только подтвердить факт скопления; счёта нет
MARIDA-ev-HT-18QYF-2020-12-15,"MARIDA Table 1 + S1 Table (Kikaki et al. 2022, PLoS ONE, PMC8740969; supplement pone.0262247.s001); источник события: уборки 4ocean",MARIDA CC-BY-4.0; материалы события — права владельцев,природный,море / устье,,"2020-12-15 (дата сообщения, не обязательно съёмки S2)","Sentinel-2, тайл 18QWF/QYF/QYG; сообщение — фото/видео с берега или лодки",https://www.facebook.com/4oceanBracelets/,сообщение очевидца / СМИ / уборка (без счёта),нет,смешанный мусор (по фото/видео),нет,,пиксели MD в MARIDA (разреженно),сцены MARIDA с этим тайлом (data/MARIDA/patches),,"в MARIDA → детектор на нём обучен/проверен, НЕ независим",видео/фото есть,B (метки S2) / D (для N),"[нет | нет | да | снимок есть, счёта нет] N/площадь по полю — нет; 4ocean даёт массу уборки, не шт./км²",из сообщения можно только подтвердить факт скопления; счёта нет
MARIDA-ev-HT-18QYF-2021-01-05,"MARIDA Table 1 + S1 Table (Kikaki et al. 2022, PLoS ONE, PMC8740969; supplement pone.0262247.s001); источник события: уборки 4ocean",MARIDA CC-BY-4.0; материалы события — права владельцев,природный,море / устье,,"2021-01-05 (дата сообщения, не обязательно съёмки S2)","Sentinel-2, тайл 18QWF/QYF/QYG; сообщение — фото/видео с берега или лодки",https://www.facebook.com/4oceanBracelets/,сообщение очевидца / СМИ / уборка (без счёта),нет,смешанный мусор (по фото/видео),нет,,пиксели MD в MARIDA (разреженно),сцены MARIDA с этим тайлом (data/MARIDA/patches),,"в MARIDA → детектор на нём обучен/проверен, НЕ независим",видео/фото есть,B (метки S2) / D (для N),"[нет | нет | да | снимок есть, счёта нет] N/площадь по полю — нет; 4ocean даёт массу уборки, не шт./км²",из сообщения можно только подтвердить факт скопления; счёта нет
MARIDA-ev-ID-50LLR-2018-03-04,"MARIDA Table 1 + S1 Table (Kikaki et al. 2022, PLoS ONE, PMC8740969; supplement pone.0262247.s001); источник события: соцсети (видео)",MARIDA CC-BY-4.0; материалы события — права владельцев,природный,море / устье,8.715828S 115.446799E,"2018-03-04 (дата сообщения, не обязательно съёмки S2)","Sentinel-2, тайл 50LLR; сообщение — фото/видео с берега или лодки",https://www.youtube.com/watch?app=desktop&v=31CdhLMV7Es,сообщение очевидца / СМИ / уборка (без счёта),нет,смешанный мусор (по фото/видео),нет,,пиксели MD в MARIDA (разреженно),сцены MARIDA с этим тайлом (data/MARIDA/patches),,"в MARIDA → детектор на нём обучен/проверен, НЕ независим",видео/фото есть,B (метки S2) / D (для N),"[нет | нет | да | снимок есть, счёта нет] N/площадь по полю — нет; 4ocean даёт массу уборки, не шт./км²",из сообщения можно только подтвердить факт скопления; счёта нет
MARIDA-ev-VN-48PZC-2019-11-23,"MARIDA Table 1 + S1 Table (Kikaki et al. 2022, PLoS ONE, PMC8740969; supplement pone.0262247.s001); источник события: соцсети (отзыв TripAdvisor)",MARIDA CC-BY-4.0; материалы события — права владельцев,природный,море / устье,15.994762N 108.27417E,"2019-11-23 (дата сообщения, не обязательно съёмки S2)","Sentinel-2, тайл 48PZC; сообщение — фото/видео с берега или лодки",https://www.tripadvisor.com/ShowUserReviews-g298085-d456220-r728403711-Non_Nuoc_Beach-Da_Nang.html,сообщение очевидца / СМИ / уборка (без счёта),нет,смешанный мусор (по фото/видео),нет,,пиксели MD в MARIDA (разреженно),сцены MARIDA с этим тайлом (data/MARIDA/patches),,"в MARIDA → детектор на нём обучен/проверен, НЕ независим",видео/фото есть,B (метки S2) / D (для N),"[нет | нет | да | снимок есть, счёта нет] N/площадь по полю — нет; 4ocean даёт массу уборки, не шт./км²",из сообщения можно только подтвердить факт скопления; счёта нет
MARIDA-ev-PH-51PTS-2019-05-18,"MARIDA Table 1 + S1 Table (Kikaki et al. 2022, PLoS ONE, PMC8740969; supplement pone.0262247.s001); источник события: соцсети (стоковое фото)",MARIDA CC-BY-4.0; материалы события — права владельцев,природный,море / устье,,"2019-05-18 (дата сообщения, не обязательно съёмки S2)","Sentinel-2, тайл 51PTS; сообщение — фото/видео с берега или лодки",https://www.dreamstime.com/manila-philippines-may-ocean-plastic-pollution-manila-bay-shore-manila-philippines-may-ocean-plastic-pollution-manila-bay-image149765103,сообщение очевидца / СМИ / уборка (без счёта),нет,смешанный мусор (по фото/видео),нет,,пиксели MD в MARIDA (разреженно),сцены MARIDA с этим тайлом (data/MARIDA/patches),,"в MARIDA → детектор на нём обучен/проверен, НЕ независим",видео/фото есть,B (метки S2) / D (для N),"[нет | нет | да | снимок есть, счёта нет] N/площадь по полю — нет; 4ocean даёт массу уборки, не шт./км²",из сообщения можно только подтвердить факт скопления; счёта нет
MARIDA-ev-PH-51PTS-2016-07-16,"MARIDA Table 1 + S1 Table (Kikaki et al. 2022, PLoS ONE, PMC8740969; supplement pone.0262247.s001); источник события: соцсети (блог)",MARIDA CC-BY-4.0; материалы события — права владельцев,природный,море / устье,,"2016-07-16 (дата сообщения, не обязательно съёмки S2)","Sentinel-2, тайл 51PTS; сообщение — фото/видео с берега или лодки",https://ichkaufnix.com/2016/07/16/der-plastikstrand-oder-wie-wir-uns-selbst-vergiften/,сообщение очевидца / СМИ / уборка (без счёта),нет,смешанный мусор (по фото/видео),нет,,пиксели MD в MARIDA (разреженно),сцены MARIDA с этим тайлом (data/MARIDA/patches),,"в MARIDA → детектор на нём обучен/проверен, НЕ независим",видео/фото есть,B (метки S2) / D (для N),"[нет | нет | да | снимок есть, счёта нет] N/площадь по полю — нет; 4ocean даёт массу уборки, не шт./км²",из сообщения можно только подтвердить факт скопления; счёта нет
MARIDA-ev-UK-30VWH-2018-04-20,"MARIDA Table 1 + S1 Table (Kikaki et al. 2022, PLoS ONE, PMC8740969; supplement pone.0262247.s001); источник события: Biermann et al. 2020",MARIDA CC-BY-4.0; материалы события — права владельцев,природный,море / устье,,"2018-04-20 (дата сообщения, не обязательно съёмки S2)","Sentinel-2, тайл 30VWH; сообщение — фото/видео с берега или лодки",,сообщение очевидца / СМИ / уборка (без счёта),нет,,нет,,пиксели MD в MARIDA (разреженно),сцены MARIDA с этим тайлом (data/MARIDA/patches),,"в MARIDA → детектор на нём обучен/проверен, НЕ независим",,B (метки S2) / D (для N),"[нет | нет | да | снимок есть, счёта нет] N/площадь по полю — нет; 4ocean даёт массу уборки, не шт./км²",—
MARIDA-ev-ZA-36JUN-2019-04-24,"MARIDA Table 1 + S1 Table (Kikaki et al. 2022, PLoS ONE, PMC8740969; supplement pone.0262247.s001); источник события: Biermann et al. 2020",MARIDA CC-BY-4.0; материалы события — права владельцев,природный,море / устье,,"2019-04-24 (дата сообщения, не обязательно съёмки S2)","Sentinel-2, тайл 36JUN; сообщение — фото/видео с берега или лодки",,сообщение очевидца / СМИ / уборка (без счёта),нет,,нет,,пиксели MD в MARIDA (разреженно),сцены MARIDA с этим тайлом (data/MARIDA/patches),,"в MARIDA → детектор на нём обучен/проверен, НЕ независим",,B (метки S2) / D (для N),"[нет | нет | да | снимок есть, счёта нет] N/площадь по полю — нет; 4ocean даёт массу уборки, не шт./км²",—
MARIDA-ev-KR-52SDD,"MARIDA Table 1 + S1 Table (Kikaki et al. 2022, PLoS ONE, PMC8740969; supplement pone.0262247.s001); источник события: Jang et al. 2014",MARIDA CC-BY-4.0; материалы события — права владельцев,природный,море / устье,,,"Sentinel-2, тайл 52SDD; сообщение — фото/видео с берега или лодки",,сообщение очевидца / СМИ / уборка (без счёта),нет,,нет,,пиксели MD в MARIDA (разреженно),сцены MARIDA с этим тайлом (data/MARIDA/patches),,"в MARIDA → детектор на нём обучен/проверен, НЕ независим",,B (метки S2) / D (для N),"[нет | нет | да | снимок есть, счёта нет] N/площадь по полю — нет; 4ocean даёт массу уборки, не шт./км²",—
MARIDA-ev-ID-48MXU-MYU,"MARIDA Table 1 + S1 Table (Kikaki et al. 2022, PLoS ONE, PMC8740969; supplement pone.0262247.s001); источник события: Cordova & Nurhati 2019",MARIDA CC-BY-4.0; материалы события — права владельцев,природный,море / устье,,,"Sentinel-2, тайл 48MXU/MYU; сообщение — фото/видео с берега или лодки",,сообщение очевидца / СМИ / уборка (без счёта),нет,,нет,,пиксели MD в MARIDA (разреженно),сцены MARIDA с этим тайлом (data/MARIDA/patches),,"в MARIDA → детектор на нём обучен/проверен, НЕ независим",,B (метки S2) / D (для N),"[нет | нет | да | снимок есть, счёта нет] N/площадь по полю — нет; 4ocean даёт массу уборки, не шт./км²",—
MARIDA-ev-CN-51RVQ,"MARIDA Table 1 + S1 Table (Kikaki et al. 2022, PLoS ONE, PMC8740969; supplement pone.0262247.s001); источник события: Zhao et al. 2019",MARIDA CC-BY-4.0; материалы события — права владельцев,природный,море / устье,,,"Sentinel-2, тайл 51RVQ; сообщение — фото/видео с берега или лодки",,сообщение очевидца / СМИ / уборка (без счёта),нет,,нет,,пиксели MD в MARIDA (разреженно),сцены MARIDA с этим тайлом (data/MARIDA/patches),,"в MARIDA → детектор на нём обучен/проверен, НЕ независим",,B (метки S2) / D (для N),"[нет | нет | да | снимок есть, счёта нет] N/площадь по полю — нет; 4ocean даёт массу уборки, не шт./км²",—
ADIS-x-Cozar2024,L121: сопоставление ADIS Segments.csv (21 444) × окна Cózar 2024 (14 374) по дате ±2 сут и расстоянию; скрипт out/l121_cases/adis_x_cozar.py,CC-BY-4.0 оба,природный,море,,ADIS 2019-11-23…2024-10-25; Cózar 2015-07-04…2021-09-17,,,,213 отрезков ADIS до конца каталога; в Средиземном море 0,,,,,ближайшая пара: RV Pelagia 23.11.2020 ↔ S2B T31TGH 22.11.2020 — 1 562 км,,,,D,[— | — | да | нет],природной пары «окно Cózar ↔ ADIS» нет; закрыто
Maathuis2026-Nederrijn,"Maathuis, Rußwurm, Bochow, van Emmerik 2026, Mar. Pollut. Bull. 119751, doi 10.1016/j.marpolbul.2026.119751; данные 4TU 3d24e304 (L113)",статья CC-BY-4.0; данные — по записи 4TU,искусственный,"берег реки (Недеррейн, NL)",,,"ASD, MAIA S2 (БПЛА-камера), Sentinel-2, PlanetScope SuperDove, EnMAP",,мишени: полиэстер 0.5–3 × 30 м; PET-бутылки 3×30 м (4 шт./м²) и 15×30 м (8 шт./м²),≈ 360 и ≈ 3 600 бутылок (расчёт: плотность × площадь; в статье — плотность),PET прозрачные бутылки; полиэстер,90 м² и 450 м²,шт./м²,полная (конструкция мишени),S2 7 дат (по L113),,не в MARIDA,S2: три крупнейших полотна обнаружены; PET-мишени (4 и 8 шт./м²) НЕ обнаружены,A*,"[нет | да | нет (река, берег) | да] только порог: 8 шт./м² = 8·10⁶ шт./км² на S2 не видно",в Q&A: даже 8·10⁶ шт./км² прозрачных бутылок S2 не видит (Maathuis 2026)
PerezGarcia2025-RiverHotspots,"Pérez-García et al. 2025, iScience 29:114570, doi 10.1016/j.isci.2025.114570 (PMC12828594); данные Mendeley 10.17632/tczwvtzmys.1; код github AmbarJade/plastics-hotspots-identification",статья CC-BY-4.0; данные — по записи Mendeley,природный (скопления в реке),"река (Citarum ID, Motagua GT, Odaw GH)",,,"PlanetScope (разметка) → Sentinel-2 (классификатор RF, GEE)",,ручные полигоны на PlanetScope; полевые данные — только для интерпретации,нет,,полигоны (площадь),пикс./полигоны,полигоны ROI на S2,,,не в MARIDA (реки),,"B (река, полигоны) / D (для N)",[нет | нет | нет (река) | сам спутник] сегментация речных пятен — возможно; шт. — нет,скачать полигоны Mendeley (малые) — если нужен речной негатив/позитив для S2
Hu2023-Katrina2005,"Hu et al. 2023, Environ. Sci. Technol., doi 10.1021/acs.est.3c01689 (PMC10357560)",,"природный (древесина, растения, возможно пластик)",море (сев. Мексиканский залив),"92.5–87.5W, 27.8–30.25N",2005-08-30 … 2005-09-19,"MODIS 250 м, MERIS, Landsat; авиафото вдоль берега",,спектроскопия + авиафото (частичная проверка),нет,,агрегированная площадь до 21.7 км² (31.08.2005),км² покрытия (≠ N),,,,,авиафото — коричневый цвет полос,"D (до S2, нет N)",[нет | нет | да | нет],"пример «площадь ≠ N» для речи, не данные"
Tisza2023-riverine-S2,"ESPR 2023, doi 10.1007/s11356-023-27068-0 (PMC10202999)",,природный (смесь),"река (Тиса, HU)",,,Google Earth VHR (разметка) → Sentinel-2,,пятна по VHR,нет,,,,,,,,,"D (для N) / B (пятна, по статье)",[нет | нет | нет | сам спутник],—
HydroTank2024,"Sci Rep 2024, doi 10.1038/s41598-024-74332-5 (PMC11522325)",,искусственный (бассейн),бассейн с волнами,,,,,контролируемые концентрации,порог 1 шт./м² (микроволны X/Ku),,,"шт./м², г/м²",,,,,,"D (не спутник, не природа)",—,—
