measurement_profile,target_scope,rows,events,conc_known,zeros,area_known,numerator_known,time_known,median,p90,max,date_min,date_max
S1_aerial_GT50,plastic_category,81,30,81,2,81,81,0,0.377898993079,1.51026916961,5.11329935072,2016-10-02,2016-10-06
S1_aerial_GT50,total_plastic,16,16,1,1,16,1,0,0.0,0.0,0.0,2016-10-02,2016-10-06
S1_trawl_5_to_50,total_plastic,83,83,83,0,83,0,83,633.666764,1412.1762442,2209.120417,2015-07-25,2015-08-18
S1_trawl_GT5_F,plastic_category,6,6,6,0,6,6,6,16.580689459749998,23.65167996705,24.761756691,2015-08-01,2015-08-17
S1_trawl_GT5_H,plastic_category,70,70,70,0,70,70,70,346.78275164800004,1039.535468638,1425.1197968,2015-07-25,2015-08-17
S1_trawl_GT5_N,plastic_category,94,94,94,0,94,94,94,203.71238533500002,648.8243864939002,1745.14809941,2015-07-27,2015-08-18
S2_visual_GT2,plastic_category,70,63,70,0,70,70,70,31.74063546195,98.86596499861,222.699113253,2015-04-01,2015-04-26
S2_visual_GT2,total_plastic,63,63,63,0,63,63,63,36.0923965351,100.28970201058002,222.699113253,2015-04-01,2015-04-26
S3_visual_GT2,all_litter,41,41,41,0,41,41,41,29.5,52.3,195.1,2014-04-03,2016-04-10
S3_visual_GT2,fisheries_litter_category,41,41,41,35,41,41,41,0.0,4.745,13.247,2014-04-03,2016-04-10
S4_visual_GT2_5,all_litter,33,33,33,0,0,0,0,224.92,597.874,976.01,2024-06-02,2024-06-18
