theirs,tiles,dates,bbox,n_scene,n_tile,n_date,n_bbox,n_identical,n_content,n_phash
<путь к данным>\fire-monitoring\data\train\bs\sentinel2_post\BS_tr_000001_Sentinel-2_post.tif,,,"[44.88491, 48.53705, 45.02389, 48.62923]",0,0,0,1,0,0,0
<путь к данным>\fire-monitoring\data\train\bs\sentinel2_post\BS_tr_000002_Sentinel-2_post.tif,,,"[44.62691, 45.77215, 44.75923, 45.86467]",0,0,0,1,0,0,0
<путь к данным>\fire-monitoring\data\train\bs\sentinel2_post\BS_tr_000003_Sentinel-2_post.tif,,,"[47.11156, 48.69936, 47.25475, 48.79405]",0,0,0,1,0,0,0
<путь к данным>\fire-monitoring\data\train\bs\sentinel2_post\BS_tr_000004_Sentinel-2_post.tif,,,"[46.5411, 48.24847, 46.68201, 48.3425]",0,0,0,1,0,0,0
<путь к данным>\fire-monitoring\data\train\bs\sentinel2_post\BS_tr_000005_Sentinel-2_post.tif,,,"[44.75474, 46.69409, 44.88909, 46.78645]",0,0,0,1,0,0,0
<путь к данным>\fire-monitoring\data\train\bs\sentinel2_post\BS_tr_000006_Sentinel-2_post.tif,,,"[41.40419, 46.0211, 41.54059, 46.11604]",0,0,0,1,0,0,0
<путь к данным>\fire-monitoring\data\train\bs\sentinel2_post\BS_tr_000007_Sentinel-2_post.tif,,,"[42.83636, 47.68761, 42.97654, 47.78218]",0,0,0,1,0,0,0
<путь к данным>\fire-monitoring\data\train\bs\sentinel2_post\BS_tr_000008_Sentinel-2_post.tif,,,"[43.09609, 48.06075, 43.23686, 48.15503]",0,0,0,1,0,0,0
<путь к данным>\fire-monitoring\data\train\bs\sentinel2_post\BS_tr_000009_Sentinel-2_post.tif,,,"[40.10954, 47.42476, 40.24746, 47.51828]",0,0,0,1,0,0,0
<путь к данным>\fire-monitoring\data\train\bs\sentinel2_post\BS_tr_000010_Sentinel-2_post.tif,,,"[44.16069, 50.28415, 44.30603, 50.37718]",0,0,0,1,0,0,0
<путь к данным>\fire-monitoring\data\train\bs\sentinel2_post\BS_tr_000011_Sentinel-2_post.tif,,,"[42.67921, 48.14525, 42.82092, 48.24]",0,0,0,1,0,0,0
<путь к данным>\fire-monitoring\data\train\bs\sentinel2_post\BS_tr_000012_Sentinel-2_post.tif,,,"[40.44794, 49.81577, 40.59326, 49.9097]",0,0,0,1,0,0,0
<путь к данным>\fire-monitoring\data\train\bs\sentinel2_post\BS_tr_000013_Sentinel-2_post.tif,,,"[40.29826, 49.54141, 40.44248, 49.63516]",0,0,0,1,0,0,0
<путь к данным>\fire-monitoring\data\train\bs\sentinel2_post\BS_tr_000014_Sentinel-2_post.tif,,,"[40.9944, 49.25431, 41.13902, 49.34888]",0,0,0,1,0,0,0
<путь к данным>\fire-monitoring\data\train\bs\sentinel2_post\BS_tr_000015_Sentinel-2_post.tif,,,"[46.52474, 47.69592, 46.66409, 47.78991]",0,0,0,1,0,0,0
<путь к данным>\fire-monitoring\data\train\bs\sentinel2_post\BS_tr_000016_Sentinel-2_post.tif,,,"[45.86239, 48.90123, 46.00394, 48.99446]",0,0,0,1,0,0,0
<путь к данным>\fire-monitoring\data\train\bs\sentinel2_post\BS_tr_000017_Sentinel-2_post.tif,,,"[44.04768, 48.71743, 44.18862, 48.8106]",0,0,0,1,0,0,0
<путь к данным>\fire-monitoring\data\train\bs\sentinel2_post\BS_tr_000018_Sentinel-2_post.tif,,,"[46.95471, 48.24169, 47.09631, 48.33619]",0,0,0,1,0,0,0
<путь к данным>\fire-monitoring\data\train\bs\sentinel2_post\BS_tr_000019_Sentinel-2_post.tif,,,"[42.4796, 46.57453, 42.61739, 46.66946]",0,0,0,1,0,0,0
<путь к данным>\fire-monitoring\data\train\bs\sentinel2_post\BS_tr_000020_Sentinel-2_post.tif,,,"[43.78431, 48.07007, 43.92391, 48.16355]",0,0,0,1,0,0,0
<путь к данным>\fire-monitoring\data\train\bs\sentinel2_post\BS_tr_000021_Sentinel-2_post.tif,,,"[40.56658, 49.07719, 40.70991, 49.17126]",0,0,0,1,0,0,0
<путь к данным>\fire-monitoring\data\train\bs\sentinel2_post\BS_tr_000022_Sentinel-2_post.tif,,,"[44.20023, 47.88944, 44.33862, 47.98243]",0,0,0,1,0,0,0
<путь к данным>\fire-monitoring\data\train\bs\sentinel2_post\BS_tr_000023_Sentinel-2_post.tif,,,"[42.44466, 47.31099, 42.58446, 47.40598]",0,0,0,1,0,0,0
<путь к данным>\fire-monitoring\data\train\bs\sentinel2_post\BS_tr_000024_Sentinel-2_post.tif,,,"[42.8816, 49.8995, 43.02814, 49.99405]",0,0,0,1,0,0,0
<путь к данным>\fire-monitoring\data\train\bs\sentinel2_post\BS_tr_000025_Sentinel-2_post.tif,,,"[46.16332, 49.81932, 46.30812, 49.91292]",0,0,0,1,0,0,0
<путь к данным>\fire-monitoring\data\train\bs\sentinel2_post\BS_tr_000026_Sentinel-2_post.tif,,,"[41.98555, 45.82528, 42.12219, 45.92072]",0,0,0,1,0,0,0
<путь к данным>\fire-monitoring\data\train\bs\sentinel2_post\BS_tr_000027_Sentinel-2_post.tif,,,"[39.15776, 46.97043, 39.29288, 47.06284]",0,0,0,1,0,0,0
<путь к данным>\fire-monitoring\data\train\bs\sentinel2_post\BS_tr_000028_Sentinel-2_post.tif,,,"[46.15457, 49.451, 46.29826, 49.54458]",0,0,0,1,0,0,0
<путь к данным>\fire-monitoring\data\train\bs\sentinel2_post\BS_tr_000029_Sentinel-2_post.tif,,,"[41.4082, 46.11317, 41.54484, 46.20812]",0,0,0,1,0,0,0
<путь к данным>\fire-monitoring\data\train\bs\sentinel2_post\BS_tr_000030_Sentinel-2_post.tif,,,"[42.07851, 46.56501, 42.2169, 46.66038]",0,0,0,1,0,0,0
<путь к данным>\fire-monitoring\data\train\bs\sentinel2_post\BS_tr_000031_Sentinel-2_post.tif,,,"[39.42625, 46.87729, 39.5616, 46.97001]",0,0,0,1,0,0,0
<путь к данным>\fire-monitoring\data\train\bs\sentinel2_post\BS_tr_000032_Sentinel-2_post.tif,,,"[40.95823, 48.33375, 41.10009, 48.42826]",0,0,0,1,0,0,0
<путь к данным>\fire-monitoring\data\train\bs\sentinel2_post\BS_tr_000033_Sentinel-2_post.tif,,,"[38.61731, 47.15446, 38.75305, 47.24698]",0,0,0,1,0,0,0
<путь к данным>\fire-monitoring\data\train\bs\sentinel2_post\BS_tr_000034_Sentinel-2_post.tif,,,"[40.11148, 47.51688, 40.24965, 47.6104]",0,0,0,1,0,0,0
<путь к данным>\fire-monitoring\data\train\bs\sentinel2_post\BS_tr_000035_Sentinel-2_post.tif,,,"[40.84349, 48.98065, 40.98702, 49.07504]",0,0,0,1,0,0,0
<путь к данным>\fire-monitoring\data\train\bs\sentinel2_post\BS_tr_000036_Sentinel-2_post.tif,,,"[46.01331, 49.45249, 46.15674, 49.54591]",0,0,0,1,0,0,0
<путь к данным>\fire-monitoring\data\train\bs\sentinel2_post\BS_tr_000037_Sentinel-2_post.tif,,,"[39.86081, 48.80913, 40.00209, 48.90236]",0,0,0,1,0,0,0
<путь к данным>\fire-monitoring\data\train\bs\sentinel2_post\BS_tr_000038_Sentinel-2_post.tif,,,"[42.3943, 48.32344, 42.537, 48.41852]",0,0,0,1,0,0,0
<путь к данным>\fire-monitoring\data\train\bs\sentinel2_post\BS_tr_000039_Sentinel-2_post.tif,,,"[38.88852, 46.8786, 39.02314, 46.97081]",0,0,0,1,0,0,0
<путь к данным>\fire-monitoring\data\train\bs\sentinel2_post\BS_tr_000040_Sentinel-2_post.tif,,,"[40.35751, 46.50033, 40.49345, 46.59412]",0,0,0,1,0,0,0
<путь к данным>\fire-monitoring\data\train\bs\sentinel2_post\BS_tr_000041_Sentinel-2_post.tif,,,"[43.65623, 47.7001, 43.79505, 47.79373]",0,0,0,1,0,0,0
<путь к данным>\fire-monitoring\data\train\bs\sentinel2_post\BS_tr_000042_Sentinel-2_post.tif,,,"[41.50145, 48.1383, 41.64369, 48.23342]",0,0,0,1,0,0,0
<путь к данным>\fire-monitoring\data\train\bs\sentinel2_post\BS_tr_000043_Sentinel-2_post.tif,,,"[42.03285, 47.39325, 42.17355, 47.4887]",0,0,0,1,0,0,0
<путь к данным>\fire-monitoring\data\train\bs\sentinel2_post\BS_tr_000044_Sentinel-2_post.tif,,,"[46.28384, 48.98891, 46.4264, 49.08265]",0,0,0,1,0,0,0
<путь к данным>\fire-monitoring\data\train\bs\sentinel2_post\BS_tr_000045_Sentinel-2_post.tif,,,"[41.14302, 49.43569, 41.28844, 49.53044]",0,0,0,1,0,0,0
<путь к данным>\fire-monitoring\data\train\bs\sentinel2_post\BS_tr_000046_Sentinel-2_post.tif,,,"[39.71482, 48.34969, 39.85456, 48.44275]",0,0,0,1,0,0,0
<путь к данным>\fire-monitoring\data\train\bs\sentinel2_post\BS_tr_000047_Sentinel-2_post.tif,,,"[43.35358, 48.6175, 43.49546, 48.71149]",0,0,0,1,0,0,0
<путь к данным>\fire-monitoring\data\train\bs\sentinel2_post\BS_tr_000048_Sentinel-2_post.tif,,,"[40.87122, 49.71708, 41.01701, 49.81151]",0,0,0,1,0,0,0
<путь к данным>\fire-monitoring\data\train\bs\sentinel2_post\BS_tr_000049_Sentinel-2_post.tif,,,"[40.41082, 48.52668, 40.55228, 48.62055]",0,0,0,1,0,0,0
<путь к данным>\fire-monitoring\data\train\bs\sentinel2_post\BS_tr_000050_Sentinel-2_post.tif,,,"[44.18112, 49.08692, 44.32287, 49.17993]",0,0,0,1,0,0,0
<путь к данным>\fire-monitoring\data\train\bs\sentinel2_post\BS_tr_000051_Sentinel-2_post.tif,,,"[39.71741, 48.53392, 39.85767, 48.62698]",0,0,0,1,0,0,0
<путь к данным>\fire-monitoring\data\train\bs\sentinel2_post\BS_tr_000052_Sentinel-2_post.tif,,,"[40.01713, 49.63667, 40.16111, 49.73009]",0,0,0,1,0,0,0
<путь к данным>\fire-monitoring\data\train\bs\sentinel2_post\BS_tr_000053_Sentinel-2_post.tif,,,"[41.475, 47.58608, 41.61565, 47.68115]",0,0,0,1,0,0,0
<путь к данным>\fire-monitoring\data\train\bs\sentinel2_post\BS_tr_000054_Sentinel-2_post.tif,,,"[45.31039, 50.00999, 45.45417, 50.10256]",0,0,0,1,0,1,1
<путь к данным>\fire-monitoring\data\train\bs\sentinel2_post\BS_tr_000055_Sentinel-2_post.tif,,,"[45.16684, 49.82626, 45.3098, 49.91866]",0,0,0,1,0,0,0
<путь к данным>\fire-monitoring\data\train\bs\sentinel2_post\BS_tr_000056_Sentinel-2_post.tif,,,"[43.6633, 47.42376, 43.80138, 47.51738]",0,0,0,1,0,0,0
<путь к данным>\fire-monitoring\data\train\bs\sentinel2_post\BS_tr_000057_Sentinel-2_post.tif,,,"[42.69978, 47.68496, 42.84017, 47.77968]",0,0,0,1,0,0,0
<путь к данным>\fire-monitoring\data\train\bs\sentinel2_post\BS_tr_000058_Sentinel-2_post.tif,,,"[40.64103, 47.04918, 40.77886, 47.1433]",0,0,0,1,0,0,1
<путь к данным>\fire-monitoring\data\train\bs\sentinel2_post\BS_tr_000059_Sentinel-2_post.tif,,,"[39.43605, 48.07504, 39.57455, 48.16777]",0,0,0,1,0,0,0
<путь к данным>\fire-monitoring\data\train\bs\sentinel2_post\BS_tr_000060_Sentinel-2_post.tif,,,"[45.59282, 49.73224, 45.7363, 49.82515]",0,0,0,1,0,0,0
<путь к данным>\fire-monitoring\data\train\bs\sentinel2_post\BS_tr_000061_Sentinel-2_post.tif,,,"[43.90421, 48.9004, 44.04593, 48.99374]",0,0,0,1,0,0,0
<путь к данным>\fire-monitoring\data\train\bs\sentinel2_post\BS_tr_000062_Sentinel-2_post.tif,,,"[43.30673, 49.99857, 43.4528, 50.09263]",0,0,0,1,0,0,0
<путь к данным>\fire-monitoring\data\train\bs\sentinel2_post\BS_tr_000063_Sentinel-2_post.tif,,,"[40.97971, 48.88611, 41.12321, 48.98065]",0,0,0,1,0,0,0
<путь к данным>\fire-monitoring\data\train\bs\sentinel2_post\BS_tr_000064_Sentinel-2_post.tif,,,"[40.87843, 46.12373, 41.01426, 46.21809]",0,0,0,1,0,0,0
<путь к данным>\fire-monitoring\data\train\bs\sentinel2_post\BS_tr_000065_Sentinel-2_post.tif,,,"[41.23841, 48.42043, 41.38101, 48.51526]",0,0,0,1,0,0,0
<путь к данным>\fire-monitoring\data\train\bs\sentinel2_post\BS_tr_000066_Sentinel-2_post.tif,,,"[43.87489, 50.18964, 44.02048, 50.28302]",0,0,0,1,0,0,0
<путь к данным>\fire-monitoring\data\train\bs\sentinel2_post\BS_tr_000067_Sentinel-2_post.tif,,,"[40.72273, 49.53535, 40.86769, 49.6296]",0,0,0,1,0,0,0
<путь к данным>\fire-monitoring\data\train\bs\sentinel2_post\BS_tr_000068_Sentinel-2_post.tif,,,"[43.56242, 51.01507, 43.71121, 51.10883]",0,0,0,1,0,0,0
<путь к данным>\fire-monitoring\data\train\bs\sentinel2_post\BS_tr_000069_Sentinel-2_post.tif,,,"[40.16111, 49.72724, 40.30564, 49.82084]",0,0,0,1,0,0,0
<путь к данным>\fire-monitoring\data\train\bs\sentinel2_post\BS_tr_000070_Sentinel-2_post.tif,,,"[42.82286, 51.18786, 42.97363, 51.28251]",0,0,0,1,0,0,0
<путь к данным>\fire-monitoring\data\train\bs\sentinel2_post\BS_tr_000071_Sentinel-2_post.tif,,,"[40.64671, 47.23339, 40.78503, 47.32751]",0,0,0,1,0,0,0
<путь к данным>\fire-monitoring\data\train\bs\sentinel2_post\BS_tr_000072_Sentinel-2_post.tif,,,"[42.93624, 48.6108, 43.07884, 48.70527]",0,0,0,1,0,0,0
<путь к данным>\fire-monitoring\data\train\bs\sentinel2_post\BS_tr_000073_Sentinel-2_post.tif,,,"[43.57929, 50.46271, 43.72628, 50.55645]",0,0,0,1,0,0,0
<путь к данным>\fire-monitoring\data\train\bs\sentinel2_post\BS_tr_000074_Sentinel-2_post.tif,,,"[42.43571, 47.49509, 42.57602, 47.5901]",0,0,0,1,0,0,0
<путь к данным>\fire-monitoring\data\train\bs\sentinel2_post\BS_tr_000075_Sentinel-2_post.tif,,,"[41.24246, 48.51248, 41.38533, 48.60731]",0,0,0,1,0,0,0
<путь к данным>\fire-monitoring\data\train\bs\sentinel2_post\BS_tr_000076_Sentinel-2_post.tif,,,"[47.01701, 49.80656, 47.16334, 49.90117]",0,0,0,1,0,0,0
<путь к данным>\fire-monitoring\data\train\bs\sentinel2_post\BS_tr_000077_Sentinel-2_post.tif,,,"[43.53908, 51.75145, 43.69035, 51.84524]",0,0,0,1,0,0,0
<путь к данным>\fire-monitoring\data\train\bs\sentinel2_post\BS_tr_000078_Sentinel-2_post.tif,,,"[41.82215, 48.95966, 41.96733, 49.05517]",0,0,0,1,0,0,0
<путь к данным>\fire-monitoring\data\train\bs\sentinel2_post\BS_tr_000079_Sentinel-2_post.tif,,,"[44.59505, 50.01017, 44.73873, 50.10268]",0,0,0,1,0,0,0
<путь к данным>\fire-monitoring\data\train\bs\sentinel2_post\BS_tr_000080_Sentinel-2_post.tif,,,"[42.21044, 49.14835, 42.35588, 49.24366]",0,0,0,1,0,0,0
<путь к данным>\fire-monitoring\data\train\bs\sentinel2_post\BS_tr_000081_Sentinel-2_post.tif,,,"[42.4623, 46.94277, 42.60109, 47.03774]",0,0,0,1,0,0,0
<путь к данным>\fire-monitoring\data\train\bs\sentinel2_post\BS_tr_000082_Sentinel-2_post.tif,,,"[45.29752, 47.89139, 45.43528, 47.98396]",0,0,0,1,0,0,0
<путь к данным>\fire-monitoring\data\train\bs\sentinel2_post\BS_tr_000083_Sentinel-2_post.tif,,,"[40.87477, 49.80912, 41.02085, 49.90356]",0,0,0,1,0,0,0
<путь к данным>\fire-monitoring\data\train\bs\sentinel2_post\BS_tr_000084_Sentinel-2_post.tif,,,"[42.3056, 49.9797, 42.45342, 50.07493]",0,0,0,1,0,0,0
<путь к данным>\fire-monitoring\data\train\bs\sentinel2_post\BS_tr_000085_Sentinel-2_post.tif,,,"[45.16025, 47.79969, 45.29752, 47.8921]",0,0,0,1,0,0,0
<путь к данным>\fire-monitoring\data\train\bs\sentinel2_post\BS_tr_000086_Sentinel-2_post.tif,,,"[44.74071, 49.55007, 44.88276, 49.64241]",0,0,0,1,0,0,0
<путь к данным>\fire-monitoring\data\train\bs\sentinel2_post\BS_tr_000087_Sentinel-2_post.tif,,,"[46.29583, 49.44933, 46.43976, 49.54308]",0,0,0,1,0,0,0
<путь к данным>\fire-monitoring\data\train\bs\sentinel2_post\BS_tr_000088_Sentinel-2_post.tif,,,"[44.33269, 48.2588, 44.47184, 48.35164]",0,0,0,1,0,0,0
<путь к данным>\fire-monitoring\data\train\bs\sentinel2_post\BS_tr_000089_Sentinel-2_post.tif,,,"[43.21118, 48.70751, 43.35358, 48.80166]",0,0,0,1,0,0,0
<путь к данным>\fire-monitoring\data\train\bs\sentinel2_post\BS_tr_000090_Sentinel-2_post.tif,,,"[44.60262, 49.08913, 44.7436, 49.18164]",0,0,0,1,0,0,0
<путь к данным>\fire-monitoring\data\train\bs\sentinel2_post\BS_tr_000091_Sentinel-2_post.tif,,,"[41.7375, 47.39551, 41.87806, 47.49087]",0,0,0,1,0,0,0
<путь к данным>\fire-monitoring\data\train\bs\sentinel2_post\BS_tr_000092_Sentinel-2_post.tif,,,"[41.06308, 47.50258, 41.20282, 47.59718]",0,0,0,1,0,0,0
<путь к данным>\fire-monitoring\data\train\bs\sentinel2_post\BS_tr_000093_Sentinel-2_post.tif,,,"[42.97297, 47.6901, 43.11292, 47.78451]",0,0,0,1,0,0,0
<путь к данным>\fire-monitoring\data\train\bs\sentinel2_post\BS_tr_000094_Sentinel-2_post.tif,,,"[46.55511, 48.70889, 46.69735, 48.80294]",0,0,0,1,0,0,0
<путь к данным>\fire-monitoring\data\train\bs\sentinel2_post\BS_tr_000095_Sentinel-2_post.tif,,,"[47.08507, 48.05498, 47.22637, 48.14962]",0,0,0,1,0,0,1
<путь к данным>\fire-monitoring\data\train\bs\sentinel2_post\BS_tr_000096_Sentinel-2_post.tif,,,"[44.48818, 46.50891, 44.62252, 46.60158]",0,0,0,1,0,0,0
<путь к данным>\fire-monitoring\data\train\bs\sentinel2_post\BS_tr_000097_Sentinel-2_post.tif,,,"[43.61408, 49.26576, 43.75738, 49.35944]",0,0,0,1,0,0,0
<путь к данным>\fire-monitoring\data\train\bs\sentinel2_post\BS_tr_000098_Sentinel-2_post.tif,,,"[39.56847, 47.61364, 39.70596, 47.70653]",0,0,0,1,0,0,0
<путь к данным>\fire-monitoring\data\train\bs\sentinel2_post\BS_tr_000099_Sentinel-2_post.tif,,,"[42.24018, 46.01603, 42.3769, 46.11121]",0,0,0,1,0,0,0
<путь к данным>\fire-monitoring\data\train\bs\sentinel2_post\BS_tr_000100_Sentinel-2_post.tif,,,"[43.9334, 47.51872, 44.07126, 47.61203]",0,0,0,1,0,0,0
<путь к данным>\fire-monitoring\data\train\bs\sentinel2_post\BS_tr_000101_Sentinel-2_post.tif,,,"[42.59282, 47.03774, 42.73164, 47.13256]",0,0,0,1,0,0,0
<путь к данным>\fire-monitoring\data\train\bs\sentinel2_post\BS_tr_000102_Sentinel-2_post.tif,,,"[39.57148, 47.89003, 39.70972, 47.98292]",0,0,0,1,0,0,0
<путь к данным>\fire-monitoring\data\train\bs\sentinel2_post\BS_tr_000103_Sentinel-2_post.tif,,,"[43.04761, 45.66396, 43.1822, 45.75825]",0,0,0,1,0,0,0
<путь к данным>\fire-monitoring\data\train\bs\sentinel2_post\BS_tr_000104_Sentinel-2_post.tif,,,"[41.19513, 47.40783, 41.33483, 47.50258]",0,0,0,1,0,0,0
<путь к данным>\fire-monitoring\data\train\bs\sentinel2_post\BS_tr_000105_Sentinel-2_post.tif,,,"[40.24529, 47.42321, 40.38343, 47.51688]",0,0,0,1,0,0,0
<путь к данным>\fire-monitoring\data\train\bs\sentinel2_post\BS_tr_000106_Sentinel-2_post.tif,,,"[46.40826, 48.43459, 46.54946, 48.52846]",0,0,0,1,0,0,0
<путь к данным>\fire-monitoring\data\train\bs\sentinel2_post\BS_tr_000107_Sentinel-2_post.tif,,,"[44.74168, 49.36586, 44.8832, 49.4582]",0,0,0,1,0,0,0
<путь к данным>\fire-monitoring\data\train\bs\sentinel2_post\BS_tr_000108_Sentinel-2_post.tif,,,"[40.42905, 49.17126, 40.5724, 49.26517]",0,0,0,1,0,0,0
<путь к данным>\fire-monitoring\data\train\bs\sentinel2_post\BS_tr_000109_Sentinel-2_post.tif,,,"[46.15674, 49.54308, 46.30071, 49.63667]",0,0,0,1,0,0,0
<путь к данным>\fire-monitoring\data\train\bs\sentinel2_post\BS_tr_000110_Sentinel-2_post.tif,,,"[41.51953, 48.50641, 41.66285, 48.60156]",0,0,0,1,0,0,0
<путь к данным>\fire-monitoring\data\train\bs\sentinel2_post\BS_tr_000111_Sentinel-2_post.tif,,,"[47.88645, 50.06343, 48.03515, 50.15906]",0,0,0,1,0,0,0
<путь к данным>\fire-monitoring\data\train\bs\sentinel2_post\BS_tr_000112_Sentinel-2_post.tif,,,"[43.33836, 49.0779, 43.4816, 49.17191]",0,0,0,1,0,0,0
<путь к данным>\fire-monitoring\data\train\bs\sentinel2_post\BS_tr_000113_Sentinel-2_post.tif,,,"[39.1583, 47.15472, 39.29389, 47.24713]",0,0,0,1,0,0,0
<путь к данным>\fire-monitoring\data\train\bs\sentinel2_post\BS_tr_000114_Sentinel-2_post.tif,,,"[46.12333, 48.06956, 46.26302, 48.16309]",0,0,0,1,0,0,0
<путь к данным>\fire-monitoring\data\train\bs\sentinel2_post\BS_tr_000115_Sentinel-2_post.tif,,,"[43.61149, 49.35784, 43.75506, 49.45153]",0,0,0,1,0,0,0
<путь к данным>\fire-monitoring\data\train\bs\sentinel2_post\BS_tr_000116_Sentinel-2_post.tif,,,"[43.48996, 48.71149, 43.63188, 48.80532]",0,0,0,1,0,0,0
<путь к данным>\fire-monitoring\data\train\bs\sentinel2_post\BS_tr_000117_Sentinel-2_post.tif,,,"[47.11931, 48.88345, 47.26304, 48.97816]",0,0,0,1,0,0,0
<путь к данным>\fire-monitoring\data\train\bs\sentinel2_post\BS_tr_000118_Sentinel-2_post.tif,,,"[42.50492, 46.0221, 42.64125, 46.11699]",0,0,0,1,0,0,0
<путь к данным>\fire-monitoring\data\train\bs\sentinel2_post\BS_tr_000119_Sentinel-2_post.tif,,,"[41.27959, 46.20812, 41.41626, 46.30293]",0,0,0,1,0,0,0
<путь к данным>\fire-monitoring\data\train\bs\sentinel2_post\BS_tr_000120_Sentinel-2_post.tif,,,"[42.80517, 48.42412, 42.94746, 48.51874]",0,0,0,1,0,0,0
<путь к данным>\fire-monitoring\data\train\bs\sentinel2_post\BS_tr_000121_Sentinel-2_post.tif,,,"[43.93897, 47.24235, 44.0761, 47.33565]",0,0,0,1,0,0,0
<путь к данным>\fire-monitoring\data\train\bs\sentinel2_post\BS_tr_000122_Sentinel-2_post.tif,,,"[44.60697, 48.53644, 44.7464, 48.62895]",0,0,0,1,0,0,0
<путь к данным>\fire-monitoring\data\train\bs\sentinel2_post\BS_tr_000123_Sentinel-2_post.tif,,,"[41.14335, 46.11876, 41.27959, 46.21341]",0,0,0,1,0,0,0
<путь к данным>\fire-monitoring\data\train\bs\sentinel2_post\BS_tr_000124_Sentinel-2_post.tif,,,"[41.02103, 46.3976, 41.15778, 46.49213]",0,0,0,1,0,0,0
<путь к данным>\fire-monitoring\data\train\bs\sentinel2_post\BS_tr_000125_Sentinel-2_post.tif,,,"[41.14693, 46.21084, 41.28341, 46.30551]",0,0,0,1,0,0,0
<путь к данным>\fire-monitoring\data\train\bs\sentinel2_post\BS_tr_000126_Sentinel-2_post.tif,,,"[44.19737, 48.07368, 44.33627, 48.16668]",0,0,0,1,0,0,0
<путь к данным>\fire-monitoring\data\train\bs\sentinel2_post\BS_tr_000127_Sentinel-2_post.tif,,,"[42.20743, 46.66038, 42.34588, 46.75562]",0,0,0,1,0,0,0
<путь к данным>\fire-monitoring\data\train\bs\sentinel2_post\BS_tr_000128_Sentinel-2_post.tif,,,"[41.53637, 46.01809, 41.67297, 46.11317]",0,0,0,1,0,0,0
<путь к данным>\fire-monitoring\data\train\bs\sentinel2_post\BS_tr_000129_Sentinel-2_post.tif,,,"[41.80532, 46.10365, 41.94255, 46.19903]",0,0,0,1,0,0,0
<путь к данным>\fire-monitoring\data\train\bs\sentinel2_post\BS_tr_000130_Sentinel-2_post.tif,,,"[40.91383, 47.13677, 41.05234, 47.2312]",0,0,0,1,0,0,0
<путь к данным>\fire-monitoring\data\train\bs\sentinel2_post\BS_tr_000131_Sentinel-2_post.tif,,,"[40.51674, 47.41962, 40.65534, 47.5136]",0,0,0,1,0,0,0
<путь к данным>\fire-monitoring\data\train\bs\sentinel2_post\BS_tr_000132_Sentinel-2_post.tif,,,"[43.10288, 47.87659, 43.24312, 47.97086]",0,0,0,1,0,0,0
<путь к данным>\fire-monitoring\data\train\bs\sentinel2_post\BS_tr_000133_Sentinel-2_post.tif,,,"[43.78648, 47.97796, 43.92583, 48.07143]",0,0,0,1,0,0,0
<путь к данным>\fire-monitoring\data\train\bs\sentinel2_post\BS_tr_000134_Sentinel-2_post.tif,,,"[43.10624, 47.78451, 43.24623, 47.87877]",0,0,0,1,0,0,0
<путь к данным>\fire-monitoring\data\train\bs\sentinel2_post\BS_tr_000135_Sentinel-2_post.tif,,,"[39.02354, 47.8921, 39.16082, 47.98434]",0,0,0,1,0,0,0
<путь к данным>\fire-monitoring\data\train\bs\sentinel2_post\BS_tr_000136_Sentinel-2_post.tif,,,"[43.08924, 48.24491, 43.23054, 48.3392]",0,0,0,1,0,0,0
<путь к данным>\fire-monitoring\data\train\bs\sentinel2_post\BS_tr_000137_Sentinel-2_post.tif,,,"[42.67503, 48.2373, 42.81701, 48.33206]",0,0,0,1,0,0,0
<путь к данным>\fire-monitoring\data\train\bs\sentinel2_post\BS_tr_000138_Sentinel-2_post.tif,,,"[43.04116, 45.84819, 43.17621, 45.94249]",0,0,0,1,0,0,0
<путь к данным>\fire-monitoring\data\train\bs\sentinel2_post\BS_tr_000139_Sentinel-2_post.tif,,,"[40.86069, 49.44093, 41.00562, 49.53535]",0,0,0,1,0,0,0
<путь к данным>\fire-monitoring\data\train\bs\sentinel2_post\BS_tr_000140_Sentinel-2_post.tif,,,"[43.55737, 46.31666, 43.69276, 46.4104]",0,0,0,1,0,0,0
<путь к данным>\fire-monitoring\data\train\bs\sentinel2_post\BS_tr_000141_Sentinel-2_post.tif,,,"[40.85721, 49.34888, 41.00186, 49.44329]",0,0,0,1,0,0,0
<путь к данным>\fire-monitoring\data\train\bs\sentinel2_post\BS_tr_000142_Sentinel-2_post.tif,,,"[40.7036, 48.98297, 40.84689, 49.07719]",0,0,0,1,0,0,0
<путь к данным>\fire-monitoring\data\train\bs\sentinel2_post\BS_tr_000143_Sentinel-2_post.tif,,,"[40.28621, 49.081, 40.42905, 49.17474]",0,0,0,1,0,0,0
<путь к данным>\fire-monitoring\data\train\bs\sentinel2_post\BS_tr_000144_Sentinel-2_post.tif,,,"[39.42772, 47.06157, 39.56354, 47.1543]",0,0,0,1,0,0,0
<путь к данным>\fire-monitoring\data\train\bs\sentinel2_post\BS_tr_000145_Sentinel-2_post.tif,,,"[42.53441, 51.09006, 42.6854, 51.18505]",0,0,0,1,0,0,0
<путь к данным>\fire-monitoring\data\train\bs\sentinel2_post\BS_tr_000146_Sentinel-2_post.tif,,,"[46.66116, 47.69386, 46.80074, 47.78801]",0,0,0,1,0,0,0
<путь к данным>\fire-monitoring\data\train\bs\sentinel2_post\BS_tr_000147_Sentinel-2_post.tif,,,"[45.73911, 50.00752, 45.88369, 50.10061]",0,0,0,1,0,0,0
<путь к данным>\fire-monitoring\data\train\bs\sentinel2_post\BS_tr_000148_Sentinel-2_post.tif,,,"[42.39324, 50.9949, 42.54418, 51.09006]",0,0,0,1,0,0,0
<путь к данным>\fire-monitoring\data\train\bs\sentinel2_post\BS_tr_000149_Sentinel-2_post.tif,,,"[45.1659, 49.54995, 45.30804, 49.64235]",0,0,0,1,0,0,0
<путь к данным>\fire-monitoring\data\train\bs\sentinel2_post\BS_tr_000150_Sentinel-2_post.tif,,,"[45.74195, 50.1917, 45.88709, 50.28479]",0,0,0,1,0,0,0
<путь к данным>\fire-monitoring\data\train\bs\sentinel2_post\BS_tr_000151_Sentinel-2_post.tif,,,"[42.53931, 50.99806, 42.68999, 51.09304]",0,0,0,1,0,0,0
<путь к данным>\fire-monitoring\data\train\bs\sentinel2_post\BS_tr_000152_Sentinel-2_post.tif,,,"[43.21445, 48.61543, 43.35657, 48.70958]",0,0,0,1,0,0,0
<путь к данным>\fire-monitoring\data\train\bs\sentinel2_post\BS_tr_000153_Sentinel-2_post.tif,,,"[42.16861, 47.39667, 42.30909, 47.49197]",0,0,0,1,0,0,0
<путь к данным>\fire-monitoring\data\train\bs\sentinel2_post\BS_tr_000154_Sentinel-2_post.tif,,,"[40.94426, 47.96548, 41.08507, 48.05996]",0,0,0,1,0,0,0
<путь к данным>\fire-monitoring\data\train\bs\sentinel2_post\BS_tr_000155_Sentinel-2_post.tif,,,"[40.74887, 46.21809, 40.88473, 46.31231]",0,0,0,1,0,0,0
<путь к данным>\fire-monitoring\data\train\bs\sentinel2_post\BS_tr_000156_Sentinel-2_post.tif,,,"[42.2216, 46.38424, 42.35931, 46.47945]",0,0,0,1,0,0,0
<путь к данным>\fire-monitoring\data\train\bs\sentinel2_post\BS_tr_000157_Sentinel-2_post.tif,,,"[40.76069, 46.58652, 40.8975, 46.68076]",0,0,0,1,0,0,0
<путь к данным>\fire-monitoring\data\train\bs\sentinel2_post\BS_tr_000158_Sentinel-2_post.tif,,,"[41.95243, 46.37625, 42.0906, 46.4718]",0,0,0,2,0,0,0
<путь к данным>\fire-monitoring\data\train\bs\sentinel2_post\BS_tr_000159_Sentinel-2_post.tif,,,"[40.89429, 46.58423, 41.03131, 46.67862]",0,0,0,1,0,0,0
<путь к данным>\fire-monitoring\data\train\bs\sentinel2_post\BS_tr_000160_Sentinel-2_post.tif,,,"[47.22637, 48.14429, 47.36816, 48.23909]",0,0,0,1,0,0,0
<путь к данным>\fire-monitoring\data\train\bs\sentinel2_post\BS_tr_000161_Sentinel-2_post.tif,,,"[40.63821, 46.95708, 40.77579, 47.0512]",0,0,0,1,0,0,0
<путь к данным>\fire-monitoring\data\train\bs\sentinel2_post\BS_tr_000162_Sentinel-2_post.tif,,,"[38.61598, 47.33875, 38.75219, 47.43126]",0,0,0,1,0,0,0
<путь к данным>\fire-monitoring\data\train\bs\sentinel2_post\BS_tr_000163_Sentinel-2_post.tif,,,"[40.5141, 47.32751, 40.65245, 47.42149]",0,0,0,1,0,0,0
<путь к данным>\fire-monitoring\data\train\bs\sentinel2_post\BS_tr_000164_Sentinel-2_post.tif,,,"[40.22824, 46.68625, 40.36444, 46.77989]",0,0,0,1,0,0,0
<путь к данным>\fire-monitoring\data\train\bs\sentinel2_post\BS_tr_000165_Sentinel-2_post.tif,,,"[41.16879, 46.76334, 41.30673, 46.85804]",0,0,0,1,0,0,0
<путь к данным>\fire-monitoring\data\train\bs\sentinel2_post\BS_tr_000166_Sentinel-2_post.tif,,,"[40.94081, 47.87341, 41.08136, 47.96789]",0,0,0,1,0,0,0
<путь к данным>\fire-monitoring\data\train\bs\sentinel2_post\BS_tr_000167_Sentinel-2_post.tif,,,"[40.95121, 48.14962, 41.09254, 48.24411]",0,0,0,1,0,0,0
<путь к данным>\fire-monitoring\data\train\bs\sentinel2_post\BS_tr_000168_Sentinel-2_post.tif,,,"[41.05948, 47.41051, 41.19897, 47.50511]",0,0,0,1,0,0,0
<путь к данным>\fire-monitoring\data\train\bs\sentinel2_post\BS_tr_000169_Sentinel-2_post.tif,,,"[41.08136, 47.96291, 41.22239, 48.05755]",0,0,0,1,0,0,0
<путь к данным>\fire-monitoring\data\train\bs\sentinel2_post\BS_tr_000170_Sentinel-2_post.tif,,,"[41.70008, 46.65925, 41.8386, 46.75454]",0,0,0,1,0,0,0
<путь к данным>\fire-monitoring\data\train\bs\sentinel2_post\BS_tr_000171_Sentinel-2_post.tif,,,"[39.85149, 48.25647, 39.99121, 48.34969]",0,0,0,1,0,0,0
<путь к данным>\fire-monitoring\data\train\bs\sentinel2_post\BS_tr_000172_Sentinel-2_post.tif,,,"[39.43841, 48.35141, 39.57766, 48.44414]",0,0,0,1,0,0,0
<путь к данным>\fire-monitoring\data\train\bs\sentinel2_post\BS_tr_000173_Sentinel-2_post.tif,,,"[40.00954, 49.26831, 40.15242, 49.36172]",0,0,0,1,0,0,0
<путь к данным>\fire-monitoring\data\train\bs\sentinel2_post\BS_tr_000174_Sentinel-2_post.tif,,,"[39.16053, 47.89183, 39.29805, 47.98423]",0,0,0,1,0,0,0
<путь к данным>\fire-monitoring\data\train\bs\sentinel2_post\BS_tr_000175_Sentinel-2_post.tif,,,"[39.42846, 47.15371, 39.56451, 47.24644]",0,0,0,1,0,0,0
<путь к данным>\fire-monitoring\data\train\bs\sentinel2_post\BS_tr_000176_Sentinel-2_post.tif,,,"[38.75089, 47.5234, 38.88735, 47.61575]",0,0,0,1,0,0,0
<путь к данным>\fire-monitoring\data\train\bs\sentinel2_post\BS_tr_000177_Sentinel-2_post.tif,,,"[40.11343, 47.609, 40.25185, 47.70252]",0,0,0,1,0,0,0
<путь к данным>\fire-monitoring\data\train\bs\sentinel2_post\BS_tr_000178_Sentinel-2_post.tif,,,"[39.43528, 47.98292, 39.57352, 48.07565]",0,0,0,1,0,0,0
<путь к данным>\fire-monitoring\data\train\bs\sentinel2_post\BS_tr_000179_Sentinel-2_post.tif,,,"[40.26985, 48.43636, 40.41082, 48.53008]",0,0,0,1,0,0,0
<путь к данным>\fire-monitoring\data\train\bs\sentinel2_post\BS_tr_000180_Sentinel-2_post.tif,,,"[40.58723, 49.72166, 40.73251, 49.81577]",0,0,0,1,0,0,0
<путь к данным>\fire-monitoring\data\train\bs\sentinel2_post\BS_tr_000181_Sentinel-2_post.tif,,,"[38.88676, 47.70789, 39.0235, 47.80008]",0,0,0,1,0,0,0
<путь к данным>\fire-monitoring\data\train\bs\sentinel2_post\BS_tr_000182_Sentinel-2_post.tif,,,"[39.99121, 48.34731, 40.13143, 48.4407]",0,0,0,1,0,0,0
<путь к данным>\fire-monitoring\data\train\bs\sentinel2_post\BS_tr_000183_Sentinel-2_post.tif,,,"[39.71099, 48.07334, 39.84996, 48.1664]",0,0,0,1,0,0,0
<путь к данным>\fire-monitoring\data\train\bs\sentinel2_post\BS_tr_000184_Sentinel-2_post.tif,,,"[43.22093, 48.43128, 43.36252, 48.52542]",0,0,0,1,0,0,0
<путь к данным>\fire-monitoring\data\train\bs\sentinel2_post\BS_tr_000185_Sentinel-2_post.tif,,,"[43.27, 51.01112, 43.41934, 51.10523]",0,0,0,1,0,0,0
<путь к данным>\fire-monitoring\data\train\bs\sentinel2_post\BS_tr_000186_Sentinel-2_post.tif,,,"[46.25406, 47.79165, 46.39322, 47.88534]",0,0,0,1,0,1,1
<путь к данным>\fire-monitoring\data\train\bs\sentinel2_post\BS_tr_000187_Sentinel-2_post.tif,,,"[41.69551, 46.56721, 41.83377, 46.66249]",0,0,0,1,0,0,0
<путь к данным>\fire-monitoring\data\train\bs\sentinel2_post\BS_tr_000188_Sentinel-2_post.tif,,,"[39.43762, 48.25929, 39.57662, 48.35202]",0,0,0,1,0,0,0
<путь к данным>\fire-monitoring\data\train\bs\sentinel2_post\BS_tr_000189_Sentinel-2_post.tif,,,"[40.26529, 48.25217, 40.40572, 48.34587]",0,0,0,1,0,0,0
<путь к данным>\fire-monitoring\data\train\bs\sentinel2_post\BS_tr_000190_Sentinel-2_post.tif,,,"[43.11255, 51.28497, 43.26309, 51.37927]",0,0,0,1,0,0,0
<путь к данным>\fire-monitoring\data\train\bs\sentinel2_post\BS_tr_000191_Sentinel-2_post.tif,,,"[39.83367, 47.151, 39.97041, 47.2442]",0,0,0,1,0,0,0
<путь к данным>\fire-monitoring\data\train\bs\sentinel2_post\BS_tr_000192_Sentinel-2_post.tif,,,"[40.37862, 47.32938, 40.51674, 47.42321]",0,0,0,1,0,0,0
<путь к данным>\fire-monitoring\data\train\bs\sentinel2_post\BS_tr_000193_Sentinel-2_post.tif,,,"[39.02359, 47.98423, 39.16111, 48.07647]",0,0,0,1,0,0,0
<путь к данным>\fire-monitoring\data\train\bs\sentinel2_post\BS_tr_000194_Sentinel-2_post.tif,,,"[42.52809, 48.41852, 42.67083, 48.51345]",0,0,0,1,0,0,0
<путь к данным>\fire-monitoring\data\train\bs\sentinel2_post\BS_tr_000195_Sentinel-2_post.tif,,,"[39.70472, 47.61272, 39.84244, 47.70577]",0,0,0,1,0,0,0
<путь к данным>\fire-monitoring\data\train\bs\sentinel2_post\BS_tr_000196_Sentinel-2_post.tif,,,"[43.32904, 49.35411, 43.47311, 49.44814]",0,0,0,1,0,0,0
<путь к данным>\fire-monitoring\data\train\bs\sentinel2_post\BS_tr_000197_Sentinel-2_post.tif,,,"[39.29288, 47.06216, 39.42846, 47.15472]",0,0,0,1,0,0,0
<путь к данным>\fire-monitoring\data\train\bs\sentinel2_post\BS_tr_000198_Sentinel-2_post.tif,,,"[43.54205, 51.65941, 43.693, 51.7532]",0,0,0,1,0,0,0
<путь к данным>\fire-monitoring\data\train\bs\sentinel2_post\BS_tr_000199_Sentinel-2_post.tif,,,"[41.67258, 48.77916, 41.81697, 48.87449]",0,0,0,1,0,0,0
<путь к данным>\fire-monitoring\data\train\bs\sentinel2_post\BS_tr_000200_Sentinel-2_post.tif,,,"[45.4533, 50.00934, 45.59735, 50.10209]",0,0,0,1,0,0,0
<путь к данным>\fire-monitoring\data\train\bs\sentinel2_post\BS_tr_000201_Sentinel-2_post.tif,,,"[39.9772, 47.6104, 40.11539, 47.70377]",0,0,0,1,0,0,0
<путь к данным>\fire-monitoring\data\train\bs\sentinel2_post\BS_tr_000202_Sentinel-2_post.tif,,,"[39.29805, 47.98352, 39.43605, 48.07609]",0,0,0,1,0,0,0
<путь к данным>\fire-monitoring\data\train\bs\sentinel2_post\BS_tr_000203_Sentinel-2_post.tif,,,"[44.88512, 48.44492, 45.02384, 48.5371]",0,0,0,1,0,0,0
<путь к данным>\fire-monitoring\data\train\bs\sentinel2_post\BS_tr_000204_Sentinel-2_post.tif,,,"[43.34143, 48.98582, 43.4844, 49.07983]",0,0,0,1,0,0,0
<путь к данным>\fire-monitoring\data\train\bs\sentinel2_post\BS_tr_000205_Sentinel-2_post.tif,,,"[40.90399, 46.86051, 41.04175, 46.95492]",0,0,0,1,0,0,0
<путь к данным>\fire-monitoring\data\train\bs\sentinel2_post\BS_tr_000206_Sentinel-2_post.tif,,,"[39.70596, 47.70485, 39.84393, 47.7979]",0,0,0,1,0,0,0
<путь к данным>\fire-monitoring\data\train\bs\sentinel2_post\BS_tr_000207_Sentinel-2_post.tif,,,"[45.57766, 48.44275, 45.71741, 48.53565]",0,0,0,1,0,0,0
<путь к данным>\fire-monitoring\data\train\bs\sentinel2_post\BS_tr_000208_Sentinel-2_post.tif,,,"[43.3259, 49.44618, 43.47026, 49.54021]",0,0,0,1,0,0,1
<путь к данным>\fire-monitoring\data\train\bs\sentinel2_post\BS_tr_000209_Sentinel-2_post.tif,,,"[41.46709, 50.25784, 41.61565, 50.35299]",0,0,0,1,0,0,0
<путь к данным>\fire-monitoring\data\train\bs\sentinel2_post\BS_tr_000210_Sentinel-2_post.tif,,,"[40.12534, 48.16166, 40.26529, 48.2552]",0,0,0,1,0,0,0
<путь к данным>\fire-monitoring\data\train\bs\sentinel2_post\BS_tr_000211_Sentinel-2_post.tif,,,"[39.29965, 48.2599, 39.43841, 48.35247]",0,0,0,1,0,0,0
<путь к данным>\fire-monitoring\data\train\bs\sentinel2_post\BS_tr_000212_Sentinel-2_post.tif,,,"[44.06963, 47.51991, 44.20726, 47.61306]",0,0,0,1,0,0,0
<путь к данным>\fire-monitoring\data\train\bs\sentinel2_post\BS_tr_000213_Sentinel-2_post.tif,,,"[39.15997, 47.70756, 39.29699, 47.79997]",0,0,0,1,0,0,0
<путь к данным>\fire-monitoring\data\train\bs\sentinel2_post\BS_tr_000214_Sentinel-2_post.tif,,,"[41.04526, 47.0422, 41.18373, 47.13677]",0,0,0,1,0,0,0
<путь к данным>\fire-monitoring\data\train\bs\sentinel2_post\BS_tr_000215_Sentinel-2_post.tif,,,"[41.1725, 46.85541, 41.31068, 46.95012]",0,0,0,1,0,0,0
<путь к данным>\fire-monitoring\data\train\bs\sentinel2_post\BS_tr_000216_Sentinel-2_post.tif,,,"[47.22239, 48.05224, 47.36392, 48.14704]",0,0,0,1,0,0,0
<путь к данным>\fire-monitoring\data\train\bs\sentinel2_post\BS_tr_000217_Sentinel-2_post.tif,,,"[45.85611, 48.53281, 45.99661, 48.62603]",0,0,0,1,0,0,0
<путь к данным>\fire-monitoring\data\train\bs\sentinel2_post\BS_tr_000218_Sentinel-2_post.tif,,,"[42.38125, 45.83501, 42.5173, 45.93003]",0,0,0,1,0,0,0
<путь к данным>\fire-monitoring\data\train\bs\sentinel2_post\BS_tr_000219_Sentinel-2_post.tif,,,"[40.93057, 47.59718, 41.07034, 47.69164]",0,0,0,1,0,0,0
<путь к данным>\fire-monitoring\data\train\bs\sentinel2_post\BS_tr_000220_Sentinel-2_post.tif,,,"[38.88656, 47.80002, 39.02354, 47.89221]",0,0,0,1,0,0,0
<путь к данным>\fire-monitoring\data\train\bs\sentinel2_post\BS_tr_000221_Sentinel-2_post.tif,,,"[41.95518, 46.37748, 42.09328, 46.47298]",0,0,0,2,0,0,0
<путь к данным>\fire-monitoring\data\train\bs\sentinel2_post\BS_tr_000222_Sentinel-2_post.tif,,,"[40.89108, 46.49213, 41.02787, 46.58652]",0,0,0,1,0,0,0
<путь к данным>\fire-monitoring\data\train\bs\sentinel2_post\BS_tr_000223_Sentinel-2_post.tif,,,"[41.61565, 47.67493, 41.75678, 47.77016]",0,0,0,1,0,0,0
<путь к данным>\fire-monitoring\data\train\bs\sentinel2_post\BS_tr_000224_Sentinel-2_post.tif,,,"[45.45417, 50.10144, 45.5985, 50.19418]",0,0,0,1,0,0,0
