sample_id,event_id,scene_id,group,cruise_day,fold
MPL-0197,S2:MSM41_litter-T1,,ev0000,S2_SARGASSO_MSM41|RV Maria S. Merian|2015-04-01,3
MPL-0200,S2:MSM41_litter-T5,,ev0001,S2_SARGASSO_MSM41|RV Maria S. Merian|2015-04-02,0
MPL-0203,S2:MSM41_litter-T4,,ev0002,S2_SARGASSO_MSM41|RV Maria S. Merian|2015-04-02,2
MPL-0209,S2:MSM41_litter-T3,,ev0003,S2_SARGASSO_MSM41|RV Maria S. Merian|2015-04-02,4
MPL-0214,S2:MSM41_litter-T2,,ev0004,S2_SARGASSO_MSM41|RV Maria S. Merian|2015-04-02,3
MPL-0216,S2:MSM41_litter-T8,,ev0005,S2_SARGASSO_MSM41|RV Maria S. Merian|2015-04-03,1
MPL-0220,S2:MSM41_litter-T7,,ev0006,S2_SARGASSO_MSM41|RV Maria S. Merian|2015-04-03,0
MPL-0226,S2:MSM41_litter-T6,,ev0007,S2_SARGASSO_MSM41|RV Maria S. Merian|2015-04-03,4
MPL-0229,S2:MSM41_litter-T10,,ev0008,S2_SARGASSO_MSM41|RV Maria S. Merian|2015-04-04,2
MPL-0233,S2:MSM41_litter-T12,,ev0009,S2_SARGASSO_MSM41|RV Maria S. Merian|2015-04-05,4
MPL-0235,S2:MSM41_litter-T11,,ev0010,S2_SARGASSO_MSM41|RV Maria S. Merian|2015-04-05,2
MPL-0237,S2:MSM41_litter-T16,,ev0011,S2_SARGASSO_MSM41|RV Maria S. Merian|2015-04-06,2
MPL-0241,S2:MSM41_litter-T15,,ev0012,S2_SARGASSO_MSM41|RV Maria S. Merian|2015-04-06,2
MPL-0246,S2:MSM41_litter-T14,,ev0013,S2_SARGASSO_MSM41|RV Maria S. Merian|2015-04-06,1
MPL-0249,S2:MSM41_litter-T13,,ev0014,S2_SARGASSO_MSM41|RV Maria S. Merian|2015-04-06,0
MPL-0254,S2:MSM41_litter-T17,,ev0015,S2_SARGASSO_MSM41|RV Maria S. Merian|2015-04-07,0
MPL-0260,S2:MSM41_litter-T18,,ev0016,S2_SARGASSO_MSM41|RV Maria S. Merian|2015-04-07,3
MPL-0264,S2:MSM41_litter-T19,,ev0017,S2_SARGASSO_MSM41|RV Maria S. Merian|2015-04-08,0
MPL-0267,S2:MSM41_litter-T20,,ev0018,S2_SARGASSO_MSM41|RV Maria S. Merian|2015-04-08,2
MPL-0271,S2:MSM41_litter-T21,,ev0019,S2_SARGASSO_MSM41|RV Maria S. Merian|2015-04-08,1
MPL-0277,S2:MSM41_litter-T22,,ev0020,S2_SARGASSO_MSM41|RV Maria S. Merian|2015-04-09,2
MPL-0283,S2:MSM41_litter-T23,,ev0021,S2_SARGASSO_MSM41|RV Maria S. Merian|2015-04-09,0
MPL-0289,S2:MSM41_litter-T24,,ev0022,S2_SARGASSO_MSM41|RV Maria S. Merian|2015-04-09,0
MPL-0297,S2:MSM41_litter-T25,,ev0023,S2_SARGASSO_MSM41|RV Maria S. Merian|2015-04-10,2
MPL-0302,S2:MSM41_litter-T26,,ev0024,S2_SARGASSO_MSM41|RV Maria S. Merian|2015-04-10,3
MPL-0309,S2:MSM41_litter-T27,,ev0025,S2_SARGASSO_MSM41|RV Maria S. Merian|2015-04-11,3
MPL-0311,S2:MSM41_litter-T29,,ev0026,S2_SARGASSO_MSM41|RV Maria S. Merian|2015-04-11,4
MPL-0320,S2:MSM41_litter-T28,,ev0027,S2_SARGASSO_MSM41|RV Maria S. Merian|2015-04-11,1
MPL-0329,S2:MSM41_litter-T32,,ev0028,S2_SARGASSO_MSM41|RV Maria S. Merian|2015-04-12,0
MPL-0336,S2:MSM41_litter-T31,,ev0029,S2_SARGASSO_MSM41|RV Maria S. Merian|2015-04-12,4
MPL-0342,S2:MSM41_litter-T30,,ev0030,S2_SARGASSO_MSM41|RV Maria S. Merian|2015-04-12,1
MPL-0346,S2:MSM41_litter-T34,,ev0031,S2_SARGASSO_MSM41|RV Maria S. Merian|2015-04-13,1
MPL-0351,S2:MSM41_litter-T33,,ev0032,S2_SARGASSO_MSM41|RV Maria S. Merian|2015-04-13,1
MPL-0354,S2:MSM41_litter-T37,,ev0033,S2_SARGASSO_MSM41|RV Maria S. Merian|2015-04-14,4
MPL-0358,S2:MSM41_litter-T35,,ev0034,S2_SARGASSO_MSM41|RV Maria S. Merian|2015-04-14,0
MPL-0361,S2:MSM41_litter-T38,,ev0035,S2_SARGASSO_MSM41|RV Maria S. Merian|2015-04-15,2
MPL-0364,S2:MSM41_litter-T40,,ev0036,S2_SARGASSO_MSM41|RV Maria S. Merian|2015-04-16,3
MPL-0367,S2:MSM41_litter-T39,,ev0037,S2_SARGASSO_MSM41|RV Maria S. Merian|2015-04-16,1
MPL-0371,S2:MSM41_litter-T41,,ev0038,S2_SARGASSO_MSM41|RV Maria S. Merian|2015-04-17,1
MPL-0375,S2:MSM41_litter-T42,,ev0039,S2_SARGASSO_MSM41|RV Maria S. Merian|2015-04-17,3
MPL-0378,S2:MSM41_litter-T43,,ev0040,S2_SARGASSO_MSM41|RV Maria S. Merian|2015-04-18,4
MPL-0382,S2:MSM41_litter-T44,,ev0041,S2_SARGASSO_MSM41|RV Maria S. Merian|2015-04-18,4
MPL-0385,S2:MSM41_litter-T45,,ev0042,S2_SARGASSO_MSM41|RV Maria S. Merian|2015-04-18,0
MPL-0389,S2:MSM41_litter-T46,,ev0043,S2_SARGASSO_MSM41|RV Maria S. Merian|2015-04-19,4
MPL-0397,S2:MSM41_litter-T47,,ev0044,S2_SARGASSO_MSM41|RV Maria S. Merian|2015-04-19,3
MPL-0401,S2:MSM41_litter-T48,,ev0045,S2_SARGASSO_MSM41|RV Maria S. Merian|2015-04-20,1
MPL-0409,S2:MSM41_litter-T49,,ev0046,S2_SARGASSO_MSM41|RV Maria S. Merian|2015-04-20,4
MPL-0417,S2:MSM41_litter-T50,,ev0047,S2_SARGASSO_MSM41|RV Maria S. Merian|2015-04-20,4
MPL-0421,S2:MSM41_litter-T51,,ev0048,S2_SARGASSO_MSM41|RV Maria S. Merian|2015-04-21,2
MPL-0425,S2:MSM41_litter-T52,,ev0049,S2_SARGASSO_MSM41|RV Maria S. Merian|2015-04-21,0
MPL-0430,S2:MSM41_litter-T53,,ev0050,S2_SARGASSO_MSM41|RV Maria S. Merian|2015-04-22,3
MPL-0443,S2:MSM41_litter-T54,,ev0051,S2_SARGASSO_MSM41|RV Maria S. Merian|2015-04-22,0
MPL-0455,S2:MSM41_litter-T55,,ev0052,S2_SARGASSO_MSM41|RV Maria S. Merian|2015-04-22,2
MPL-0460,S2:MSM41_litter-T56,,ev0053,S2_SARGASSO_MSM41|RV Maria S. Merian|2015-04-22,3
MPL-0472,S2:MSM41_litter-T58,,ev0054,S2_SARGASSO_MSM41|RV Maria S. Merian|2015-04-23,2
MPL-0484,S2:MSM41_litter-T57,,ev0055,S2_SARGASSO_MSM41|RV Maria S. Merian|2015-04-23,3
MPL-0494,S2:MSM41_litter-T60,,ev0056,S2_SARGASSO_MSM41|RV Maria S. Merian|2015-04-24,4
MPL-0499,S2:MSM41_litter-T59,,ev0057,S2_SARGASSO_MSM41|RV Maria S. Merian|2015-04-24,1
MPL-0504,S2:MSM41_litter-T62,,ev0058,S2_SARGASSO_MSM41|RV Maria S. Merian|2015-04-25,0
MPL-0507,S2:MSM41_litter-T61,,ev0059,S2_SARGASSO_MSM41|RV Maria S. Merian|2015-04-25,1
MPL-0513,S2:MSM41_litter-T65,,ev0060,S2_SARGASSO_MSM41|RV Maria S. Merian|2015-04-26,2
MPL-0518,S2:MSM41_litter-T64,,ev0061,S2_SARGASSO_MSM41|RV Maria S. Merian|2015-04-26,1
MPL-0523,S2:MSM41_litter-T63,,ev0062,S2_SARGASSO_MSM41|RV Maria S. Merian|2015-04-26,3
