sample_id,event_id,scene_id,group,fold
MPL-0197,S2:MSM41_litter-T1,,st0000,0
MPL-0200,S2:MSM41_litter-T5,,st0001,0
MPL-0203,S2:MSM41_litter-T4,,st0001,0
MPL-0209,S2:MSM41_litter-T3,,st0001,0
MPL-0214,S2:MSM41_litter-T2,,st0001,0
MPL-0216,S2:MSM41_litter-T8,,st0001,0
MPL-0220,S2:MSM41_litter-T7,,st0001,0
MPL-0226,S2:MSM41_litter-T6,,st0001,0
MPL-0229,S2:MSM41_litter-T10,,st0002,4
MPL-0233,S2:MSM41_litter-T12,,st0003,0
MPL-0235,S2:MSM41_litter-T11,,st0003,0
MPL-0237,S2:MSM41_litter-T16,,st0004,4
MPL-0241,S2:MSM41_litter-T15,,st0004,4
MPL-0246,S2:MSM41_litter-T14,,st0004,4
MPL-0249,S2:MSM41_litter-T13,,st0004,4
MPL-0254,S2:MSM41_litter-T17,,st0005,4
MPL-0260,S2:MSM41_litter-T18,,st0005,4
MPL-0264,S2:MSM41_litter-T19,,st0006,0
MPL-0267,S2:MSM41_litter-T20,,st0006,0
MPL-0271,S2:MSM41_litter-T21,,st0006,0
MPL-0277,S2:MSM41_litter-T22,,st0007,3
MPL-0283,S2:MSM41_litter-T23,,st0007,3
MPL-0289,S2:MSM41_litter-T24,,st0007,3
MPL-0297,S2:MSM41_litter-T25,,st0008,2
MPL-0302,S2:MSM41_litter-T26,,st0008,2
MPL-0309,S2:MSM41_litter-T27,,st0008,2
MPL-0311,S2:MSM41_litter-T29,,st0009,1
MPL-0320,S2:MSM41_litter-T28,,st0008,2
MPL-0329,S2:MSM41_litter-T32,,st0009,1
MPL-0336,S2:MSM41_litter-T31,,st0009,1
MPL-0342,S2:MSM41_litter-T30,,st0009,1
MPL-0346,S2:MSM41_litter-T34,,st0010,3
MPL-0351,S2:MSM41_litter-T33,,st0010,3
MPL-0354,S2:MSM41_litter-T37,,st0011,1
MPL-0358,S2:MSM41_litter-T35,,st0011,1
MPL-0361,S2:MSM41_litter-T38,,st0012,2
MPL-0364,S2:MSM41_litter-T40,,st0012,2
MPL-0367,S2:MSM41_litter-T39,,st0012,2
MPL-0371,S2:MSM41_litter-T41,,st0013,2
MPL-0375,S2:MSM41_litter-T42,,st0013,2
MPL-0378,S2:MSM41_litter-T43,,st0014,1
MPL-0382,S2:MSM41_litter-T44,,st0014,1
MPL-0385,S2:MSM41_litter-T45,,st0014,1
MPL-0389,S2:MSM41_litter-T46,,st0015,4
MPL-0397,S2:MSM41_litter-T47,,st0015,4
MPL-0401,S2:MSM41_litter-T48,,st0016,4
MPL-0409,S2:MSM41_litter-T49,,st0016,4
MPL-0417,S2:MSM41_litter-T50,,st0016,4
MPL-0421,S2:MSM41_litter-T51,,st0017,3
MPL-0425,S2:MSM41_litter-T52,,st0017,3
MPL-0430,S2:MSM41_litter-T53,,st0018,3
MPL-0443,S2:MSM41_litter-T54,,st0018,3
MPL-0455,S2:MSM41_litter-T55,,st0018,3
MPL-0460,S2:MSM41_litter-T56,,st0018,3
MPL-0472,S2:MSM41_litter-T58,,st0019,2
MPL-0484,S2:MSM41_litter-T57,,st0019,2
MPL-0494,S2:MSM41_litter-T60,,st0020,3
MPL-0499,S2:MSM41_litter-T59,,st0020,3
MPL-0504,S2:MSM41_litter-T62,,st0021,2
MPL-0507,S2:MSM41_litter-T61,,st0021,2
MPL-0513,S2:MSM41_litter-T65,,st0022,1
MPL-0518,S2:MSM41_litter-T64,,st0022,1
MPL-0523,S2:MSM41_litter-T63,,st0022,1
