event_id,source_id,lat,lon,obs_datetime,time_known,time_note,point_from,endpoint,collection,level,geometry_status,mission,item_id,scene_datetime,dt_hours,cloud_cover,tile,point_inside_footprint,accept,reject_reason,dt_hours_segment,width_m,length_km,wind_ms,dt_drift_h,drift_time_worst_case,drift_shift_km_low,drift_shift_km_typical,drift_shift_km_high,drift_shift_km,tolerance_km,accept_meta,score
S4:DOORS3:T33,S4_BLACK_SEA_DOORS3,43.35643,29.21475,2024-06-18 12:00:00+00:00,False,date_only_noon,reported_transect_center,planetary-computer,landsat-c2-l2,L2SP,,L9,LC09_L2SP_180030_20240618_02_T1,2024-06-18 08:44:09.153463+00:00,-3.26,0.01,180/030,True,False,time_unknown(window_by_day);sync_unreliable_drift,,,,,15.26,True,2.75,10.99,27.47,10.99,3.005,True,0.6
S4:DOORS3:T1,S4_BLACK_SEA_DOORS3,43.60877,29.6227,2024-06-02 12:00:00+00:00,False,date_only_noon,reported_transect_center,earth-search,sentinel-2-l2a,L2A,,S2A,S2A_35TQJ_20240602_0_L2A,2024-06-02 08:58:16.484000+00:00,-3.03,1e-05,35TQJ,True,False,time_unknown(window_by_day);sync_unreliable_drift,,,,,15.03,True,2.71,10.82,27.05,10.82,3.005,True,0.6
S4:DOORS3:T2,S4_BLACK_SEA_DOORS3,43.55139,29.83056,2024-06-02 12:00:00+00:00,False,date_only_noon,reported_transect_center,earth-search,sentinel-2-l2a,L2A,,S2A,S2A_35TQJ_20240602_0_L2A,2024-06-02 08:58:16.484000+00:00,-3.03,1e-05,35TQJ,True,False,time_unknown(window_by_day);sync_unreliable_drift,,,,,15.03,True,2.71,10.82,27.05,10.82,3.005,True,0.6
S3:HE460_MarLitter_transect01,S3_SE_NORTH_SEA,54.27241,7.81944,2016-04-08 16:38:30+00:00,True,effort_mid_segments,geometry_track_center,planetary-computer,sentinel-2-l2a,L2A,reconstructed_approx,S2A,S2A_MSIL2A_20160408T104022_R008_T32UMF_20210211T022918,2016-04-08 10:40:22.030000+00:00,-5.97,36.701466,32UMF,True,False,sync_unreliable_drift,5.61,10.0,15.102,,5.97,False,1.07,4.3,10.75,4.3,3.005,True,0.6
S4:DOORS3:T30,S4_BLACK_SEA_DOORS3,42.51907,31.50876,2024-06-17 12:00:00+00:00,False,date_only_noon,reported_transect_center,earth-search,sentinel-2-l1c,L1C,,S2B,S2B_36TUN_20240617_0_L1C,2024-06-17 08:58:25.997000+00:00,-3.03,1.67535608707337,36TUN,True,False,time_unknown(window_by_day);sync_unreliable_drift,,,,,15.03,True,2.71,10.82,27.05,10.82,3.005,True,0.6
S4:DOORS3:T31,S4_BLACK_SEA_DOORS3,42.49174,31.26427,2024-06-17 12:00:00+00:00,False,date_only_noon,reported_transect_center,earth-search,sentinel-2-l1c,L1C,,S2B,S2B_36TUN_20240617_0_L1C,2024-06-17 08:58:25.997000+00:00,-3.03,1.67535608707337,36TUN,True,False,time_unknown(window_by_day);sync_unreliable_drift,,,,,15.03,True,2.71,10.82,27.05,10.82,3.005,True,0.6
S4:DOORS3:T32,S4_BLACK_SEA_DOORS3,42.46465,30.95665,2024-06-17 12:00:00+00:00,False,date_only_noon,reported_transect_center,earth-search,sentinel-2-l1c,L1C,,S2B,S2B_36TUN_20240617_0_L1C,2024-06-17 08:58:25.997000+00:00,-3.03,1.67535608707337,36TUN,True,False,time_unknown(window_by_day);sync_unreliable_drift,,,,,15.03,True,2.71,10.82,27.05,10.82,3.005,True,0.6
S4:DOORS3:T18,S4_BLACK_SEA_DOORS3,41.80211,41.069,2024-06-05 12:00:00+00:00,False,date_only_noon,reported_transect_center,earth-search,sentinel-2-l2a,L2A,,S2B,S2B_37TFG_20240605_0_L2A,2024-06-05 08:18:24.671000+00:00,-3.69,1.405911,37TFG,True,False,time_unknown(window_by_day);sync_unreliable_drift,,,,,15.69,True,2.82,11.3,28.24,11.3,3.005,True,0.7
S4:DOORS3:T19,S4_BLACK_SEA_DOORS3,41.77479,41.24776,2024-06-05 12:00:00+00:00,False,date_only_noon,reported_transect_center,earth-search,sentinel-2-l2a,L2A,,S2B,S2B_37TFG_20240605_0_L2A,2024-06-05 08:18:24.671000+00:00,-3.69,1.405911,37TFG,True,False,time_unknown(window_by_day);sync_unreliable_drift,,,,,15.69,True,2.82,11.3,28.24,11.3,3.005,True,0.7
S3:HE460_MarLitter_transect03,S3_SE_NORTH_SEA,54.8412,6.63795,2016-04-10 16:46:30+00:00,True,effort_mid_segments,geometry_track_center,planetary-computer,sentinel-2-l2a,L2A,single,S2A,S2A_MSIL2A_20160411T105022_R051_T32ULF_20210211T031140,2016-04-11 10:50:22.030000+00:00,18.06,0.157531,32ULF,True,False,sync_unreliable_drift,17.54,10.0,22.93,,18.06,False,3.25,13.0,32.51,13.0,3.005,True,0.8
S4:DOORS3:T20,S4_BLACK_SEA_DOORS3,41.72292,41.63597,2024-06-07 12:00:00+00:00,False,date_only_noon,reported_transect_center,earth-search,sentinel-2-l1c,L1C,,S2A,S2A_37TGG_20240607_0_L1C,2024-06-07 08:08:27.982000+00:00,-3.86,21.1927703289876,37TGG,True,False,time_unknown(window_by_day);sync_unreliable_drift,,,,,15.86,True,2.85,11.42,28.55,11.42,3.005,True,0.9
S4:DOORS3:T21,S4_BLACK_SEA_DOORS3,41.5955,41.54911,2024-06-07 12:00:00+00:00,False,date_only_noon,reported_transect_center,earth-search,sentinel-2-l1c,L1C,,S2A,S2A_37TGG_20240607_0_L1C,2024-06-07 08:08:27.982000+00:00,-3.86,21.1927703289876,37TGG,True,False,time_unknown(window_by_day);sync_unreliable_drift,,,,,15.86,True,2.85,11.42,28.55,11.42,3.005,True,0.9
S3:HE419_MarLitter_transect32,S3_SE_NORTH_SEA,54.40885,7.9448,2014-04-11 18:34:00+00:00,True,effort_mid_segments,geometry_track_center,planetary-computer,landsat-c2-l2,L2SP,single,L8,LC08_L2SP_196022_20140412_02_T1,2014-04-12 10:20:44.439949+00:00,15.78,45.59,196/022,True,False,sync_unreliable_drift,15.41,10.0,30.463,,15.78,False,2.84,11.36,28.4,11.36,3.005,True,1.1
S3:HE419_MarLitter_transect30,S3_SE_NORTH_SEA,54.55375,8.0138,2014-04-11 13:07:30+00:00,True,effort_mid_segments,geometry_track_center,planetary-computer,landsat-c2-l2,L2SP,single,L8,LC08_L2SP_196022_20140412_02_T1,2014-04-12 10:20:44.439949+00:00,21.22,45.59,196/022,True,False,sync_unreliable_drift,20.85,10.0,15.379,,21.22,False,3.82,15.28,38.2,15.28,3.005,True,1.3
S4:DOORS3:T25,S4_BLACK_SEA_DOORS3,42.037,41.67792,2024-06-11 12:00:00+00:00,False,date_only_noon,reported_transect_center,earth-search,sentinel-2-l2a,L2A,,S2B,S2B_37TGG_20240612_0_L2A,2024-06-12 08:08:25.559000+00:00,20.14,0.597164,37TGG,True,False,time_unknown(window_by_day);sync_unreliable_drift,,,,,32.14,True,5.79,23.14,57.85,23.14,3.005,True,1.3
S3:HE419_MarLitter_transect29,S3_SE_NORTH_SEA,54.7855,8.13625,2014-04-11 10:41:30+00:00,True,effort_mid_segments,geometry_track_center,planetary-computer,landsat-c2-l2,L2SP,single,L8,LC08_L2SP_196022_20140412_02_T1,2014-04-12 10:20:44.439949+00:00,23.65,45.59,196/022,True,False,sync_unreliable_drift,23.06,10.0,23.093,,23.65,False,4.26,17.03,42.57,17.03,3.005,True,1.4
S4:DOORS3:T3,S4_BLACK_SEA_DOORS3,43.13,32.45125,2024-06-03 12:00:00+00:00,False,date_only_noon,reported_transect_center,earth-search,sentinel-2-l2a,L2A,,S2A,S2A_36TVN_20240602_0_L2A,2024-06-02 08:58:21.552000+00:00,-27.03,0.000366,36TVN,True,False,time_unknown(window_by_day);sync_unreliable_drift,,,,,39.03,True,7.03,28.1,70.25,28.1,3.005,True,1.6
S4:DOORS3:T4,S4_BLACK_SEA_DOORS3,43.11612,32.59565,2024-06-03 12:00:00+00:00,False,date_only_noon,reported_transect_center,earth-search,sentinel-2-l2a,L2A,,S2A,S2A_36TVN_20240602_0_L2A,2024-06-02 08:58:21.552000+00:00,-27.03,0.000366,36TVN,True,False,time_unknown(window_by_day);sync_unreliable_drift,,,,,39.03,True,7.03,28.1,70.25,28.1,3.005,True,1.6
S4:DOORS3:T5,S4_BLACK_SEA_DOORS3,43.08425,32.83359,2024-06-03 12:00:00+00:00,False,date_only_noon,reported_transect_center,earth-search,sentinel-2-l2a,L2A,,S2A,S2A_36TVN_20240602_0_L2A,2024-06-02 08:58:21.552000+00:00,-27.03,0.000366,36TVN,True,False,time_unknown(window_by_day);sync_unreliable_drift,,,,,39.03,True,7.03,28.1,70.25,28.1,3.005,True,1.6
S4:DOORS3:T11,S4_BLACK_SEA_DOORS3,42.49278,36.67806,2024-06-04 12:00:00+00:00,False,date_only_noon,reported_transect_center,earth-search,sentinel-2-l2a,L2A,,S2A,S2A_36TYN_20240603_0_L2A,2024-06-03 08:28:24.294000+00:00,-27.53,0.00017,36TYN,True,False,time_unknown(window_by_day);sync_unreliable_drift,,,,,39.53,True,7.12,28.46,71.15,28.46,3.005,True,1.6
S4:DOORS3:T12,S4_BLACK_SEA_DOORS3,42.43722,37.03694,2024-06-04 12:00:00+00:00,False,date_only_noon,reported_transect_center,earth-search,sentinel-2-l2a,L2A,,S2A,S2A_37TCH_20240603_0_L2A,2024-06-03 08:28:19.787000+00:00,-27.53,0.043789,37TCH,True,False,time_unknown(window_by_day);sync_unreliable_drift,,,,,39.53,True,7.12,28.46,71.15,28.46,3.005,True,1.6
S4:DOORS3:T13,S4_BLACK_SEA_DOORS3,42.39014,37.32999,2024-06-04 12:00:00+00:00,False,date_only_noon,reported_transect_center,earth-search,sentinel-2-l2a,L2A,,S2A,S2A_37TCH_20240603_0_L2A,2024-06-03 08:28:19.787000+00:00,-27.53,0.043789,37TCH,True,False,time_unknown(window_by_day);sync_unreliable_drift,,,,,39.53,True,7.12,28.46,71.15,28.46,3.005,True,1.6
S4:DOORS3:T15,S4_BLACK_SEA_DOORS3,42.30189,37.87974,2024-06-04 12:00:00+00:00,False,date_only_noon,reported_transect_center,earth-search,sentinel-2-l2a,L2A,,S2A,S2A_37TDG_20240603_0_L2A,2024-06-03 08:28:30.310000+00:00,-27.52,0.256293,37TDG,True,False,time_unknown(window_by_day);sync_unreliable_drift,,,,,39.519999999999996,True,7.11,28.45,71.14,28.45,3.005,True,1.6
S4:DOORS3:T16,S4_BLACK_SEA_DOORS3,42.26162,38.13714,2024-06-04 12:00:00+00:00,False,date_only_noon,reported_transect_center,earth-search,sentinel-2-l2a,L2A,,S2A,S2A_37TDG_20240603_0_L2A,2024-06-03 08:28:30.310000+00:00,-27.52,0.256293,37TDG,True,False,time_unknown(window_by_day);sync_unreliable_drift,,,,,39.519999999999996,True,7.11,28.45,71.14,28.45,3.005,True,1.6
S4:DOORS3:T17,S4_BLACK_SEA_DOORS3,42.21806,38.41583,2024-06-04 12:00:00+00:00,False,date_only_noon,reported_transect_center,earth-search,sentinel-2-l2a,L2A,,S2A,S2A_37TDG_20240603_0_L2A,2024-06-03 08:28:30.310000+00:00,-27.52,0.256293,37TDG,True,False,time_unknown(window_by_day);sync_unreliable_drift,,,,,39.519999999999996,True,7.11,28.45,71.14,28.45,3.005,True,1.6
S4:DOORS3:T14,S4_BLACK_SEA_DOORS3,42.33851,37.66594,2024-06-04 12:00:00+00:00,False,date_only_noon,reported_transect_center,earth-search,sentinel-2-l1c,L1C,,S2A,S2A_37TCG_20240603_0_L1C,2024-06-03 08:28:34.047000+00:00,-27.52,0.0,37TCG,True,False,time_unknown(window_by_day);sync_unreliable_drift,,,,,39.519999999999996,True,7.11,28.45,71.14,28.45,3.005,True,1.6
S4:DOORS3:T6,S4_BLACK_SEA_DOORS3,43.02454,33.19144,2024-06-03 12:00:00+00:00,False,date_only_noon,reported_transect_center,planetary-computer,landsat-c2-l2,L2SP,,L9,LC09_L2SP_178030_20240604_02_T2,2024-06-04 08:32:00.369518+00:00,20.53,41.27,178/030,True,False,time_unknown(window_by_day);sync_unreliable_drift,,,,,32.53,True,5.86,23.42,58.55,23.42,3.005,True,1.8
S4:DOORS3:T7,S4_BLACK_SEA_DOORS3,42.98847,33.42236,2024-06-03 12:00:00+00:00,False,date_only_noon,reported_transect_center,planetary-computer,landsat-c2-l2,L2SP,,L9,LC09_L2SP_178030_20240604_02_T2,2024-06-04 08:32:00.369518+00:00,20.53,41.27,178/030,True,False,time_unknown(window_by_day);sync_unreliable_drift,,,,,32.53,True,5.86,23.42,58.55,23.42,3.005,True,1.8
S4:DOORS3:T8,S4_BLACK_SEA_DOORS3,42.97347,33.58861,2024-06-03 12:00:00+00:00,False,date_only_noon,reported_transect_center,planetary-computer,landsat-c2-l2,L2SP,,L9,LC09_L2SP_178030_20240604_02_T2,2024-06-04 08:32:00.369518+00:00,20.53,41.27,178/030,True,False,time_unknown(window_by_day);sync_unreliable_drift,,,,,32.53,True,5.86,23.42,58.55,23.42,3.005,True,1.8
