event_id,source_id,lat,lon,point_from,obs_datetime,time_known,time_note,n_rows,width_m,length_km,wind_ms,geom_window_start,geom_window_end,geometry_status,geom_segment_windows
S3:HE419_MarLitter_transect01,S3_SE_NORTH_SEA,54.0841,7.6589,geometry_track_center,2014-04-03 15:19:30+00:00,True,effort_mid_segments,6,10.0,25.143,,2014-04-03T14:39:00Z,2014-04-03T16:00:00Z,single,"[[""2014-04-03T14:39:00Z"", ""2014-04-03T16:00:00Z""]]"
S3:HE419_MarLitter_transect02,S3_SE_NORTH_SEA,54.89675,6.88735,geometry_track_center,2014-04-05 15:46:00+00:00,True,effort_mid_segments,8,10.0,16.489,,2014-04-05T15:23:00Z,2014-04-05T16:09:00Z,single,"[[""2014-04-05T15:23:00Z"", ""2014-04-05T16:09:00Z""]]"
S3:HE419_MarLitter_transect04,S3_SE_NORTH_SEA,54.62115,5.48045,geometry_track_center,2014-04-06 10:04:00+00:00,True,effort_mid_segments,6,10.0,16.958,,2014-04-06T09:37:00Z,2014-04-06T10:31:00Z,single,"[[""2014-04-06T09:37:00Z"", ""2014-04-06T10:31:00Z""]]"
S3:HE419_MarLitter_transect03,S3_SE_NORTH_SEA,54.61065,5.5243,geometry_track_center,2014-04-06 08:05:30+00:00,True,effort_mid_segments,3,10.0,10.871,,2014-04-06T07:47:00Z,2014-04-06T08:24:00Z,single,"[[""2014-04-06T07:47:00Z"", ""2014-04-06T08:24:00Z""]]"
S3:HE419_MarLitter_transect05,S3_SE_NORTH_SEA,54.7564,5.62465,geometry_track_center,2014-04-06 12:53:00+00:00,True,effort_mid_segments,10,10.0,21.075,,2014-04-06T12:23:00Z,2014-04-06T13:23:00Z,single,"[[""2014-04-06T12:23:00Z"", ""2014-04-06T13:23:00Z""]]"
S3:HE419_MarLitter_transect06,S3_SE_NORTH_SEA,54.9132,5.82925,geometry_track_center,2014-04-06 15:02:30+00:00,True,effort_mid_segments,5,10.0,16.525,,2014-04-06T14:39:00Z,2014-04-06T15:26:00Z,single,"[[""2014-04-06T14:39:00Z"", ""2014-04-06T15:26:00Z""]]"
S3:HE419_MarLitter_transect08,S3_SE_NORTH_SEA,54.95385,5.61615,geometry_track_center,2014-04-06 19:19:30+00:00,True,effort_mid_segments,3,10.0,11.462,,2014-04-06T18:58:00Z,2014-04-06T19:41:00Z,single,"[[""2014-04-06T18:58:00Z"", ""2014-04-06T19:41:00Z""]]"
S3:HE419_MarLitter_transect07,S3_SE_NORTH_SEA,54.99355,5.8234,geometry_track_center,2014-04-06 16:45:30+00:00,True,effort_mid_segments,4,10.0,13.13,,2014-04-06T16:23:00Z,2014-04-06T17:08:00Z,single,"[[""2014-04-06T16:23:00Z"", ""2014-04-06T17:08:00Z""]]"
S3:HE419_MarLitter_transect14,S3_SE_NORTH_SEA,55.00475,5.0018,geometry_track_center,2014-04-07 18:55:00+00:00,True,effort_mid_segments,8,10.0,20.445,,2014-04-07T18:23:00Z,2014-04-07T19:27:00Z,single,"[[""2014-04-07T18:23:00Z"", ""2014-04-07T19:27:00Z""]]"
S3:HE419_MarLitter_transect13,S3_SE_NORTH_SEA,54.97075,5.13145,geometry_track_center,2014-04-07 16:39:30+00:00,True,effort_mid_segments,7,10.0,10.401,,2014-04-07T16:21:00Z,2014-04-07T16:58:00Z,single,"[[""2014-04-07T16:21:00Z"", ""2014-04-07T16:58:00Z""]]"
S3:HE419_MarLitter_transect09,S3_SE_NORTH_SEA,55.01935,5.41275,geometry_track_center,2014-04-07 08:17:00+00:00,True,effort_mid_segments,6,10.0,15.205,,2014-04-07T07:54:00Z,2014-04-07T08:40:00Z,single,"[[""2014-04-07T07:54:00Z"", ""2014-04-07T08:40:00Z""]]"
S3:HE419_MarLitter_transect12,S3_SE_NORTH_SEA,55.0528,5.2833,geometry_track_center,2014-04-07 15:06:30+00:00,True,effort_mid_segments,4,10.0,12.491,,2014-04-07T14:45:00Z,2014-04-07T15:28:00Z,single,"[[""2014-04-07T14:45:00Z"", ""2014-04-07T15:28:00Z""]]"
S3:HE419_MarLitter_transect10,S3_SE_NORTH_SEA,55.1042,5.58385,geometry_track_center,2014-04-07 10:18:00+00:00,True,effort_mid_segments,5,10.0,14.98,,2014-04-07T09:53:00Z,2014-04-07T10:43:00Z,single,"[[""2014-04-07T09:53:00Z"", ""2014-04-07T10:43:00Z""]]"
S3:HE419_MarLitter_transect11,S3_SE_NORTH_SEA,55.11125,5.5446,geometry_track_center,2014-04-07 12:47:30+00:00,True,effort_mid_segments,6,10.0,16.095,,2014-04-07T12:21:00Z,2014-04-07T13:14:00Z,single,"[[""2014-04-07T12:21:00Z"", ""2014-04-07T13:14:00Z""]]"
S3:HE419_MarLitter_transect18,S3_SE_NORTH_SEA,55.76675,3.71905,geometry_track_center,2014-04-08 15:29:00+00:00,True,effort_mid_segments,6,10.0,13.161,,2014-04-08T15:06:00Z,2014-04-08T15:52:00Z,single,"[[""2014-04-08T15:06:00Z"", ""2014-04-08T15:52:00Z""]]"
S3:HE419_MarLitter_transect15,S3_SE_NORTH_SEA,55.77175,3.4312,geometry_track_center,2014-04-08 09:04:00+00:00,True,effort_mid_segments,3,10.0,5.222,,2014-04-08T08:50:00Z,2014-04-08T09:18:00Z,single,"[[""2014-04-08T08:50:00Z"", ""2014-04-08T09:18:00Z""]]"
S3:HE419_MarLitter_transect16,S3_SE_NORTH_SEA,55.8778,3.41945,geometry_track_center,2014-04-08 12:30:00+00:00,True,effort_mid_segments,3,10.0,5.943,,2014-04-08T12:16:00Z,2014-04-08T12:44:00Z,single,"[[""2014-04-08T12:16:00Z"", ""2014-04-08T12:44:00Z""]]"
S3:HE419_MarLitter_transect17,S3_SE_NORTH_SEA,55.8776,3.5414,geometry_track_center,2014-04-08 13:50:30+00:00,True,effort_mid_segments,2,10.0,12.104,,2014-04-08T13:36:00Z,2014-04-08T14:05:00Z,single,"[[""2014-04-08T13:36:00Z"", ""2014-04-08T14:05:00Z""]]"
S3:HE419_MarLitter_transect20,S3_SE_NORTH_SEA,55.23195,5.46685,geometry_track_center,2014-04-09 14:56:30+00:00,True,effort_mid_segments,5,10.0,16.959,,2014-04-09T13:01:00Z,2014-04-09T16:52:00Z,single,"[[""2014-04-09T13:01:00Z"", ""2014-04-09T16:52:00Z""]]"
S3:HE419_MarLitter_transect19,S3_SE_NORTH_SEA,55.2643,4.9974,geometry_track_center,2014-04-09 09:05:30+00:00,True,effort_mid_segments,3,10.0,12.323,,2014-04-09T08:47:00Z,2014-04-09T09:24:00Z,single,"[[""2014-04-09T08:47:00Z"", ""2014-04-09T09:24:00Z""]]"
S3:HE419_MarLitter_transect21,S3_SE_NORTH_SEA,55.32825,5.63615,geometry_track_center,2014-04-09 15:27:00+00:00,True,effort_mid_segments,5,10.0,14.32,,2014-04-09T15:03:00Z,2014-04-09T15:51:00Z,single,"[[""2014-04-09T15:03:00Z"", ""2014-04-09T15:51:00Z""]]"
S3:HE419_MarLitter_transect22,S3_SE_NORTH_SEA,55.43005,5.687,geometry_track_center,2014-04-09 17:18:00+00:00,True,effort_mid_segments,2,10.0,7.897,,2014-04-09T17:06:00Z,2014-04-09T17:30:00Z,single,"[[""2014-04-09T17:06:00Z"", ""2014-04-09T17:30:00Z""]]"
S3:HE419_MarLitter_transect23,S3_SE_NORTH_SEA,55.11045,6.40285,geometry_track_center,2014-04-10 09:42:30+00:00,True,effort_mid_segments,11,10.0,7.549,,2014-04-10T09:31:00Z,2014-04-10T09:54:00Z,single,"[[""2014-04-10T09:31:00Z"", ""2014-04-10T09:54:00Z""]]"
S3:HE419_MarLitter_transect24,S3_SE_NORTH_SEA,55.17895,6.3183,geometry_track_center,2014-04-10 12:34:00+00:00,True,effort_mid_segments,5,10.0,9.63,,2014-04-10T12:15:00Z,2014-04-10T12:53:00Z,single,"[[""2014-04-10T12:15:00Z"", ""2014-04-10T12:53:00Z""]]"
S3:HE419_MarLitter_transect25,S3_SE_NORTH_SEA,55.26255,6.33125,geometry_track_center,2014-04-10 14:50:00+00:00,True,effort_mid_segments,9,10.0,12.288,,2014-04-10T14:27:00Z,2014-04-10T15:13:00Z,single,"[[""2014-04-10T14:27:00Z"", ""2014-04-10T15:13:00Z""]]"
S3:HE419_MarLitter_transect26,S3_SE_NORTH_SEA,55.32465,6.3876,geometry_track_center,2014-04-10 16:28:30+00:00,True,effort_mid_segments,4,10.0,9.549,,2014-04-10T16:07:00Z,2014-04-10T16:50:00Z,single,"[[""2014-04-10T16:07:00Z"", ""2014-04-10T16:50:00Z""]]"
S3:HE419_MarLitter_transect27,S3_SE_NORTH_SEA,55.3486,6.48285,geometry_track_center,2014-04-10 18:49:30+00:00,True,effort_mid_segments,3,10.0,14.376,,2014-04-10T18:19:00Z,2014-04-10T19:20:00Z,single,"[[""2014-04-10T18:19:00Z"", ""2014-04-10T19:20:00Z""]]"
S3:HE419_MarLitter_transect32,S3_SE_NORTH_SEA,54.40885,7.9448,geometry_track_center,2014-04-11 18:34:00+00:00,True,effort_mid_segments,7,10.0,30.463,,2014-04-11T18:12:00Z,2014-04-11T18:56:00Z,single,"[[""2014-04-11T18:12:00Z"", ""2014-04-11T18:56:00Z""]]"
S3:HE419_MarLitter_transect31,S3_SE_NORTH_SEA,54.41,7.798,geometry_track_center,2014-04-11 14:49:00+00:00,True,effort_mid_segments,3,10.0,16.517,,2014-04-11T14:26:00Z,2014-04-11T15:12:00Z,single,"[[""2014-04-11T14:26:00Z"", ""2014-04-11T15:12:00Z""]]"
S3:HE419_MarLitter_transect30,S3_SE_NORTH_SEA,54.55375,8.0138,geometry_track_center,2014-04-11 13:07:30+00:00,True,effort_mid_segments,9,10.0,15.379,,2014-04-11T12:45:00Z,2014-04-11T13:30:00Z,single,"[[""2014-04-11T12:45:00Z"", ""2014-04-11T13:30:00Z""]]"
S3:HE419_MarLitter_transect29,S3_SE_NORTH_SEA,54.7855,8.13625,geometry_track_center,2014-04-11 10:41:30+00:00,True,effort_mid_segments,6,10.0,23.093,,2014-04-11T10:06:00Z,2014-04-11T11:17:00Z,single,"[[""2014-04-11T10:06:00Z"", ""2014-04-11T11:17:00Z""]]"
S3:HE419_MarLitter_transect28,S3_SE_NORTH_SEA,54.9552,8.1404,geometry_track_center,2014-04-11 08:50:30+00:00,True,effort_mid_segments,7,10.0,11.602,,2014-04-11T08:31:00Z,2014-04-11T09:10:00Z,single,"[[""2014-04-11T08:31:00Z"", ""2014-04-11T09:10:00Z""]]"
S3:HE419_MarLitter_transect38,S3_SE_NORTH_SEA,53.7001,6.45665,geometry_track_center,2014-04-12 17:35:30+00:00,True,effort_mid_segments,4,10.0,6.235,,2014-04-12T17:21:00Z,2014-04-12T17:50:00Z,single,"[[""2014-04-12T17:21:00Z"", ""2014-04-12T17:50:00Z""]]"
S3:HE419_MarLitter_transect37,S3_SE_NORTH_SEA,53.77015,6.53915,geometry_track_center,2014-04-12 16:08:30+00:00,True,effort_mid_segments,3,10.0,11.037,,2014-04-12T15:46:00Z,2014-04-12T16:31:00Z,single,"[[""2014-04-12T15:46:00Z"", ""2014-04-12T16:31:00Z""]]"
S3:HE419_MarLitter_transect35,S3_SE_NORTH_SEA,53.84185,6.99055,geometry_track_center,2014-04-12 12:21:00+00:00,True,effort_mid_segments,4,10.0,12.309,,2014-04-12T12:00:00Z,2014-04-12T12:42:00Z,single,"[[""2014-04-12T12:00:00Z"", ""2014-04-12T12:42:00Z""]]"
S3:HE419_MarLitter_transect34,S3_SE_NORTH_SEA,53.8405,7.21905,geometry_track_center,2014-04-12 10:00:00+00:00,True,effort_mid_segments,3,10.0,15.602,,2014-04-12T09:32:00Z,2014-04-12T10:28:00Z,single,"[[""2014-04-12T09:32:00Z"", ""2014-04-12T10:28:00Z""]]"
S3:HE419_MarLitter_transect36,S3_SE_NORTH_SEA,53.85045,6.7853,geometry_track_center,2014-04-12 13:56:30+00:00,True,effort_mid_segments,3,10.0,10.086,,2014-04-12T13:42:00Z,2014-04-12T14:11:00Z,single,"[[""2014-04-12T13:42:00Z"", ""2014-04-12T14:11:00Z""]]"
S3:HE419_MarLitter_transect33,S3_SE_NORTH_SEA,53.86435,7.4482,geometry_track_center,2014-04-12 08:26:00+00:00,True,effort_mid_segments,4,10.0,11.172,,2014-04-12T08:06:00Z,2014-04-12T08:46:00Z,single,"[[""2014-04-12T08:06:00Z"", ""2014-04-12T08:46:00Z""]]"
S2:MSM41_litter-T1,S2_SARGASSO_MSM41,32.232808,-64.714325,geometry_track_center,2015-04-01 16:47:00+00:00,True,effort_mid_segments,4,10.0,19.68,,2015-04-01T16:17:00Z,2015-04-01T17:17:00Z,single,"[[""2015-04-01T16:17:00Z"", ""2015-04-01T17:17:00Z""]]"
S2:MSM41_litter-T5,S2_SARGASSO_MSM41,30.068492,-69.829333,geometry_track_center,2015-04-02 17:12:30+00:00,True,effort_mid_segments,3,10.0,12.874,,2015-04-02T16:56:00Z,2015-04-02T17:29:00Z,single,"[[""2015-04-02T16:56:00Z"", ""2015-04-02T17:29:00Z""]]"
S2:MSM41_litter-T4,S2_SARGASSO_MSM41,30.436175,-68.913542,geometry_track_center,2015-04-02 13:13:00+00:00,True,effort_mid_segments,5,10.0,24.465,,2015-04-02T12:43:00Z,2015-04-02T13:43:00Z,single,"[[""2015-04-02T12:43:00Z"", ""2015-04-02T13:43:00Z""]]"
S2:MSM41_litter-T3,S2_SARGASSO_MSM41,30.634592,-68.419933,geometry_track_center,2015-04-02 11:01:00+00:00,True,effort_mid_segments,3,10.0,19.281,,2015-04-02T10:36:00Z,2015-04-02T11:26:00Z,single,"[[""2015-04-02T10:36:00Z"", ""2015-04-02T11:26:00Z""]]"
S2:MSM41_litter-T2,S2_SARGASSO_MSM41,30.827925,-67.935275,geometry_track_center,2015-04-02 08:48:00+00:00,True,effort_mid_segments,5,10.0,22.799,,2015-04-02T08:18:00Z,2015-04-02T09:18:00Z,single,"[[""2015-04-02T08:18:00Z"", ""2015-04-02T09:18:00Z""]]"
S2:MSM41_litter-T8,S2_SARGASSO_MSM41,29.095283,-69.993192,geometry_track_center,2015-04-03 12:15:30+00:00,True,effort_mid_segments,3,10.0,19.511,,2015-04-03T11:51:00Z,2015-04-03T12:40:00Z,single,"[[""2015-04-03T11:51:00Z"", ""2015-04-03T12:40:00Z""]]"
S2:MSM41_litter-T7,S2_SARGASSO_MSM41,29.4284,-69.942583,geometry_track_center,2015-04-03 10:41:30+00:00,True,effort_mid_segments,4,10.0,23.755,,2015-04-03T10:11:00Z,2015-04-03T11:12:00Z,single,"[[""2015-04-03T10:11:00Z"", ""2015-04-03T11:12:00Z""]]"
S2:MSM41_litter-T6,S2_SARGASSO_MSM41,29.847233,-69.880942,geometry_track_center,2015-04-03 08:43:00+00:00,True,effort_mid_segments,5,10.0,24.064,,2015-04-03T08:13:00Z,2015-04-03T09:13:00Z,single,"[[""2015-04-03T08:13:00Z"", ""2015-04-03T09:13:00Z""]]"
S2:MSM41_litter-T10,S2_SARGASSO_MSM41,27.447242,-69.835292,geometry_track_center,2015-04-04 16:38:00+00:00,True,effort_mid_segments,4,10.0,23.885,,2015-04-04T16:08:00Z,2015-04-04T17:08:00Z,single,"[[""2015-04-04T16:08:00Z"", ""2015-04-04T17:08:00Z""]]"
S2:MSM41_litter-T12,S2_SARGASSO_MSM41,25.890125,-69.949392,geometry_track_center,2015-04-05 14:57:00+00:00,True,effort_mid_segments,3,10.0,9.169,,2015-04-05T14:27:00Z,2015-04-05T15:27:00Z,single,"[[""2015-04-05T14:27:00Z"", ""2015-04-05T15:27:00Z""]]"
S2:MSM41_litter-T11,S2_SARGASSO_MSM41,26.059658,-70.001758,geometry_track_center,2015-04-05 08:30:30+00:00,True,effort_mid_segments,2,10.0,10.345,,2015-04-05T08:17:00Z,2015-04-05T08:44:00Z,single,"[[""2015-04-05T08:17:00Z"", ""2015-04-05T08:44:00Z""]]"
S2:MSM41_litter-T16,S2_SARGASSO_MSM41,24.22615,-68.922983,geometry_track_center,2015-04-06 18:42:00+00:00,True,effort_mid_segments,3,10.0,23.154,,2015-04-06T18:12:00Z,2015-04-06T19:12:00Z,single,"[[""2015-04-06T18:12:00Z"", ""2015-04-06T19:12:00Z""]]"
S2:MSM41_litter-T15,S2_SARGASSO_MSM41,24.381,-69.437308,geometry_track_center,2015-04-06 16:17:00+00:00,True,effort_mid_segments,3,10.0,23.024,,2015-04-06T15:47:00Z,2015-04-06T16:47:00Z,single,"[[""2015-04-06T15:47:00Z"", ""2015-04-06T16:47:00Z""]]"
S2:MSM41_litter-T14,S2_SARGASSO_MSM41,24.508533,-69.861,geometry_track_center,2015-04-06 14:20:00+00:00,True,effort_mid_segments,6,10.0,14.255,,2015-04-06T13:50:00Z,2015-04-06T14:50:00Z,single,"[[""2015-04-06T13:50:00Z"", ""2015-04-06T14:50:00Z""]]"
S2:MSM41_litter-T13,S2_SARGASSO_MSM41,24.820067,-69.977717,geometry_track_center,2015-04-06 08:46:00+00:00,True,effort_mid_segments,4,10.0,22.82,,2015-04-06T08:16:00Z,2015-04-06T09:16:00Z,single,"[[""2015-04-06T08:16:00Z"", ""2015-04-06T09:16:00Z""]]"
S2:MSM41_litter-T17,S2_SARGASSO_MSM41,23.631092,-67.0049,geometry_track_center,2015-04-07 10:21:00+00:00,True,effort_mid_segments,4,10.0,22.844,,2015-04-07T09:51:00Z,2015-04-07T10:51:00Z,single,"[[""2015-04-07T09:51:00Z"", ""2015-04-07T10:51:00Z""]]"
S2:MSM41_litter-T18,S2_SARGASSO_MSM41,24.162429,-66.970809,geometry_track_center,2015-04-07 16:54:00+00:00,True,effort_mid_segments,6,10.0,21.284,,2015-04-07T16:12:00Z,2015-04-07T17:24:00Z,segment,"[[""2015-04-07T16:12:00Z"", ""2015-04-07T16:26:00Z""], [""2015-04-07T16:38:00Z"", ""2015-04-07T17:24:00Z""]]"
S2:MSM41_litter-T19,S2_SARGASSO_MSM41,25.320633,-66.907583,geometry_track_center,2015-04-08 08:45:00+00:00,True,effort_mid_segments,3,10.0,23.233,,2015-04-08T08:15:00Z,2015-04-08T09:15:00Z,single,"[[""2015-04-08T08:15:00Z"", ""2015-04-08T09:15:00Z""]]"
S2:MSM41_litter-T20,S2_SARGASSO_MSM41,25.718667,-66.96495,geometry_track_center,2015-04-08 10:41:00+00:00,True,effort_mid_segments,4,10.0,22.78,,2015-04-08T10:11:00Z,2015-04-08T11:11:00Z,single,"[[""2015-04-08T10:11:00Z"", ""2015-04-08T11:11:00Z""]]"
S2:MSM41_litter-T21,S2_SARGASSO_MSM41,26.122325,-66.939225,geometry_track_center,2015-04-08 18:24:00+00:00,True,effort_mid_segments,5,10.0,24.22,,2015-04-08T17:54:00Z,2015-04-08T18:54:00Z,single,"[[""2015-04-08T17:54:00Z"", ""2015-04-08T18:54:00Z""]]"
S2:MSM41_litter-T22,S2_SARGASSO_MSM41,27.707904,-66.97673,geometry_track_center,2015-04-09 08:35:00+00:00,True,effort_mid_segments,5,10.0,23.645,,2015-04-09T08:05:00Z,2015-04-09T09:11:00Z,segment,"[[""2015-04-09T08:05:00Z"", ""2015-04-09T08:45:00Z""], [""2015-04-09T08:51:00Z"", ""2015-04-09T09:11:00Z""]]"
S2:MSM41_litter-T23,S2_SARGASSO_MSM41,28.200058,-66.920958,geometry_track_center,2015-04-09 16:06:00+00:00,True,effort_mid_segments,7,10.0,24.491,,2015-04-09T15:36:00Z,2015-04-09T16:36:00Z,single,"[[""2015-04-09T15:36:00Z"", ""2015-04-09T16:36:00Z""]]"
S2:MSM41_litter-T24,S2_SARGASSO_MSM41,28.813958,-66.986042,geometry_track_center,2015-04-09 18:57:00+00:00,True,effort_mid_segments,8,10.0,23.5,,2015-04-09T18:27:00Z,2015-04-09T19:27:00Z,single,"[[""2015-04-09T18:27:00Z"", ""2015-04-09T19:27:00Z""]]"
S2:MSM41_litter-T25,S2_SARGASSO_MSM41,30.345483,-66.914183,geometry_track_center,2015-04-10 15:14:00+00:00,True,effort_mid_segments,7,10.0,23.959,,2015-04-10T14:44:00Z,2015-04-10T15:44:00Z,single,"[[""2015-04-10T14:44:00Z"", ""2015-04-10T15:44:00Z""]]"
S2:MSM41_litter-T26,S2_SARGASSO_MSM41,30.926767,-66.995858,geometry_track_center,2015-04-10 18:51:00+00:00,True,effort_mid_segments,3,10.0,12.235,,2015-04-10T18:37:00Z,2015-04-10T19:05:00Z,single,"[[""2015-04-10T18:37:00Z"", ""2015-04-10T19:05:00Z""]]"
S2:MSM41_litter-T27,S2_SARGASSO_MSM41,30.997183,-66.595008,geometry_track_center,2015-04-11 08:31:30+00:00,True,effort_mid_segments,7,10.0,22.925,,2015-04-11T08:01:00Z,2015-04-11T09:02:00Z,single,"[[""2015-04-11T08:01:00Z"", ""2015-04-11T09:02:00Z""]]"
S2:MSM41_litter-T29,S2_SARGASSO_MSM41,30.997183,-64.883,geometry_track_center,2015-04-11 15:32:00+00:00,True,effort_mid_segments,7,10.0,23.251,,2015-04-11T15:03:00Z,2015-04-11T16:01:00Z,single,"[[""2015-04-11T15:03:00Z"", ""2015-04-11T16:01:00Z""]]"
S2:MSM41_litter-T28,S2_SARGASSO_MSM41,30.997283,-65.979392,geometry_track_center,2015-04-11 11:05:00+00:00,True,effort_mid_segments,7,10.0,23.783,,2015-04-11T10:35:00Z,2015-04-11T11:35:00Z,single,"[[""2015-04-11T10:35:00Z"", ""2015-04-11T11:35:00Z""]]"
S2:MSM41_litter-T32,S2_SARGASSO_MSM41,29.8256,-64.056933,geometry_track_center,2015-04-12 17:01:00+00:00,True,effort_mid_segments,8,10.0,23.162,,2015-04-12T16:31:00Z,2015-04-12T17:31:00Z,single,"[[""2015-04-12T16:31:00Z"", ""2015-04-12T17:31:00Z""]]"
S2:MSM41_litter-T31,S2_SARGASSO_MSM41,30.177558,-64.0276,geometry_track_center,2015-04-12 10:28:00+00:00,True,effort_mid_segments,7,10.0,22.05,,2015-04-12T09:58:00Z,2015-04-12T10:58:00Z,single,"[[""2015-04-12T09:58:00Z"", ""2015-04-12T10:58:00Z""]]"
S2:MSM41_litter-T30,S2_SARGASSO_MSM41,30.562475,-64.074683,geometry_track_center,2015-04-12 08:29:00+00:00,True,effort_mid_segments,4,10.0,21.932,,2015-04-12T07:59:00Z,2015-04-12T08:59:00Z,single,"[[""2015-04-12T07:59:00Z"", ""2015-04-12T08:59:00Z""]]"
S2:MSM41_litter-T34,S2_SARGASSO_MSM41,27.259542,-63.976333,geometry_track_center,2015-04-13 17:08:00+00:00,True,effort_mid_segments,5,10.0,22.885,,2015-04-13T16:38:00Z,2015-04-13T17:38:00Z,single,"[[""2015-04-13T16:38:00Z"", ""2015-04-13T17:38:00Z""]]"
S2:MSM41_litter-T33,S2_SARGASSO_MSM41,27.730983,-63.923333,geometry_track_center,2015-04-13 14:49:00+00:00,True,effort_mid_segments,4,10.0,22.352,,2015-04-13T14:19:00Z,2015-04-13T15:19:00Z,single,"[[""2015-04-13T14:19:00Z"", ""2015-04-13T15:19:00Z""]]"
S2:MSM41_litter-T37,S2_SARGASSO_MSM41,25.165817,-63.981233,geometry_track_center,2015-04-14 18:23:00+00:00,True,effort_mid_segments,2,10.0,23.044,,2015-04-14T17:53:00Z,2015-04-14T18:53:00Z,single,"[[""2015-04-14T17:53:00Z"", ""2015-04-14T18:53:00Z""]]"
S2:MSM41_litter-T35,S2_SARGASSO_MSM41,25.857923,-63.880779,geometry_track_center,2015-04-14 12:41:00+00:00,True,effort_mid_segments,5,10.0,18.04,,2015-04-14T12:11:00Z,2015-04-14T13:16:00Z,segment,"[[""2015-04-14T12:11:00Z"", ""2015-04-14T12:44:00Z""], [""2015-04-14T12:49:00Z"", ""2015-04-14T13:16:00Z""]]"
S2:MSM41_litter-T38,S2_SARGASSO_MSM41,23.766883,-63.959258,geometry_track_center,2015-04-15 14:01:00+00:00,True,effort_mid_segments,3,10.0,20.351,,2015-04-15T13:34:00Z,2015-04-15T14:28:00Z,single,"[[""2015-04-15T13:34:00Z"", ""2015-04-15T14:28:00Z""]]"
S2:MSM41_litter-T40,S2_SARGASSO_MSM41,22.869767,-63.919325,geometry_track_center,2015-04-16 12:26:00+00:00,True,effort_mid_segments,3,10.0,25.5,,2015-04-16T11:56:00Z,2015-04-16T12:56:00Z,single,"[[""2015-04-16T11:56:00Z"", ""2015-04-16T12:56:00Z""]]"
S2:MSM41_litter-T39,S2_SARGASSO_MSM41,22.9506,-63.977467,geometry_track_center,2015-04-16 08:12:30+00:00,True,effort_mid_segments,2,10.0,11.606,,2015-04-16T07:57:00Z,2015-04-16T08:28:00Z,single,"[[""2015-04-16T07:57:00Z"", ""2015-04-16T08:28:00Z""]]"
S2:MSM41_litter-T41,S2_SARGASSO_MSM41,22.574592,-60.9221,geometry_track_center,2015-04-17 14:15:00+00:00,True,effort_mid_segments,5,10.0,13.203,,2015-04-17T13:45:00Z,2015-04-17T14:45:00Z,single,"[[""2015-04-17T13:45:00Z"", ""2015-04-17T14:45:00Z""]]"
S2:MSM41_litter-T42,S2_SARGASSO_MSM41,22.803592,-60.966867,geometry_track_center,2015-04-17 16:15:00+00:00,True,effort_mid_segments,3,10.0,13.162,,2015-04-17T15:45:00Z,2015-04-17T16:45:00Z,single,"[[""2015-04-17T15:45:00Z"", ""2015-04-17T16:45:00Z""]]"
S2:MSM41_litter-T43,S2_SARGASSO_MSM41,23.794442,-60.9819,geometry_track_center,2015-04-18 08:30:00+00:00,True,effort_mid_segments,4,10.0,21.153,,2015-04-18T08:00:00Z,2015-04-18T09:00:00Z,single,"[[""2015-04-18T08:00:00Z"", ""2015-04-18T09:00:00Z""]]"
S2:MSM41_litter-T44,S2_SARGASSO_MSM41,24.233258,-60.98995,geometry_track_center,2015-04-18 16:00:00+00:00,True,effort_mid_segments,3,10.0,21.612,,2015-04-18T15:30:00Z,2015-04-18T16:30:00Z,single,"[[""2015-04-18T15:30:00Z"", ""2015-04-18T16:30:00Z""]]"
S2:MSM41_litter-T45,S2_SARGASSO_MSM41,24.643975,-60.984025,geometry_track_center,2015-04-18 18:25:00+00:00,True,effort_mid_segments,3,10.0,22.287,,2015-04-18T17:55:00Z,2015-04-18T18:55:00Z,single,"[[""2015-04-18T17:55:00Z"", ""2015-04-18T18:55:00Z""]]"
S2:MSM41_litter-T46,S2_SARGASSO_MSM41,26.212167,-60.998958,geometry_track_center,2015-04-19 13:11:00+00:00,True,effort_mid_segments,9,10.0,22.558,,2015-04-19T12:41:00Z,2015-04-19T13:41:00Z,single,"[[""2015-04-19T12:41:00Z"", ""2015-04-19T13:41:00Z""]]"
S2:MSM41_litter-T47,S2_SARGASSO_MSM41,26.550025,-61.001358,geometry_track_center,2015-04-19 14:52:00+00:00,True,effort_mid_segments,3,10.0,10.91,,2015-04-19T14:37:00Z,2015-04-19T15:07:00Z,single,"[[""2015-04-19T14:37:00Z"", ""2015-04-19T15:07:00Z""]]"
S2:MSM41_litter-T48,S2_SARGASSO_MSM41,27.904742,-61.000667,geometry_track_center,2015-04-20 08:13:30+00:00,True,effort_mid_segments,7,10.0,16.924,,2015-04-20T07:51:00Z,2015-04-20T08:36:00Z,single,"[[""2015-04-20T07:51:00Z"", ""2015-04-20T08:36:00Z""]]"
S2:MSM41_litter-T49,S2_SARGASSO_MSM41,28.180559,-60.864384,geometry_track_center,2015-04-20 16:03:00+00:00,True,effort_mid_segments,7,10.0,23.168,,2015-04-20T14:42:00Z,2015-04-20T16:33:00Z,segment,"[[""2015-04-20T14:42:00Z"", ""2015-04-20T14:59:00Z""], [""2015-04-20T15:50:00Z"", ""2015-04-20T16:33:00Z""]]"
S2:MSM41_litter-T50,S2_SARGASSO_MSM41,28.682917,-60.945758,geometry_track_center,2015-04-20 18:26:00+00:00,True,effort_mid_segments,8,10.0,24.457,,2015-04-20T17:56:00Z,2015-04-20T18:56:00Z,single,"[[""2015-04-20T17:56:00Z"", ""2015-04-20T18:56:00Z""]]"
S2:MSM41_litter-T51,S2_SARGASSO_MSM41,30.016675,-60.941008,geometry_track_center,2015-04-21 13:17:00+00:00,True,effort_mid_segments,3,10.0,23.24,,2015-04-21T12:47:00Z,2015-04-21T13:47:00Z,single,"[[""2015-04-21T12:47:00Z"", ""2015-04-21T13:47:00Z""]]"
S2:MSM41_litter-T52,S2_SARGASSO_MSM41,30.498242,-60.972558,geometry_track_center,2015-04-21 15:36:00+00:00,True,effort_mid_segments,4,10.0,22.736,,2015-04-21T15:06:00Z,2015-04-21T16:06:00Z,single,"[[""2015-04-21T15:06:00Z"", ""2015-04-21T16:06:00Z""]]"
S2:MSM41_litter-T53,S2_SARGASSO_MSM41,30.908858,-59.816992,geometry_track_center,2015-04-22 08:32:00+00:00,True,effort_mid_segments,12,10.0,23.406,,2015-04-22T08:02:00Z,2015-04-22T09:02:00Z,single,"[[""2015-04-22T08:02:00Z"", ""2015-04-22T09:02:00Z""]]"
S2:MSM41_litter-T54,S2_SARGASSO_MSM41,30.931417,-59.3956,geometry_track_center,2015-04-22 10:32:00+00:00,True,effort_mid_segments,8,10.0,18.244,,2015-04-22T10:02:00Z,2015-04-22T11:02:00Z,single,"[[""2015-04-22T10:02:00Z"", ""2015-04-22T11:02:00Z""]]"
S2:MSM41_litter-T55,S2_SARGASSO_MSM41,30.948067,-59.019942,geometry_track_center,2015-04-22 12:29:00+00:00,True,effort_mid_segments,10,10.0,16.633,,2015-04-22T12:02:00Z,2015-04-22T12:56:00Z,single,"[[""2015-04-22T12:02:00Z"", ""2015-04-22T12:56:00Z""]]"
S2:MSM41_litter-T56,S2_SARGASSO_MSM41,30.974725,-58.474867,geometry_track_center,2015-04-22 15:21:00+00:00,True,effort_mid_segments,6,10.0,9.663,,2015-04-22T15:05:00Z,2015-04-22T15:37:00Z,single,"[[""2015-04-22T15:05:00Z"", ""2015-04-22T15:37:00Z""]]"
S2:MSM41_litter-T58,S2_SARGASSO_MSM41,29.141217,-58.026608,geometry_track_center,2015-04-23 18:22:00+00:00,True,effort_mid_segments,15,10.0,24.697,,2015-04-23T17:52:00Z,2015-04-23T18:52:00Z,single,"[[""2015-04-23T17:52:00Z"", ""2015-04-23T18:52:00Z""]]"
S2:MSM41_litter-T57,S2_SARGASSO_MSM41,29.777392,-58.121583,geometry_track_center,2015-04-23 15:25:30+00:00,True,effort_mid_segments,10,10.0,24.348,,2015-04-23T14:55:00Z,2015-04-23T15:56:00Z,single,"[[""2015-04-23T14:55:00Z"", ""2015-04-23T15:56:00Z""]]"
S2:MSM41_litter-T60,S2_SARGASSO_MSM41,27.39835,-58.072358,geometry_track_center,2015-04-24 16:03:00+00:00,True,effort_mid_segments,9,10.0,23.834,,2015-04-24T15:33:00Z,2015-04-24T16:33:00Z,single,"[[""2015-04-24T15:33:00Z"", ""2015-04-24T16:33:00Z""]]"
S2:MSM41_litter-T59,S2_SARGASSO_MSM41,27.844375,-58.141792,geometry_track_center,2015-04-24 12:29:30+00:00,True,effort_mid_segments,5,10.0,24.508,,2015-04-24T11:58:00Z,2015-04-24T13:01:00Z,single,"[[""2015-04-24T11:58:00Z"", ""2015-04-24T13:01:00Z""]]"
S2:MSM41_litter-T62,S2_SARGASSO_MSM41,25.412333,-58.039733,geometry_track_center,2015-04-25 12:44:00+00:00,True,effort_mid_segments,3,10.0,23.831,,2015-04-25T12:14:00Z,2015-04-25T13:14:00Z,single,"[[""2015-04-25T12:14:00Z"", ""2015-04-25T13:14:00Z""]]"
S2:MSM41_litter-T61,S2_SARGASSO_MSM41,25.825333,-58.078383,geometry_track_center,2015-04-25 10:46:00+00:00,True,effort_mid_segments,7,10.0,23.075,,2015-04-25T10:16:00Z,2015-04-25T11:16:00Z,single,"[[""2015-04-25T10:16:00Z"", ""2015-04-25T11:16:00Z""]]"
S2:MSM41_litter-T65,S2_SARGASSO_MSM41,23.101967,-58.011775,geometry_track_center,2015-04-26 15:19:00+00:00,True,effort_mid_segments,4,10.0,16.305,,2015-04-26T14:49:00Z,2015-04-26T15:49:00Z,single,"[[""2015-04-26T14:49:00Z"", ""2015-04-26T15:49:00Z""]]"
S2:MSM41_litter-T64,S2_SARGASSO_MSM41,23.408233,-58.043683,geometry_track_center,2015-04-26 13:13:00+00:00,True,effort_mid_segments,5,10.0,16.237,,2015-04-26T12:43:00Z,2015-04-26T13:43:00Z,single,"[[""2015-04-26T12:43:00Z"", ""2015-04-26T13:43:00Z""]]"
S2:MSM41_litter-T63,S2_SARGASSO_MSM41,23.77935,-58.079925,geometry_track_center,2015-04-26 10:40:00+00:00,True,effort_mid_segments,4,10.0,16.624,,2015-04-26T10:10:00Z,2015-04-26T11:10:00Z,single,"[[""2015-04-26T10:10:00Z"", ""2015-04-26T11:10:00Z""]]"
S1:0.1,S1_GPGP2018,33.1895665,-128.790017,transect_midpoint_arithmetic,2015-07-25 22:16:30+00:00,True,interval_mid,2,6.0,9.156,5.14444,,,,
S1:2.3,S1_GPGP2018,29.054015,-134.546025,transect_midpoint_arithmetic,2015-07-27 22:41:00+00:00,True,interval_mid,2,6.0,19.4592678112,9.259992,,,,
S1:2.4,S1_GPGP2018,29.055215,-134.5443415,transect_midpoint_arithmetic,2015-07-27 22:34:30+00:00,True,interval_mid,1,6.0,16.4812451274,9.259992,,,,
S1:1.3,S1_GPGP2018,29.07234,-134.05625,transect_midpoint_arithmetic,2015-07-27 17:23:30+00:00,True,interval_mid,3,6.0,19.6215722879,7.202216,,,,
S1:1.4,S1_GPGP2018,29.073635,-134.0370835,transect_midpoint_arithmetic,2015-07-27 16:57:00+00:00,True,interval_mid,1,6.0,20.8237240728,7.202216,,,,
S1:4.3,S1_GPGP2018,28.988125,-135.6992415,transect_midpoint_arithmetic,2015-07-28 10:39:00+00:00,True,interval_mid,2,6.0,15.6392881279,9.259992,,,,
S1:6.4,S1_GPGP2018,29.0074,-136.8627915,transect_midpoint_arithmetic,2015-07-28 22:26:00+00:00,True,interval_mid,3,6.0,18.6777458019,10.28888,,,,
S1:4.4,S1_GPGP2018,28.987135,-135.700825,transect_midpoint_arithmetic,2015-07-28 10:42:30+00:00,True,interval_mid,1,6.0,18.5181289172,9.259992,,,,
S1:6.3,S1_GPGP2018,29.00841,-136.8621665,transect_midpoint_arithmetic,2015-07-28 22:44:00+00:00,True,interval_mid,2,6.0,15.6732406668,10.28888,,,,
S1:5.4,S1_GPGP2018,29.009515,-136.2696085,transect_midpoint_arithmetic,2015-07-28 16:33:30+00:00,True,interval_mid,1,6.0,18.2210020362,8.231104,,,,
S1:5.3,S1_GPGP2018,29.00875,-136.26805,transect_midpoint_arithmetic,2015-07-28 16:30:30+00:00,True,interval_mid,2,6.0,15.3902748854,8.231104,,,,
S1:3.3,S1_GPGP2018,29.00679,-135.1118335,transect_midpoint_arithmetic,2015-07-28 04:31:30+00:00,True,interval_mid,2,6.0,19.3702625132,10.28888,,,,
S1:3.4,S1_GPGP2018,29.00825,-135.1098335,transect_midpoint_arithmetic,2015-07-28 04:28:00+00:00,True,interval_mid,1,6.0,16.622192804,10.28888,,,,
S1:9.3,S1_GPGP2018,28.9996,-138.5808165,transect_midpoint_arithmetic,2015-07-29 15:54:30+00:00,True,interval_mid,1,6.0,13.8647190164,7.71666,,,,
S1:9.4,S1_GPGP2018,28.999935,-138.5806,transect_midpoint_arithmetic,2015-07-29 15:53:00+00:00,True,interval_mid,2,6.0,16.0459529818,7.71666,,,,
S1:10.3,S1_GPGP2018,29.0056,-139.1793335,transect_midpoint_arithmetic,2015-07-29 21:43:30+00:00,True,interval_mid,1,6.0,13.8089708152,7.71666,,,,
S1:10.4,S1_GPGP2018,29.000435,-139.1930835,transect_midpoint_arithmetic,2015-07-29 22:03:30+00:00,True,interval_mid,2,6.0,13.8060141227,7.71666,,,,
S1:8.4,S1_GPGP2018,29.00169,-138.0501585,transect_midpoint_arithmetic,2015-07-29 10:22:30+00:00,True,interval_mid,2,6.0,19.4429133225,7.71666,,,,
S1:8.3,S1_GPGP2018,29.0021,-138.051075,transect_midpoint_arithmetic,2015-07-29 10:23:00+00:00,True,interval_mid,1,6.0,15.1746218522,7.71666,,,,
S1:11.4,S1_GPGP2018,29.0174845,-139.833862,transect_midpoint_arithmetic,2015-07-29 03:49:30+00:00,True,interval_mid,2,6.0,17.6,6.173328,,,,
S1:7.4,S1_GPGP2018,29.007175,-137.46765,transect_midpoint_arithmetic,2015-07-29 04:30:30+00:00,True,interval_mid,2,6.0,18.7614608222,7.71666,,,,
S1:11.3,S1_GPGP2018,29.0198465,-139.8271595,transect_midpoint_arithmetic,2015-07-29 03:50:30+00:00,True,interval_mid,1,6.0,13.46,6.173328,,,,
S1:7.3,S1_GPGP2018,29.00869,-137.4724085,transect_midpoint_arithmetic,2015-07-29 04:32:00+00:00,True,interval_mid,1,6.0,15.3076948352,7.71666,,,,
S1:12.3,S1_GPGP2018,28.99819,-140.4820415,transect_midpoint_arithmetic,2015-07-30 10:04:30+00:00,True,interval_mid,2,6.0,17.3375718802,7.71666,,,,
S1:12.4,S1_GPGP2018,28.998435,-140.4815335,transect_midpoint_arithmetic,2015-07-30 10:06:30+00:00,True,interval_mid,1,6.0,20.3506024087,7.71666,,,,
S1:14.3,S1_GPGP2018,29.00124,-141.6246665,transect_midpoint_arithmetic,2015-07-30 21:42:30+00:00,True,interval_mid,2,6.0,13.3265653769,7.71666,,,,
S1:14.4,S1_GPGP2018,29.001325,-141.6263585,transect_midpoint_arithmetic,2015-07-30 21:45:00+00:00,True,interval_mid,1,6.0,16.2991670804,7.71666,,,,
S1:13.3,S1_GPGP2018,28.99935,-141.0904165,transect_midpoint_arithmetic,2015-07-30 16:17:00+00:00,True,interval_mid,2,6.0,17.1183055228,5.14444,,,,
S1:13.4,S1_GPGP2018,28.99955,-141.0908415,transect_midpoint_arithmetic,2015-07-30 16:16:00+00:00,True,interval_mid,1,6.0,20.724645324,5.14444,,,,
S1:17.4,S1_GPGP2018,28.987515,-143.5660835,transect_midpoint_arithmetic,2015-07-31 16:11:30+00:00,True,interval_mid,2,6.0,16.5934897119,5.14444,,,,
S1:17.3,S1_GPGP2018,28.98866,-143.5482335,transect_midpoint_arithmetic,2015-07-31 15:48:00+00:00,True,interval_mid,2,6.0,16.5791737196,5.14444,,,,
S1:15.3,S1_GPGP2018,29.00566,-142.3245335,transect_midpoint_arithmetic,2015-07-31 04:08:30+00:00,True,interval_mid,2,6.0,15.2757869767,5.14444,,,,
S1:15.4,S1_GPGP2018,29.00525,-142.3221835,transect_midpoint_arithmetic,2015-07-31 04:09:00+00:00,True,interval_mid,2,6.0,17.6806716313,5.14444,,,,
S1:16.3,S1_GPGP2018,29.00719,-142.9808085,transect_midpoint_arithmetic,2015-07-31 10:12:00+00:00,True,interval_mid,2,6.0,15.3036880713,6.173328,,,,
S1:16.4,S1_GPGP2018,29.005857,-142.9653,transect_midpoint_arithmetic,2015-07-31 10:11:30+00:00,True,interval_mid,1,6.0,20.35,6.173328,,,,
S1:20.3,S1_GPGP2018,30.002485,-141.7690665,transect_midpoint_arithmetic,2015-08-01 22:20:00+00:00,True,interval_mid,1,6.0,12.8985171041,7.71666,,,,
S1:20.4,S1_GPGP2018,30.006425,-141.7679665,transect_midpoint_arithmetic,2015-08-01 22:18:30+00:00,True,interval_mid,2,6.0,14.4038852229,7.71666,,,,
S1:18.4,S1_GPGP2018,30.023565,-142.7086915,transect_midpoint_arithmetic,2015-08-01 09:34:30+00:00,True,interval_mid,3,6.0,18.93,9.259992,,,,
S1:18.3,S1_GPGP2018,30.025135,-142.7147915,transect_midpoint_arithmetic,2015-08-01 10:09:30+00:00,True,interval_mid,1,6.0,16.69,9.259992,,,,
S1:19.4,S1_GPGP2018,30.010985,-142.26325,transect_midpoint_arithmetic,2015-08-01 15:54:30+00:00,True,interval_mid,2,6.0,13.353818584,5.14444,,,,
S1:19.3,S1_GPGP2018,30.014325,-142.2643585,transect_midpoint_arithmetic,2015-08-01 15:53:00+00:00,True,interval_mid,1,6.0,12.2383586335,5.14444,,,,
S1:24.4,S1_GPGP2018,29.9806,-139.8215915,transect_midpoint_arithmetic,2015-08-02 22:08:30+00:00,True,interval_mid,2,6.0,15.8178865778,3.601108,,,,
S1:24.3,S1_GPGP2018,29.98286,-139.8207585,transect_midpoint_arithmetic,2015-08-02 22:09:30+00:00,True,interval_mid,1,6.0,14.2838280004,3.601108,,,,
S1:21.4,S1_GPGP2018,29.998635,-141.3439415,transect_midpoint_arithmetic,2015-08-02 04:10:30+00:00,True,interval_mid,2,6.0,15.9940795981,5.14444,,,,
S1:22.4,S1_GPGP2018,29.999935,-140.8015085,transect_midpoint_arithmetic,2015-08-02 10:21:00+00:00,True,interval_mid,2,6.0,16.0998225624,3.601108,,,,
S1:22.3,S1_GPGP2018,30.001735,-140.802275,transect_midpoint_arithmetic,2015-08-02 10:18:00+00:00,True,interval_mid,1,6.0,14.7163783425,3.601108,,,,
S1:21.3,S1_GPGP2018,30.00219,-141.342125,transect_midpoint_arithmetic,2015-08-02 04:12:00+00:00,True,interval_mid,1,6.0,13.9135706174,5.14444,,,,
S1:27.3,S1_GPGP2018,29.985215,-138.2296,transect_midpoint_arithmetic,2015-08-03 16:08:30+00:00,True,interval_mid,2,6.0,19.26656875,5.14444,,,,
S1:28.4,S1_GPGP2018,30.00015,-137.7417335,transect_midpoint_arithmetic,2015-08-03 22:21:30+00:00,True,interval_mid,1,6.0,14.9036973875,7.71666,,,,
S1:28.3,S1_GPGP2018,30.003565,-137.7446665,transect_midpoint_arithmetic,2015-08-03 22:17:00+00:00,True,interval_mid,2,6.0,13.3185497659,7.71666,,,,
S1:26.3,S1_GPGP2018,30.00074,-138.767875,transect_midpoint_arithmetic,2015-08-03 10:15:00+00:00,True,interval_mid,2,6.0,15.4098616168,7.71666,,,,
S1:25.3,S1_GPGP2018,30.00105,-139.342975,transect_midpoint_arithmetic,2015-08-03 04:05:00+00:00,True,interval_mid,3,6.0,14.1519249197,2.57222,,,,
S1:26.4,S1_GPGP2018,29.999025,-138.7680585,transect_midpoint_arithmetic,2015-08-03 10:15:30+00:00,True,interval_mid,1,6.0,16.9845594762,7.71666,,,,
S1:25.4,S1_GPGP2018,29.9968,-139.3427335,transect_midpoint_arithmetic,2015-08-03 04:03:00+00:00,True,interval_mid,1,6.0,15.7579749302,2.57222,,,,
S1:27.4,S1_GPGP2018,29.989615,-138.227975,transect_midpoint_arithmetic,2015-08-03 16:08:00+00:00,True,interval_mid,2,6.0,18.2023109072,5.14444,,,,
S1:29.4,S1_GPGP2018,30.00011,-137.2937665,transect_midpoint_arithmetic,2015-08-04 03:47:00+00:00,True,interval_mid,1,6.0,14.8250018409,5.14444,,,,
S1:31.4,S1_GPGP2018,29.996715,-136.0622665,transect_midpoint_arithmetic,2015-08-04 16:20:00+00:00,True,interval_mid,2,6.0,16.2452480144,5.14444,,,,
S1:29.3,S1_GPGP2018,30.002915,-137.2931585,transect_midpoint_arithmetic,2015-08-04 03:45:30+00:00,True,interval_mid,2,6.0,13.1496600225,5.14444,,,,
S1:30.4,S1_GPGP2018,30.00139,-136.6523,transect_midpoint_arithmetic,2015-08-04 10:13:30+00:00,True,interval_mid,2,6.0,15.7265985914,8.745548,,,,
S1:30.3,S1_GPGP2018,30.00491,-136.6517,transect_midpoint_arithmetic,2015-08-04 10:14:30+00:00,True,interval_mid,3,6.0,14.2742228856,8.745548,,,,
S1:32.4,S1_GPGP2018,30.015125,-135.476125,transect_midpoint_arithmetic,2015-08-04 22:21:00+00:00,True,interval_mid,2,6.0,16.4989347069,5.14444,,,,
S1:32.3,S1_GPGP2018,30.0171,-135.4764415,transect_midpoint_arithmetic,2015-08-04 22:18:30+00:00,True,interval_mid,1,6.0,15.167663837,5.14444,,,,
S1:33.4,S1_GPGP2018,30.00406,-134.8896165,transect_midpoint_arithmetic,2015-08-05 04:19:30+00:00,True,interval_mid,2,6.0,16.5702236476,2.57222,,,,
S1:34.4,S1_GPGP2018,30.000825,-134.268275,transect_midpoint_arithmetic,2015-08-05 10:19:30+00:00,True,interval_mid,2,6.0,17.4150425359,7.71666,,,,
S1:34.3,S1_GPGP2018,30.001865,-134.2685665,transect_midpoint_arithmetic,2015-08-05 10:18:30+00:00,True,interval_mid,1,6.0,15.5308318459,7.71666,,,,
S1:33.3,S1_GPGP2018,30.0146,-134.8929085,transect_midpoint_arithmetic,2015-08-05 04:14:00+00:00,True,interval_mid,2,6.0,14.6396691716,2.57222,,,,
S1:35.4,S1_GPGP2018,30.998235,-134.2625085,transect_midpoint_arithmetic,2015-08-05 22:23:30+00:00,True,interval_mid,2,6.0,16.704940664,,,,,
S1:35.3,S1_GPGP2018,30.999485,-134.2638335,transect_midpoint_arithmetic,2015-08-05 22:21:30+00:00,True,interval_mid,1,6.0,14.5332894991,,,,,
S1:39.3,S1_GPGP2018,30.97964,-136.3260415,transect_midpoint_arithmetic,2015-08-06 22:19:30+00:00,True,interval_mid,2,6.0,13.4070454715,7.71666,,,,
S1:38.3,S1_GPGP2018,30.991785,-135.9519665,transect_midpoint_arithmetic,2015-08-06 16:16:00+00:00,True,interval_mid,2,6.0,14.1783703045,7.71666,,,,
S1:39.4,S1_GPGP2018,30.97775,-136.3294165,transect_midpoint_arithmetic,2015-08-06 22:25:30+00:00,True,interval_mid,1,6.0,15.5593861763,7.71666,,,,
S1:36.4,S1_GPGP2018,30.997735,-134.849,transect_midpoint_arithmetic,2015-08-06 04:18:00+00:00,True,interval_mid,1,6.0,17.9529766984,5.14444,,,,
S1:36.3,S1_GPGP2018,30.997975,-134.8475585,transect_midpoint_arithmetic,2015-08-06 04:16:00+00:00,True,interval_mid,2,6.0,16.3148746949,5.14444,,,,
S1:37.3,S1_GPGP2018,31.000565,-135.4216585,transect_midpoint_arithmetic,2015-08-06 10:20:30+00:00,True,interval_mid,3,6.0,14.7874722902,7.71666,,,,
S1:37.4,S1_GPGP2018,30.998365,-135.4204835,transect_midpoint_arithmetic,2015-08-06 10:19:30+00:00,True,interval_mid,1,6.0,16.8990683148,7.71666,,,,
S1:38.4,S1_GPGP2018,30.993515,-135.95175,transect_midpoint_arithmetic,2015-08-06 16:16:00+00:00,True,interval_mid,2,6.0,16.4916358696,7.71666,,,,
S1:41.3,S1_GPGP2018,30.965825,-137.3956835,transect_midpoint_arithmetic,2015-08-07 10:51:00+00:00,True,interval_mid,2,6.0,7.69537045851,9.259992,,,,
S1:42.3,S1_GPGP2018,30.988835,-137.914525,transect_midpoint_arithmetic,2015-08-07 16:32:00+00:00,True,interval_mid,2,6.0,13.7692454614,5.6588840000000005,,,,
S1:41.4,S1_GPGP2018,30.974315,-137.3824165,transect_midpoint_arithmetic,2015-08-07 10:20:00+00:00,True,interval_mid,1,6.0,13.22,9.259992,,,,
S1:42.4,S1_GPGP2018,30.98994,-137.91355,transect_midpoint_arithmetic,2015-08-07 16:33:30+00:00,True,interval_mid,2,6.0,15.8614630461,5.6588840000000005,,,,
S1:43.4,S1_GPGP2018,31.001675,-138.493,transect_midpoint_arithmetic,2015-08-07 22:25:00+00:00,True,interval_mid,2,6.0,17.5226617789,7.71666,,,,
S1:43.3,S1_GPGP2018,31.000735,-138.4904415,transect_midpoint_arithmetic,2015-08-07 22:19:00+00:00,True,interval_mid,1,6.0,15.4215301001,7.71666,,,,
S1:45.3,S1_GPGP2018,30.987815,-139.5539665,transect_midpoint_arithmetic,2015-08-08 10:17:30+00:00,True,interval_mid,2,6.0,13.3766611683,9.259992,,,,
S1:45.4,S1_GPGP2018,30.987735,-139.5542835,transect_midpoint_arithmetic,2015-08-08 10:19:00+00:00,True,interval_mid,2,6.0,14.480778146,9.259992,,,,
S1:44.4,S1_GPGP2018,30.99416,-139.0254165,transect_midpoint_arithmetic,2015-08-08 04:21:30+00:00,True,interval_mid,2,6.0,13.4815878731,10.28888,,,,
S1:47.4,S1_GPGP2018,30.99445,-140.6223835,transect_midpoint_arithmetic,2015-08-08 22:15:00+00:00,True,interval_mid,2,6.0,15.9253507474,6.687772,,,,
S1:47.3,S1_GPGP2018,30.992565,-140.6230165,transect_midpoint_arithmetic,2015-08-08 22:15:00+00:00,True,interval_mid,1,6.0,14.3334491843,6.687772,,,,
S1:46.4,S1_GPGP2018,30.999525,-140.084,transect_midpoint_arithmetic,2015-08-08 16:26:00+00:00,True,interval_mid,2,6.0,15.834205057,7.202216,,,,
S1:44.3,S1_GPGP2018,30.99631,-139.0275335,transect_midpoint_arithmetic,2015-08-08 04:19:30+00:00,True,interval_mid,1,6.0,11.9603837437,10.28888,,,,
S1:46.3,S1_GPGP2018,30.99986,-140.0808415,transect_midpoint_arithmetic,2015-08-08 16:20:30+00:00,True,interval_mid,1,6.0,13.8000094524,7.202216,,,,
S1:48.4,S1_GPGP2018,30.97485,-141.2498415,transect_midpoint_arithmetic,2015-08-09 04:22:00+00:00,True,interval_mid,2,6.0,15.8122041544,5.14444,,,,
S1:48.3,S1_GPGP2018,30.97391,-141.2490585,transect_midpoint_arithmetic,2015-08-09 04:20:30+00:00,True,interval_mid,1,6.0,14.1949877825,5.14444,,,,
S1:51.3,S1_GPGP2018,30.9897265,-142.8742845,transect_midpoint_arithmetic,2015-08-09 22:28:00+00:00,True,interval_mid,2,6.0,9.79,5.14444,,,,
S1:49.3,S1_GPGP2018,30.991625,-141.8085085,transect_midpoint_arithmetic,2015-08-09 10:17:00+00:00,True,interval_mid,3,6.0,13.4616189592,6.687772,,,,
S1:49.4,S1_GPGP2018,30.994,-141.809975,transect_midpoint_arithmetic,2015-08-09 10:19:30+00:00,True,interval_mid,1,6.0,14.7029507833,6.687772,,,,
S1:51.4,S1_GPGP2018,30.9950975,-142.875435,transect_midpoint_arithmetic,2015-08-09 22:29:00+00:00,True,interval_mid,1,6.0,11.1,5.14444,,,,
S1:50.3,S1_GPGP2018,30.996965,-142.37745,transect_midpoint_arithmetic,2015-08-09 16:14:00+00:00,True,interval_mid,2,6.0,14.2406582505,2.57222,,,,
S1:50.4,S1_GPGP2018,30.995315,-142.3763085,transect_midpoint_arithmetic,2015-08-09 16:14:30+00:00,True,interval_mid,2,6.0,16.0127390002,2.57222,,,,
S1:52.3,S1_GPGP2018,31.00401,-143.3006915,transect_midpoint_arithmetic,2015-08-10 04:17:00+00:00,True,interval_mid,2,6.0,14.5979448099,2.57222,,,,
S1:53.4,S1_GPGP2018,31.01014,-143.8406,transect_midpoint_arithmetic,2015-08-10 10:20:00+00:00,True,interval_mid,1,6.0,15.7,2.57222,,,,
S1:53.3,S1_GPGP2018,31.00916,-143.842775,transect_midpoint_arithmetic,2015-08-10 10:17:30+00:00,True,interval_mid,3,6.0,15.27,2.57222,,,,
S1:52.4,S1_GPGP2018,31.00771,-143.2989915,transect_midpoint_arithmetic,2015-08-10 04:18:30+00:00,True,interval_mid,1,6.0,16.0347484333,2.57222,,,,
S1:54.4,S1_GPGP2018,32.023415,-143.6277915,transect_midpoint_arithmetic,2015-08-10 22:20:30+00:00,True,interval_mid,2,6.0,14.5411940484,11.317768000000001,,,,
S1:54.3,S1_GPGP2018,32.028835,-143.6377665,transect_midpoint_arithmetic,2015-08-10 22:21:00+00:00,True,interval_mid,2,6.0,14.882693478,11.317768000000001,,,,
S1:58.4,S1_GPGP2018,32.01739,-141.4973835,transect_midpoint_arithmetic,2015-08-11 22:19:30+00:00,True,interval_mid,3,6.0,15.8625455651,7.71666,,,,
S1:58.3,S1_GPGP2018,32.01814,-141.497875,transect_midpoint_arithmetic,2015-08-11 22:17:30+00:00,True,interval_mid,1,6.0,14.3836478433,7.71666,,,,
S1:57.4,S1_GPGP2018,32.003635,-142.0377085,transect_midpoint_arithmetic,2015-08-11 16:17:30+00:00,True,interval_mid,2,6.0,13.5390525041,6.173328,,,,
S1:56.3,S1_GPGP2018,32.004615,-142.5758085,transect_midpoint_arithmetic,2015-08-11 10:18:30+00:00,True,interval_mid,1,6.0,13.2053049014,9.259992,,,,
S1:55.3,S1_GPGP2018,32.00919,-143.1054165,transect_midpoint_arithmetic,2015-08-11 04:15:30+00:00,True,interval_mid,1,6.0,11.5924515982,9.259992,,,,
S1:57.3,S1_GPGP2018,32.005335,-142.0441585,transect_midpoint_arithmetic,2015-08-11 16:19:00+00:00,True,interval_mid,1,6.0,13.7019662752,6.173328,,,,
S1:56.4,S1_GPGP2018,32.01915,-142.5771415,transect_midpoint_arithmetic,2015-08-11 10:17:00+00:00,True,interval_mid,2,6.0,14.383493171,9.259992,,,,
S1:55.4,S1_GPGP2018,32.021825,-143.1047085,transect_midpoint_arithmetic,2015-08-11 04:17:00+00:00,True,interval_mid,3,6.0,12.9814697689,9.259992,,,,
S1:61.3,S1_GPGP2018,31.99739,-139.8349335,transect_midpoint_arithmetic,2015-08-12 16:16:00+00:00,True,interval_mid,2,6.0,12.5522082755,5.14444,,,,
S1:62.4,S1_GPGP2018,32.005985,-139.3014665,transect_midpoint_arithmetic,2015-08-12 22:25:00+00:00,True,interval_mid,1,6.0,13.7693205203,9.774436,,,,
S1:61.4,S1_GPGP2018,31.99671,-139.83325,transect_midpoint_arithmetic,2015-08-12 16:17:30+00:00,True,interval_mid,1,6.0,13.2822220171,5.14444,,,,
S1:60.3,S1_GPGP2018,32.00044,-140.333725,transect_midpoint_arithmetic,2015-08-12 10:28:00+00:00,True,interval_mid,1,6.0,14.3023896733,5.14444,,,,
S1:60.4,S1_GPGP2018,32.00135,-140.3389585,transect_midpoint_arithmetic,2015-08-12 10:29:00+00:00,True,interval_mid,2,6.0,16.4167555529,5.14444,,,,
S1:62.3,S1_GPGP2018,32.007425,-139.3066335,transect_midpoint_arithmetic,2015-08-12 22:19:00+00:00,True,interval_mid,2,6.0,12.2634632559,9.774436,,,,
S1:66.4,S1_GPGP2018,31.994635,-137.2262165,transect_midpoint_arithmetic,2015-08-13 22:14:00+00:00,True,interval_mid,2,6.0,13.114597699,8.231104,,,,
S1:65.3,S1_GPGP2018,31.9947,-137.7624415,transect_midpoint_arithmetic,2015-08-13 16:14:00+00:00,True,interval_mid,3,6.0,13.0757011232,8.231104,,,,
S1:66.3,S1_GPGP2018,31.99716,-137.2263335,transect_midpoint_arithmetic,2015-08-13 22:11:30+00:00,True,interval_mid,2,6.0,12.3787336412,8.231104,,,,
S1:63.4,S1_GPGP2018,32.012185,-138.7815415,transect_midpoint_arithmetic,2015-08-13 04:26:00+00:00,True,interval_mid,1,6.0,14.7606200713,8.745548,,,,
S1:64.4,S1_GPGP2018,32.005185,-138.2688915,transect_midpoint_arithmetic,2015-08-13 10:29:30+00:00,True,interval_mid,1,6.0,14.3764470764,7.71666,,,,
S1:65.4,S1_GPGP2018,31.992725,-137.7626085,transect_midpoint_arithmetic,2015-08-13 16:17:30+00:00,True,interval_mid,1,6.0,13.6157761499,8.231104,,,,
S1:64.3,S1_GPGP2018,32.007085,-138.2743415,transect_midpoint_arithmetic,2015-08-13 10:12:30+00:00,True,interval_mid,2,6.0,14.0374641756,7.71666,,,,
S1:63.3,S1_GPGP2018,32.0156,-138.781625,transect_midpoint_arithmetic,2015-08-13 04:24:00+00:00,True,interval_mid,2,6.0,12.6648995806,8.745548,,,,
S1:69.4,S1_GPGP2018,31.99764,-135.6463915,transect_midpoint_arithmetic,2015-08-14 16:17:00+00:00,True,interval_mid,2,6.0,12.9494521277,7.71666,,,,
S1:68.3,S1_GPGP2018,32.002585,-136.1649835,transect_midpoint_arithmetic,2015-08-14 10:20:00+00:00,True,interval_mid,1,6.0,15.4910798867,9.259992,,,,
S1:68.4,S1_GPGP2018,32.001165,-136.1661665,transect_midpoint_arithmetic,2015-08-14 10:21:00+00:00,True,interval_mid,2,6.0,16.6433574395,9.259992,,,,
S1:70.4,S1_GPGP2018,32.00864,-135.113225,transect_midpoint_arithmetic,2015-08-14 22:21:00+00:00,True,interval_mid,2,6.0,13.75,7.71666,,,,
S1:69.3,S1_GPGP2018,31.99859,-135.6470415,transect_midpoint_arithmetic,2015-08-14 16:14:00+00:00,True,interval_mid,1,6.0,12.1823168506,7.71666,,,,
S1:70.3,S1_GPGP2018,32.006465,-135.1148415,transect_midpoint_arithmetic,2015-08-14 22:17:00+00:00,True,interval_mid,1,6.0,12.26,7.71666,,,,
S1:67.4,S1_GPGP2018,32.01855,-136.6982335,transect_midpoint_arithmetic,2015-08-14 04:18:30+00:00,True,interval_mid,3,6.0,12.0395714871,8.745548,,,,
S1:67.3,S1_GPGP2018,32.020115,-136.699625,transect_midpoint_arithmetic,2015-08-14 04:17:30+00:00,True,interval_mid,1,6.0,10.893443703,8.745548,,,,
S1:71.4,S1_GPGP2018,32.008585,-134.5978585,transect_midpoint_arithmetic,2015-08-15 04:17:00+00:00,True,interval_mid,2,6.0,13.187716784,7.71666,,,,
S1:71.3,S1_GPGP2018,32.012615,-134.598725,transect_midpoint_arithmetic,2015-08-15 04:18:30+00:00,True,interval_mid,1,6.0,11.6912931098,7.71666,,,,
S1:72.4,S1_GPGP2018,32.996175,-134.1399,transect_midpoint_arithmetic,2015-08-15 16:19:00+00:00,True,interval_mid,2,6.0,16.7167290642,9.259992,,,,
S1:73.3,S1_GPGP2018,32.99759,-134.7286085,transect_midpoint_arithmetic,2015-08-15 22:15:30+00:00,True,interval_mid,2,6.0,13.2298614156,10.28888,,,,
S1:72.3,S1_GPGP2018,32.9963,-134.135725,transect_midpoint_arithmetic,2015-08-15 16:14:00+00:00,True,interval_mid,1,6.0,15.2004853946,9.259992,,,,
S1:73.4,S1_GPGP2018,32.995785,-134.73065,transect_midpoint_arithmetic,2015-08-15 22:21:00+00:00,True,interval_mid,2,6.0,14.7219901997,10.28888,,,,
S1:74.3,S1_GPGP2018,32.987775,-135.2962085,transect_midpoint_arithmetic,2015-08-16 04:21:30+00:00,True,interval_mid,2,6.0,12.504173625,11.317768000000001,,,,
S1:75.3,S1_GPGP2018,32.996535,-136.8875415,transect_midpoint_arithmetic,2015-08-16 16:13:30+00:00,True,interval_mid,2,6.0,14.1146820221,10.28888,,,,
S1:75.4,S1_GPGP2018,32.994515,-136.89025,transect_midpoint_arithmetic,2015-08-16 16:15:30+00:00,True,interval_mid,1,6.0,15.7965193784,10.28888,,,,
S1:74.4,S1_GPGP2018,32.991835,-135.2950665,transect_midpoint_arithmetic,2015-08-16 04:18:30+00:00,True,interval_mid,1,6.0,15.2920718091,11.317768000000001,,,,
S1:77.3,S1_GPGP2018,32.98329,-138.0048415,transect_midpoint_arithmetic,2015-08-17 04:14:30+00:00,True,interval_mid,2,6.0,13.2855299319,10.28888,,,,
S1:78.3,S1_GPGP2018,32.9915,-139.571725,transect_midpoint_arithmetic,2015-08-17 16:56:00+00:00,True,interval_mid,2,6.0,13.7061432149,12.8611,,,,
S1:78.4,S1_GPGP2018,32.993075,-139.5776835,transect_midpoint_arithmetic,2015-08-17 17:01:30+00:00,True,interval_mid,1,6.0,15.7430646026,12.8611,,,,
S1:77.4,S1_GPGP2018,32.984485,-138.008775,transect_midpoint_arithmetic,2015-08-17 04:18:00+00:00,True,interval_mid,2,6.0,14.983474489,10.28888,,,,
S1:79.4,S1_GPGP2018,33.786985,-138.3120665,transect_midpoint_arithmetic,2015-08-18 22:20:30+00:00,True,interval_mid,2,6.0,13.7050725495,8.231104,,,,
S1:79.3,S1_GPGP2018,33.7888,-138.313375,transect_midpoint_arithmetic,2015-08-18 22:19:00+00:00,True,interval_mid,2,6.0,12.4137735339,8.231104,,,,
S3:HE460_MarLitter_transect01,S3_SE_NORTH_SEA,54.27241,7.81944,geometry_track_center,2016-04-08 16:38:30+00:00,True,effort_mid_segments,5,10.0,15.102,,2016-04-08T16:17:00Z,2016-04-08T17:00:00Z,reconstructed_approx,"[[""2016-04-08T16:17:00Z"", ""2016-04-08T17:00:00Z""]]"
S3:HE460_MarLitter_transect02,S3_SE_NORTH_SEA,54.41695,7.35455,geometry_track_center,2016-04-09 15:28:00+00:00,True,effort_mid_segments,9,10.0,21.663,,2016-04-09T14:58:00Z,2016-04-09T15:58:00Z,single,"[[""2016-04-09T14:58:00Z"", ""2016-04-09T15:58:00Z""]]"
S3:HE460_MarLitter_transect03,S3_SE_NORTH_SEA,54.8412,6.63795,geometry_track_center,2016-04-10 16:46:30+00:00,True,effort_mid_segments,13,10.0,22.93,,2016-04-10T16:15:00Z,2016-04-10T17:18:00Z,single,"[[""2016-04-10T16:15:00Z"", ""2016-04-10T17:18:00Z""]]"
S1:458,S1_GPGP2018,33.49555192,-136.5600457,mosaic_center,2016-10-02 12:00:00+00:00,False,date_only_noon,3,,,,,,,
S1:461,S1_GPGP2018,33.49622084,-135.3724492,mosaic_center,2016-10-02 12:00:00+00:00,False,date_only_noon,3,,,,,,,
S1:457,S1_GPGP2018,33.49671682,-136.9623122,mosaic_center,2016-10-02 12:00:00+00:00,False,date_only_noon,3,,,,,,,
S1:459,S1_GPGP2018,33.49675184,-136.1707262,mosaic_center,2016-10-02 12:00:00+00:00,False,date_only_noon,1,,,,,,,
S1:462,S1_GPGP2018,33.49692284,-135.0601644,mosaic_center,2016-10-02 12:00:00+00:00,False,date_only_noon,2,,,,,,,
S1:455,S1_GPGP2018,33.49714847,-137.8789428,mosaic_center,2016-10-02 12:00:00+00:00,False,date_only_noon,3,,,,,,,
S1:453,S1_GPGP2018,33.49731449,-138.6496094,mosaic_center,2016-10-02 12:00:00+00:00,False,date_only_noon,3,,,,,,,
S1:460,S1_GPGP2018,33.49765517,-135.7647745,mosaic_center,2016-10-02 12:00:00+00:00,False,date_only_noon,1,,,,,,,
S1:451,S1_GPGP2018,33.49772243,-139.4681504,mosaic_center,2016-10-02 12:00:00+00:00,False,date_only_noon,3,,,,,,,
S1:450,S1_GPGP2018,33.49782254,-139.8681355,mosaic_center,2016-10-02 12:00:00+00:00,False,date_only_noon,4,,,,,,,
S1:452,S1_GPGP2018,33.49785508,-139.0757409,mosaic_center,2016-10-02 12:00:00+00:00,False,date_only_noon,4,,,,,,,
S1:449,S1_GPGP2018,33.49795999,-140.3813425,mosaic_center,2016-10-02 12:00:00+00:00,False,date_only_noon,3,,,,,,,
S1:447,S1_GPGP2018,33.49799408,-141.1880803,mosaic_center,2016-10-02 12:00:00+00:00,False,date_only_noon,2,,,,,,,
S1:448,S1_GPGP2018,33.49808549,-140.7865538,mosaic_center,2016-10-02 12:00:00+00:00,False,date_only_noon,4,,,,,,,
S1:456,S1_GPGP2018,33.49815916,-137.3529596,mosaic_center,2016-10-02 12:00:00+00:00,False,date_only_noon,3,,,,,,,
S1:454,S1_GPGP2018,33.49819128,-138.2703464,mosaic_center,2016-10-02 12:00:00+00:00,False,date_only_noon,4,,,,,,,
S1:463,S1_GPGP2018,30.23318968,-143.5611729,mosaic_center,2016-10-06 12:00:00+00:00,False,date_only_noon,4,,,,,,,
S1:464,S1_GPGP2018,30.38681784,-143.2532282,mosaic_center,2016-10-06 12:00:00+00:00,False,date_only_noon,3,,,,,,,
S1:465,S1_GPGP2018,30.58268547,-142.8671268,mosaic_center,2016-10-06 12:00:00+00:00,False,date_only_noon,3,,,,,,,
S1:466,S1_GPGP2018,30.74667654,-142.5368304,mosaic_center,2016-10-06 12:00:00+00:00,False,date_only_noon,3,,,,,,,
S1:467,S1_GPGP2018,30.90977434,-142.213408,mosaic_center,2016-10-06 12:00:00+00:00,False,date_only_noon,4,,,,,,,
S1:468,S1_GPGP2018,31.11562742,-141.8027885,mosaic_center,2016-10-06 12:00:00+00:00,False,date_only_noon,5,,,,,,,
S1:469,S1_GPGP2018,31.30275286,-141.4250874,mosaic_center,2016-10-06 12:00:00+00:00,False,date_only_noon,3,,,,,,,
S1:470,S1_GPGP2018,31.49799962,-141.0369151,mosaic_center,2016-10-06 12:00:00+00:00,False,date_only_noon,3,,,,,,,
S1:471,S1_GPGP2018,31.92996577,-140.1632373,mosaic_center,2016-10-06 12:00:00+00:00,False,date_only_noon,3,,,,,,,
S1:472,S1_GPGP2018,32.111467,-139.7963323,mosaic_center,2016-10-06 12:00:00+00:00,False,date_only_noon,4,,,,,,,
S1:473,S1_GPGP2018,32.28112714,-139.4525212,mosaic_center,2016-10-06 12:00:00+00:00,False,date_only_noon,3,,,,,,,
S1:474,S1_GPGP2018,32.4514417,-139.1051593,mosaic_center,2016-10-06 12:00:00+00:00,False,date_only_noon,3,,,,,,,
S1:475,S1_GPGP2018,32.61532021,-138.7708699,mosaic_center,2016-10-06 12:00:00+00:00,False,date_only_noon,3,,,,,,,
S1:476,S1_GPGP2018,32.78551367,-138.424217,mosaic_center,2016-10-06 12:00:00+00:00,False,date_only_noon,5,,,,,,,
S1:477,S1_GPGP2018,32.91726452,-138.1558311,mosaic_center,2016-10-06 12:00:00+00:00,False,date_only_noon,2,,,,,,,
S4:DOORS3:T2,S4_BLACK_SEA_DOORS3,43.55139,29.83056,reported_transect_center,2024-06-02 12:00:00+00:00,False,date_only_noon,1,,,,,,,
S4:DOORS3:T1,S4_BLACK_SEA_DOORS3,43.60877,29.6227,reported_transect_center,2024-06-02 12:00:00+00:00,False,date_only_noon,1,,,,,,,
S4:DOORS3:T10,S4_BLACK_SEA_DOORS3,42.88389,34.07009,reported_transect_center,2024-06-03 12:00:00+00:00,False,date_only_noon,1,,,,,,,
S4:DOORS3:T9,S4_BLACK_SEA_DOORS3,42.92725,33.84326,reported_transect_center,2024-06-03 12:00:00+00:00,False,date_only_noon,1,,,,,,,
S4:DOORS3:T8,S4_BLACK_SEA_DOORS3,42.97347,33.58861,reported_transect_center,2024-06-03 12:00:00+00:00,False,date_only_noon,1,,,,,,,
S4:DOORS3:T7,S4_BLACK_SEA_DOORS3,42.98847,33.42236,reported_transect_center,2024-06-03 12:00:00+00:00,False,date_only_noon,1,,,,,,,
S4:DOORS3:T6,S4_BLACK_SEA_DOORS3,43.02454,33.19144,reported_transect_center,2024-06-03 12:00:00+00:00,False,date_only_noon,1,,,,,,,
S4:DOORS3:T5,S4_BLACK_SEA_DOORS3,43.08425,32.83359,reported_transect_center,2024-06-03 12:00:00+00:00,False,date_only_noon,1,,,,,,,
S4:DOORS3:T4,S4_BLACK_SEA_DOORS3,43.11612,32.59565,reported_transect_center,2024-06-03 12:00:00+00:00,False,date_only_noon,1,,,,,,,
S4:DOORS3:T3,S4_BLACK_SEA_DOORS3,43.13,32.45125,reported_transect_center,2024-06-03 12:00:00+00:00,False,date_only_noon,1,,,,,,,
S4:DOORS3:T17,S4_BLACK_SEA_DOORS3,42.21806,38.41583,reported_transect_center,2024-06-04 12:00:00+00:00,False,date_only_noon,1,,,,,,,
S4:DOORS3:T16,S4_BLACK_SEA_DOORS3,42.26162,38.13714,reported_transect_center,2024-06-04 12:00:00+00:00,False,date_only_noon,1,,,,,,,
S4:DOORS3:T15,S4_BLACK_SEA_DOORS3,42.30189,37.87974,reported_transect_center,2024-06-04 12:00:00+00:00,False,date_only_noon,1,,,,,,,
S4:DOORS3:T14,S4_BLACK_SEA_DOORS3,42.33851,37.66594,reported_transect_center,2024-06-04 12:00:00+00:00,False,date_only_noon,1,,,,,,,
S4:DOORS3:T13,S4_BLACK_SEA_DOORS3,42.39014,37.32999,reported_transect_center,2024-06-04 12:00:00+00:00,False,date_only_noon,1,,,,,,,
S4:DOORS3:T12,S4_BLACK_SEA_DOORS3,42.43722,37.03694,reported_transect_center,2024-06-04 12:00:00+00:00,False,date_only_noon,1,,,,,,,
S4:DOORS3:T11,S4_BLACK_SEA_DOORS3,42.49278,36.67806,reported_transect_center,2024-06-04 12:00:00+00:00,False,date_only_noon,1,,,,,,,
S4:DOORS3:T19,S4_BLACK_SEA_DOORS3,41.77479,41.24776,reported_transect_center,2024-06-05 12:00:00+00:00,False,date_only_noon,1,,,,,,,
S4:DOORS3:T18,S4_BLACK_SEA_DOORS3,41.80211,41.069,reported_transect_center,2024-06-05 12:00:00+00:00,False,date_only_noon,1,,,,,,,
S4:DOORS3:T21,S4_BLACK_SEA_DOORS3,41.5955,41.54911,reported_transect_center,2024-06-07 12:00:00+00:00,False,date_only_noon,1,,,,,,,
S4:DOORS3:T20,S4_BLACK_SEA_DOORS3,41.72292,41.63597,reported_transect_center,2024-06-07 12:00:00+00:00,False,date_only_noon,1,,,,,,,
S4:DOORS3:T22,S4_BLACK_SEA_DOORS3,42.17581,41.57697,reported_transect_center,2024-06-09 12:00:00+00:00,False,date_only_noon,1,,,,,,,
S4:DOORS3:T24,S4_BLACK_SEA_DOORS3,42.19727,41.57478,reported_transect_center,2024-06-10 12:00:00+00:00,False,date_only_noon,1,,,,,,,
S4:DOORS3:T23,S4_BLACK_SEA_DOORS3,42.34066,41.54807,reported_transect_center,2024-06-10 12:00:00+00:00,False,date_only_noon,1,,,,,,,
S4:DOORS3:T25,S4_BLACK_SEA_DOORS3,42.037,41.67792,reported_transect_center,2024-06-11 12:00:00+00:00,False,date_only_noon,1,,,,,,,
S4:DOORS3:T26,S4_BLACK_SEA_DOORS3,41.75572,41.01448,reported_transect_center,2024-06-14 12:00:00+00:00,False,date_only_noon,1,,,,,,,
S4:DOORS3:T27,S4_BLACK_SEA_DOORS3,41.78824,40.71548,reported_transect_center,2024-06-14 12:00:00+00:00,False,date_only_noon,1,,,,,,,
S4:DOORS3:T28,S4_BLACK_SEA_DOORS3,41.83251,40.38475,reported_transect_center,2024-06-14 12:00:00+00:00,False,date_only_noon,1,,,,,,,
S4:DOORS3:T29,S4_BLACK_SEA_DOORS3,42.0533,38.5873,reported_transect_center,2024-06-15 12:00:00+00:00,False,date_only_noon,1,,,,,,,
S4:DOORS3:T32,S4_BLACK_SEA_DOORS3,42.46465,30.95665,reported_transect_center,2024-06-17 12:00:00+00:00,False,date_only_noon,1,,,,,,,
S4:DOORS3:T31,S4_BLACK_SEA_DOORS3,42.49174,31.26427,reported_transect_center,2024-06-17 12:00:00+00:00,False,date_only_noon,1,,,,,,,
S4:DOORS3:T30,S4_BLACK_SEA_DOORS3,42.51907,31.50876,reported_transect_center,2024-06-17 12:00:00+00:00,False,date_only_noon,1,,,,,,,
S4:DOORS3:T33,S4_BLACK_SEA_DOORS3,43.35643,29.21475,reported_transect_center,2024-06-18 12:00:00+00:00,False,date_only_noon,1,,,,,,,
