event_id,sample_ids,scene_id,source,scene_datetime,dt_hours,coverage,valid_water_frac,cloud_frac,glint_frac,land_frac,decision,reason,n_det,det_area_m2,prob_max,field_items_km2,strip_area_km2,glint_b11_median,spectral_cloud_frac,n_det_crop,det_frac_water_crop,prob_p99_strip,level,dir
S3:HE419_MarLitter_transect29,MPL-0162;MPL-0163;MPL-0164;MPL-0165;MPL-0166;MPL-0167,LC08_L2SP_196022_20140412_02_T1,planetary-computer/landsat-c2-l2,2014-04-12T10:20:44.439949Z,23.65,1.0,0.0,1.0,,0.0,reject,cloud,,,,17.3,1.1997,,,,,,L2SP,S3_HE419_MarLitter_transect29
S3:HE419_MarLitter_transect30,MPL-0153;MPL-0154;MPL-0155;MPL-0156;MPL-0157;MPL-0158;MPL-0159;MPL-0160;MPL-0161,LC08_L2SP_196022_20140412_02_T1,planetary-computer/landsat-c2-l2,2014-04-12T10:20:44.439949Z,21.22,0.8068,0.0,1.0,,0.0,reject,cloud(qa_suspect:red_sr<0.03),,,,195.1,0.9504,,,,,,L2SP,S3_HE419_MarLitter_transect30
S3:HE419_MarLitter_transect32,MPL-0143;MPL-0144;MPL-0145;MPL-0146;MPL-0147;MPL-0150;MPL-0151,LC08_L2SP_196022_20140412_02_T1,planetary-computer/landsat-c2-l2,2014-04-12T10:20:44.439949Z,15.78,0.5695,0.0,1.0,,0.0,reject,insufficient_coverage,,,,19.7,1.5408,,,,,,L2SP,S3_HE419_MarLitter_transect32
S3:HE460_MarLitter_transect01,MPL-0779;MPL-0780;MPL-0781;MPL-0782;MPL-0783,S2A_MSIL2A_20160408T104022_R008_T32UMF_20210211T022918,planetary-computer/sentinel-2-l2a,2016-04-08T10:40:22.030000Z,-5.97,1.0,0.0233,0.8939,0.0769,0.0,reject,cloud,0.0,0.0,0.0001,19.9,0.5109,0.0225,0.0687,0.0,0.0,0.0,L2A,S3_HE460_MarLitter_transect01
S3:HE460_MarLitter_transect03,MPL-0793;MPL-0794;MPL-0795;MPL-0796;MPL-0797;MPL-0798;MPL-0799;MPL-0800;MPL-0801;MPL-0802;MPL-0803;MPL-0804;MPL-0805,S2A_MSIL2A_20160411T105022_R051_T32ULF_20210211T031140,planetary-computer/sentinel-2-l2a,2016-04-11T10:50:22.030000Z,18.06,1.0,1.0,0.0,0.0,0.0,accept,,0.0,0.0,0.1535,52.3,0.7633,0.0046,0.0,5.0,1e-06,0.0003,L2A,S3_HE460_MarLitter_transect03
S4:DOORS3:T1,MPL-0904,S2A_35TQJ_20240602_0_L2A,earth-search/sentinel-2-l2a,2024-06-02T08:58:16.484000Z,-3.03,1.0,1.0,0.0,0.0,0.0,accept,,0.0,0.0,0.0,192.54,0.8049,0.0046,0.0,0.0,0.0,0.0,L2A,S4_DOORS3_T1
S4:DOORS3:T11,MPL-0919,S2A_36TYN_20240603_0_L2A,earth-search/sentinel-2-l2a,2024-06-03T08:28:24.294000Z,-27.53,1.0,0.9956,0.0,0.0044,0.0,accept,,0.0,0.0,0.0,62.52,0.8042,0.0084,0.0,0.0,0.0,0.0,L2A,S4_DOORS3_T11
S4:DOORS3:T12,MPL-0918,S2A_37TCH_20240603_0_L2A,earth-search/sentinel-2-l2a,2024-06-03T08:28:19.787000Z,-27.53,1.0,0.0,0.0,1.0,0.0,reject,glint,0.0,0.0,0.0001,48.97,0.8041,0.0143,0.0,0.0,0.0,0.0,L2A,S4_DOORS3_T12
S4:DOORS3:T13,MPL-0917,S2A_37TCH_20240603_0_L2A,earth-search/sentinel-2-l2a,2024-06-03T08:28:19.787000Z,-27.53,1.0,0.0,0.0,1.0,0.0,reject,glint,0.0,0.0,0.0001,263.57,0.8045,0.0155,0.0,0.0,0.0,0.0,L2A,S4_DOORS3_T13
S4:DOORS3:T14,MPL-0916,S2A_37TCG_20240603_0_L2A,earth-search/sentinel-2-l2a,2024-06-03T08:28:34.047000Z,-27.52,1.0,0.0,0.0,1.0,0.0,reject,glint,0.0,0.0,0.0002,89.39,0.8045,0.0236,0.0,0.0,0.0,0.0,L2A,S4_DOORS3_T14
S4:DOORS3:T15,MPL-0915,S2A_37TDG_20240603_0_L2A,earth-search/sentinel-2-l2a,2024-06-03T08:28:30.310000Z,-27.52,1.0,0.0,0.0,1.0,0.0,reject,glint,0.0,0.0,0.0001,127.14,0.8046,0.0178,0.0,0.0,0.0,0.0,L2A,S4_DOORS3_T15
S4:DOORS3:T16,MPL-0914,S2A_37TDG_20240603_0_L2A,earth-search/sentinel-2-l2a,2024-06-03T08:28:30.310000Z,-27.52,1.0,0.074,0.0,0.926,0.0,reject,glint,0.0,0.0,0.0,64.91,0.8045,0.0123,0.0,0.0,0.0,0.0,L2A,S4_DOORS3_T16
S4:DOORS3:T17,MPL-0913,S2A_37TDG_20240603_0_L2A,earth-search/sentinel-2-l2a,2024-06-03T08:28:30.310000Z,-27.52,1.0,1.0,0.0,0.0,0.0,accept,,0.0,0.0,0.0,89.61,0.8046,0.0045,0.0,0.0,0.0,0.0,L2A,S4_DOORS3_T17
S4:DOORS3:T18,MPL-0921,S2B_37TFG_20240605_0_L2A,earth-search/sentinel-2-l2a,2024-06-05T08:18:24.671000Z,-3.69,1.0,1.0,0.0,0.0,0.0,accept,,0.0,0.0,0.0,348.74,0.8044,0.0021,0.0,0.0,0.0,0.0,L2A,S4_DOORS3_T18
S4:DOORS3:T19,MPL-0920,S2B_37TFG_20240605_0_L2A,earth-search/sentinel-2-l2a,2024-06-05T08:18:24.671000Z,-3.69,1.0,1.0,0.0,0.0,0.0,accept,,0.0,0.0,0.0,544.69,0.8043,0.0026,0.0,0.0,0.0,0.0,L2A,S4_DOORS3_T19
S4:DOORS3:T2,MPL-0903,S2A_35TQJ_20240602_0_L2A,earth-search/sentinel-2-l2a,2024-06-02T08:58:16.484000Z,-3.03,1.0,1.0,0.0,0.0,0.0,accept,,0.0,0.0,0.0,439.84,0.8042,0.0055,0.0,0.0,0.0,0.0,L2A,S4_DOORS3_T2
S4:DOORS3:T20,MPL-0923,S2A_37TGG_20240607_0_L2A,earth-search/sentinel-2-l2a,2024-06-07T08:08:27.982000Z,-3.86,1.0,0.0,0.0432,0.9568,0.0,reject,glint,0.0,0.0,0.0002,224.92,0.804,0.0182,0.0432,0.0,0.0,0.0,L2A,S4_DOORS3_T20
S4:DOORS3:T21,MPL-0922,S2A_37TGG_20240607_0_L2A,earth-search/sentinel-2-l2a,2024-06-07T08:08:27.982000Z,-3.86,1.0,0.0,0.0,1.0,0.0,reject,glint,0.0,0.0,0.0006,67.34,0.804,0.0165,0.0,0.0,0.0,0.0,L2A,S4_DOORS3_T21
S4:DOORS3:T25,MPL-0927,S2B_37TGG_20240612_0_L2A,earth-search/sentinel-2-l2a,2024-06-12T08:08:25.559000Z,20.14,1.0,1.0,0.0,0.0,0.0,accept,,0.0,0.0,0.0,976.01,0.8041,0.0046,0.0,0.0,0.0,0.0,L2A,S4_DOORS3_T25
S4:DOORS3:T3,MPL-0912,S2A_36TVN_20240602_0_L2A,earth-search/sentinel-2-l2a,2024-06-02T08:58:21.552000Z,-27.03,1.0,0.0,0.0,1.0,0.0,reject,glint,0.0,0.0,,686.06,0.8046,,0.0,0.0,0.0,,L2A,S4_DOORS3_T3
S4:DOORS3:T30,MPL-0934,S2B_36TUN_20240617_0_L2A,earth-search/sentinel-2-l2a,2024-06-17T08:58:25.997000Z,-3.03,1.0,1.0,0.0,0.0,0.0,accept,,0.0,0.0,0.0004,587.41,0.8045,0.0014,0.0,0.0,0.0,0.0,L2A,S4_DOORS3_T30
S4:DOORS3:T31,MPL-0933,S2B_36TUN_20240617_0_L2A,earth-search/sentinel-2-l2a,2024-06-17T08:58:25.997000Z,-3.03,1.0,1.0,0.0,0.0,0.0,accept,,0.0,0.0,0.0,345.29,0.8041,0.0013,0.0,0.0,0.0,0.0,L2A,S4_DOORS3_T31
S4:DOORS3:T32,MPL-0932,S2B_36TUN_20240617_0_L2A,earth-search/sentinel-2-l2a,2024-06-17T08:58:25.997000Z,-3.03,1.0,1.0,0.0,0.0,0.0,accept,,0.0,0.0,0.0002,198.51,0.8039,0.0018,0.0,0.0,0.0,0.0,L2A,S4_DOORS3_T32
S4:DOORS3:T33,MPL-0935,LC09_L2SP_180030_20240618_02_T1,planetary-computer/landsat-c2-l2,2024-06-18T08:44:09.153463Z,-3.26,1.0,1.0,0.0,,0.0,accept,,,,,340.86,0.8451,,,,,,L2SP,S4_DOORS3_T33
S4:DOORS3:T4,MPL-0911,S2A_36TVN_20240602_0_L2A,earth-search/sentinel-2-l2a,2024-06-02T08:58:21.552000Z,-27.03,1.0,0.0,0.0,1.0,0.0,reject,glint,0.0,0.0,,269.64,0.8045,,0.0,0.0,0.0,,L2A,S4_DOORS3_T4
S4:DOORS3:T5,MPL-0910,S2A_36TVN_20240602_0_L2A,earth-search/sentinel-2-l2a,2024-06-02T08:58:21.552000Z,-27.03,1.0,0.0,0.0,1.0,0.0,reject,glint,0.0,0.0,,389.72,0.8045,,0.0,0.0,0.0,,L2A,S4_DOORS3_T5
S4:DOORS3:T6,MPL-0909,LC09_L2SP_178030_20240604_02_T2,planetary-computer/landsat-c2-l2,2024-06-04T08:32:00.369518Z,20.53,1.0,0.0,1.0,,0.0,reject,cloud(qa_suspect:red_sr<0.03),,,,268.24,0.8496,,,,,,L2SP,S4_DOORS3_T6
S4:DOORS3:T7,MPL-0908,LC09_L2SP_178030_20240604_02_T2,planetary-computer/landsat-c2-l2,2024-06-04T08:32:00.369518Z,20.53,1.0,0.0,1.0,,0.0,reject,cloud(qa_suspect:red_sr<0.03),,,,131.17,0.8442,,,,,,L2SP,S4_DOORS3_T7
S4:DOORS3:T8,MPL-0907,LC09_L2SP_178030_20240604_02_T2,planetary-computer/landsat-c2-l2,2024-06-04T08:32:00.369518Z,20.53,1.0,0.0,1.0,,0.0,reject,cloud(qa_suspect:red_sr<0.03),,,,217.98,0.8469,,,,,,L2SP,S4_DOORS3_T8
