event_id,source_id,n_segments,geometry_status,sum_length_km,sum_length_km_geodesic,csv_transect_length_km,area_from_segments_km2,area_author_km2,csv_sampled_area_km2,rel_diff_segments_vs_author,csv_equals_author_area,time_start_utc,time_end_utc,csv_time_start,csv_time_end,effort_min,span_min,segments_inside_csv_interval,start_vs_csv_km,end_vs_csv_km,gap_between_segments_km,csv_lon,csv_lat,csv_position_role,track_center_lon,track_center_lat,center_shift_km,effort_mid_utc,csv_interval_mid_utc,n_items_source,max_item_offtrack_km,n_items_offtrack
S2:MSM41_litter-T1,S2_SARGASSO_MSM41,1,single,19.68,19.6935,19.68,0.1968,0.1968,0.1968,0.0,True,2015-04-01T16:17:00Z,2015-04-01T17:17:00Z,2015-04-01T16:17:00Z,2015-04-01T17:17:00Z,60.0,60.0,True,0.0,0.0,0.0,-64.714325,32.232809,transect_midpoint_arithmetic,-64.71433,32.23281,0.0,2015-04-01T16:47:00Z,2015-04-01T16:47:00Z,4,0.014,0
S2:MSM41_litter-T2,S2_SARGASSO_MSM41,1,single,22.799,22.8149,22.799,0.22799,0.22799,0.22799,0.0,True,2015-04-02T08:18:00Z,2015-04-02T09:18:00Z,2015-04-02T08:18:00Z,2015-04-02T09:18:00Z,60.0,60.0,True,0.0,0.0,0.0,-67.935275,30.827925,transect_midpoint_arithmetic,-67.93527,30.82793,0.0,2015-04-02T08:48:00Z,2015-04-02T08:48:00Z,13,0.108,0
S2:MSM41_litter-T3,S2_SARGASSO_MSM41,1,single,19.281,19.2942,19.281,0.19281,0.19280999999999998,0.19281,0.0,True,2015-04-02T10:36:00Z,2015-04-02T11:26:00Z,2015-04-02T10:36:00Z,2015-04-02T11:26:00Z,50.0,50.0,True,0.0,0.0,0.0,-68.419933,30.634591,transect_midpoint_arithmetic,-68.41993,30.63459,0.0,2015-04-02T11:01:00Z,2015-04-02T11:01:00Z,6,0.074,0
S2:MSM41_litter-T4,S2_SARGASSO_MSM41,1,single,24.465,24.4812,24.465,0.24465,0.24465,0.24465,0.0,True,2015-04-02T12:43:00Z,2015-04-02T13:43:00Z,2015-04-02T12:43:00Z,2015-04-02T13:43:00Z,60.0,60.0,True,0.0,0.0,0.0,-68.913542,30.436175,transect_midpoint_arithmetic,-68.91354,30.43617,0.0,2015-04-02T13:13:00Z,2015-04-02T13:13:00Z,8,0.083,0
S2:MSM41_litter-T5,S2_SARGASSO_MSM41,1,single,12.874,12.8824,12.874,0.12874,0.12874000000000002,0.12874,0.0,True,2015-04-02T16:56:00Z,2015-04-02T17:29:00Z,2015-04-02T16:56:00Z,2015-04-02T17:29:00Z,33.0,33.0,True,0.0,0.0,0.0,-69.829333,30.068492,transect_midpoint_arithmetic,-69.82933,30.06849,0.0,2015-04-02T17:12:30Z,2015-04-02T17:12:30Z,3,0.021,0
S2:MSM41_litter-T6,S2_SARGASSO_MSM41,1,single,24.064,24.0798,24.064,0.24064,0.24064,0.24064,0.0,True,2015-04-03T08:13:00Z,2015-04-03T09:13:00Z,2015-04-03T08:13:00Z,2015-04-03T09:13:00Z,60.0,60.0,True,0.0,0.0,0.0,-69.880942,29.847233,transect_midpoint_arithmetic,-69.88094,29.84723,0.0,2015-04-03T08:43:00Z,2015-04-03T08:43:00Z,8,0.018,0
S2:MSM41_litter-T7,S2_SARGASSO_MSM41,1,single,23.755,23.7711,23.755,0.23755,0.23754999999999998,0.23755,0.0,True,2015-04-03T10:11:00Z,2015-04-03T11:12:00Z,2015-04-03T10:11:00Z,2015-04-03T11:12:00Z,61.0,61.0,True,0.0,0.0,0.0,-69.942583,29.4284,transect_midpoint_arithmetic,-69.94258,29.4284,0.0,2015-04-03T10:41:30Z,2015-04-03T10:41:30Z,9,0.013,0
S2:MSM41_litter-T8,S2_SARGASSO_MSM41,1,single,19.511,19.5243,19.511,0.19511,0.19511,0.19511,-0.0,True,2015-04-03T11:51:00Z,2015-04-03T12:40:00Z,2015-04-03T11:51:00Z,2015-04-03T12:40:00Z,49.0,49.0,True,0.0,0.0,0.0,-69.993191,29.095284,transect_midpoint_arithmetic,-69.99319,29.09528,0.0,2015-04-03T12:15:30Z,2015-04-03T12:15:30Z,4,0.164,0
S2:MSM41_litter-T10,S2_SARGASSO_MSM41,1,single,23.885,23.9011,23.885,0.23885,0.23885,0.23885,0.0,True,2015-04-04T16:08:00Z,2015-04-04T17:08:00Z,2015-04-04T16:08:00Z,2015-04-04T17:08:00Z,60.0,60.0,True,0.0,0.0,0.0,-69.835292,27.447242,transect_midpoint_arithmetic,-69.83529,27.44724,0.0,2015-04-04T16:38:00Z,2015-04-04T16:38:00Z,5,0.09,0
S2:MSM41_litter-T11,S2_SARGASSO_MSM41,1,single,10.345,10.352,10.345,0.10345,0.10345000000000001,0.10345,-0.0,True,2015-04-05T08:17:00Z,2015-04-05T08:44:00Z,2015-04-05T08:17:00Z,2015-04-05T08:44:00Z,27.0,27.0,True,0.0,0.0,0.0,-70.001758,26.059658,transect_midpoint_arithmetic,-70.00176,26.05966,0.0,2015-04-05T08:30:30Z,2015-04-05T08:30:30Z,2,0.167,0
S2:MSM41_litter-T12,S2_SARGASSO_MSM41,1,single,9.169,9.1659,9.169,0.09169,0.09169000000000001,0.09169,-0.0,True,2015-04-05T14:27:00Z,2015-04-05T15:27:00Z,2015-04-05T14:27:00Z,2015-04-05T15:27:00Z,60.0,60.0,True,0.0,0.0,0.0,-69.949392,25.890125,transect_midpoint_arithmetic,-69.94939,25.89013,0.0,2015-04-05T14:57:00Z,2015-04-05T14:57:00Z,2,0.014,0
S2:MSM41_litter-T13,S2_SARGASSO_MSM41,1,single,22.82,22.8356,22.82,0.2282,0.22820000000000001,0.2282,-0.0,True,2015-04-06T08:16:00Z,2015-04-06T09:16:00Z,2015-04-06T08:16:00Z,2015-04-06T09:16:00Z,60.0,60.0,True,0.0,0.0,0.0,-69.977716,24.820067,transect_midpoint_arithmetic,-69.97772,24.82007,0.0,2015-04-06T08:46:00Z,2015-04-06T08:46:00Z,4,0.026,0
S2:MSM41_litter-T14,S2_SARGASSO_MSM41,1,single,14.255,14.2651,14.255,0.14255,0.14255,0.14255,0.0,True,2015-04-06T13:50:00Z,2015-04-06T14:50:00Z,2015-04-06T13:50:00Z,2015-04-06T14:50:00Z,60.0,60.0,True,0.0,0.0001,0.0,-69.861,24.508533,transect_midpoint_arithmetic,-69.861,24.50853,0.0,2015-04-06T14:20:00Z,2015-04-06T14:20:00Z,11,6.129,6
S2:MSM41_litter-T15,S2_SARGASSO_MSM41,1,single,23.024,23.0394,23.024,0.23024,0.23024,0.23024,0.0,True,2015-04-06T15:47:00Z,2015-04-06T16:47:00Z,2015-04-06T15:47:00Z,2015-04-06T16:47:00Z,60.0,60.0,True,0.0001,0.0001,0.0,-69.437308,24.381,transect_midpoint_arithmetic,-69.43731,24.381,0.0,2015-04-06T16:17:00Z,2015-04-06T16:17:00Z,5,0.038,0
S2:MSM41_litter-T16,S2_SARGASSO_MSM41,1,single,23.154,23.1696,23.154,0.23154,0.23154,0.23154,0.0,True,2015-04-06T18:12:00Z,2015-04-06T19:12:00Z,2015-04-06T18:12:00Z,2015-04-06T19:12:00Z,60.0,60.0,True,0.0,0.0001,0.0,-68.922984,24.22615,transect_midpoint_arithmetic,-68.92298,24.22615,0.0,2015-04-06T18:42:00Z,2015-04-06T18:42:00Z,2,90.761,2
S2:MSM41_litter-T17,S2_SARGASSO_MSM41,1,single,22.844,22.8599,22.844,0.22844,0.22844,0.22844,0.0,True,2015-04-07T09:51:00Z,2015-04-07T10:51:00Z,2015-04-07T09:51:00Z,2015-04-07T10:51:00Z,60.0,60.0,True,0.0,0.0,0.0,-67.0049,23.631092,transect_midpoint_arithmetic,-67.0049,23.63109,0.0,2015-04-07T10:21:00Z,2015-04-07T10:21:00Z,6,28.943,1
S2:MSM41_litter-T18,S2_SARGASSO_MSM41,2,segment,21.284,21.2981,21.284,0.21284,0.22,0.22,-0.0325,True,2015-04-07T16:12:00Z,2015-04-07T17:24:00Z,2015-04-07T16:12:00Z,2015-04-07T17:24:00Z,60.0,72.0,True,0.0,0.0,2.827,-66.964783,24.171909,transect_midpoint_arithmetic,-66.97081,24.16243,1.219,2015-04-07T16:54:00Z,2015-04-07T16:48:00Z,14,0.28,0
S2:MSM41_litter-T19,S2_SARGASSO_MSM41,1,single,23.233,23.2487,23.233,0.23233,0.23233,0.23233,0.0,True,2015-04-08T08:15:00Z,2015-04-08T09:15:00Z,2015-04-08T08:15:00Z,2015-04-08T09:15:00Z,60.0,60.0,True,0.0,0.0,0.0,-66.907584,25.320633,transect_midpoint_arithmetic,-66.90758,25.32063,0.0,2015-04-08T08:45:00Z,2015-04-08T08:45:00Z,3,0.054,0
S2:MSM41_litter-T20,S2_SARGASSO_MSM41,1,single,22.78,22.8152,22.78,0.2278,0.2278,0.2278,0.0,True,2015-04-08T10:11:00Z,2015-04-08T11:11:00Z,2015-04-08T10:11:00Z,2015-04-08T11:11:00Z,60.0,60.0,True,0.0,0.0,0.0,-66.96495,25.718666,transect_midpoint_arithmetic,-66.96495,25.71867,0.0,2015-04-08T10:41:00Z,2015-04-08T10:41:00Z,8,0.021,0
S2:MSM41_litter-T21,S2_SARGASSO_MSM41,1,single,24.22,24.2368,24.22,0.2422,0.2422,0.2422,0.0,True,2015-04-08T17:54:00Z,2015-04-08T18:54:00Z,2015-04-08T17:54:00Z,2015-04-08T18:54:00Z,60.0,60.0,True,0.0,0.0,0.0,-66.939225,26.122325,transect_midpoint_arithmetic,-66.93922,26.12233,0.0,2015-04-08T18:24:00Z,2015-04-08T18:24:00Z,8,1.008,1
S2:MSM41_litter-T22,S2_SARGASSO_MSM41,2,segment,23.645,23.6607,23.645,0.23645,0.24,0.24,-0.0148,True,2015-04-09T08:05:00Z,2015-04-09T09:11:00Z,2015-04-09T08:05:00Z,2015-04-09T09:11:00Z,60.0,66.0,True,0.0,0.0,1.751,-66.977675,27.715733,transect_midpoint_arithmetic,-66.97673,27.7079,0.876,2015-04-09T08:35:00Z,2015-04-09T08:38:00Z,11,0.008,0
S2:MSM41_litter-T23,S2_SARGASSO_MSM41,1,single,24.491,24.508,24.491,0.24491,0.24491,0.24491,0.0,True,2015-04-09T15:36:00Z,2015-04-09T16:36:00Z,2015-04-09T15:36:00Z,2015-04-09T16:36:00Z,62.0,60.0,True,0.0,0.0,0.0,-66.920958,28.200058,transect_midpoint_arithmetic,-66.92096,28.20006,0.0,2015-04-09T16:06:00Z,2015-04-09T16:06:00Z,16,0.036,0
S2:MSM41_litter-T24,S2_SARGASSO_MSM41,1,single,23.5,23.5157,23.5,0.235,0.23500000000000001,0.235,-0.0,True,2015-04-09T18:27:00Z,2015-04-09T19:27:00Z,2015-04-09T18:27:00Z,2015-04-09T19:27:00Z,60.0,60.0,True,0.0,0.0,0.0,-66.986041,28.813958,transect_midpoint_arithmetic,-66.98604,28.81396,0.0,2015-04-09T18:57:00Z,2015-04-09T18:57:00Z,21,1.179,1
S2:MSM41_litter-T25,S2_SARGASSO_MSM41,1,single,23.959,23.9756,23.959,0.23959,0.23959,0.23959,0.0,True,2015-04-10T14:44:00Z,2015-04-10T15:44:00Z,2015-04-10T14:44:00Z,2015-04-10T15:44:00Z,60.0,60.0,True,0.0,0.0,0.0,-66.914183,30.345483,transect_midpoint_arithmetic,-66.91418,30.34548,0.0,2015-04-10T15:14:00Z,2015-04-10T15:14:00Z,15,0.037,0
S2:MSM41_litter-T26,S2_SARGASSO_MSM41,1,single,12.235,12.2439,12.235,0.12235,0.12235,0.12235,0.0,True,2015-04-10T18:37:00Z,2015-04-10T19:05:00Z,2015-04-10T18:37:00Z,2015-04-10T19:05:00Z,28.0,28.0,True,0.0,0.0,0.0,-66.995858,30.926767,transect_midpoint_arithmetic,-66.99586,30.92677,0.0,2015-04-10T18:51:00Z,2015-04-10T18:51:00Z,4,0.058,0
S2:MSM41_litter-T27,S2_SARGASSO_MSM41,1,single,22.925,22.9409,22.925,0.22925,0.22925,0.22925,0.0,True,2015-04-11T08:01:00Z,2015-04-11T09:02:00Z,2015-04-11T08:01:00Z,2015-04-11T09:02:00Z,61.0,61.0,True,0.0,0.0,0.0,-66.595009,30.997183,transect_midpoint_arithmetic,-66.59501,30.99718,0.0,2015-04-11T08:31:30Z,2015-04-11T08:31:30Z,16,0.186,0
S2:MSM41_litter-T28,S2_SARGASSO_MSM41,1,single,23.783,23.7987,23.783,0.23783,0.23783,0.23783,0.0,True,2015-04-11T10:35:00Z,2015-04-11T11:35:00Z,2015-04-11T10:35:00Z,2015-04-11T11:35:00Z,60.0,60.0,True,0.0,0.0,0.0,-65.979391,30.997284,transect_midpoint_arithmetic,-65.97939,30.99728,0.0,2015-04-11T11:05:00Z,2015-04-11T11:05:00Z,13,0.007,0
S2:MSM41_litter-T29,S2_SARGASSO_MSM41,1,single,23.251,23.2665,23.251,0.23251,0.23251000000000002,0.23251,0.0,True,2015-04-11T15:03:00Z,2015-04-11T16:01:00Z,2015-04-11T15:03:00Z,2015-04-11T16:01:00Z,58.0,58.0,True,0.0,0.0,0.0,-64.883,30.997183,transect_midpoint_arithmetic,-64.883,30.99718,0.0,2015-04-11T15:32:00Z,2015-04-11T15:32:00Z,14,90.515,14
S2:MSM41_litter-T30,S2_SARGASSO_MSM41,1,single,21.932,21.9467,21.932,0.21932,0.21932,0.21932,0.0,True,2015-04-12T07:59:00Z,2015-04-12T08:59:00Z,2015-04-12T07:59:00Z,2015-04-12T08:59:00Z,60.0,60.0,True,0.0,0.0,0.0,-64.074683,30.562475,transect_midpoint_arithmetic,-64.07468,30.56247,0.0,2015-04-12T08:29:00Z,2015-04-12T08:29:00Z,5,0.033,0
S2:MSM41_litter-T31,S2_SARGASSO_MSM41,1,single,22.05,22.0653,22.05,0.2205,0.2205,0.2205,0.0,True,2015-04-12T09:58:00Z,2015-04-12T10:58:00Z,2015-04-12T09:58:00Z,2015-04-12T10:58:00Z,60.0,60.0,True,0.0,0.0,0.0,-64.0276,30.177558,transect_midpoint_arithmetic,-64.0276,30.17756,0.0,2015-04-12T10:28:00Z,2015-04-12T10:28:00Z,17,0.138,0
S2:MSM41_litter-T32,S2_SARGASSO_MSM41,1,single,23.162,23.1774,23.162,0.23162,0.23162,0.23162,0.0,True,2015-04-12T16:31:00Z,2015-04-12T17:31:00Z,2015-04-12T16:31:00Z,2015-04-12T17:31:00Z,60.0,60.0,True,0.0,0.0,0.0,-64.056933,29.8256,transect_midpoint_arithmetic,-64.05693,29.8256,0.0,2015-04-12T17:01:00Z,2015-04-12T17:01:00Z,16,0.583,1
S2:MSM41_litter-T33,S2_SARGASSO_MSM41,1,single,22.352,22.3668,22.352,0.22352,0.22352,0.22352,0.0,True,2015-04-13T14:19:00Z,2015-04-13T15:19:00Z,2015-04-13T14:19:00Z,2015-04-13T15:19:00Z,60.0,60.0,True,0.0,0.0,0.0,-63.923333,27.730984,transect_midpoint_arithmetic,-63.92333,27.73098,0.0,2015-04-13T14:49:00Z,2015-04-13T14:49:00Z,5,0.012,0
S2:MSM41_litter-T34,S2_SARGASSO_MSM41,1,single,22.885,22.9005,22.885,0.22885,0.22885000000000003,0.22885,0.0,True,2015-04-13T16:38:00Z,2015-04-13T17:38:00Z,2015-04-13T16:38:00Z,2015-04-13T17:38:00Z,60.0,60.0,True,0.0,0.0,0.0,-63.976334,27.259541,transect_midpoint_arithmetic,-63.97633,27.25954,0.0,2015-04-13T17:08:00Z,2015-04-13T17:08:00Z,11,0.024,0
S2:MSM41_litter-T35,S2_SARGASSO_MSM41,2,segment,18.04,18.0524,18.04,0.1804,0.18,0.18,0.0022,True,2015-04-14T12:11:00Z,2015-04-14T13:16:00Z,2015-04-14T12:11:00Z,2015-04-14T13:16:00Z,60.0,65.0,True,0.0,0.0,1.501,-63.881492,25.851208,transect_midpoint_arithmetic,-63.88078,25.85792,0.75,2015-04-14T12:41:00Z,2015-04-14T12:43:30Z,8,0.053,0
S2:MSM41_litter-T37,S2_SARGASSO_MSM41,1,single,23.044,23.06,23.044,0.23044,0.23044,0.23044,0.0,True,2015-04-14T17:53:00Z,2015-04-14T18:53:00Z,2015-04-14T17:53:00Z,2015-04-14T18:53:00Z,60.0,60.0,True,0.0,0.0,0.0,-63.981233,25.165816,transect_midpoint_arithmetic,-63.98123,25.16582,0.0,2015-04-14T18:23:00Z,2015-04-14T18:23:00Z,1,0.003,0
S2:MSM41_litter-T38,S2_SARGASSO_MSM41,1,single,20.351,20.3645,20.351,0.20351,0.20351,0.20351,0.0,True,2015-04-15T13:34:00Z,2015-04-15T14:28:00Z,2015-04-15T13:34:00Z,2015-04-15T14:28:00Z,54.0,54.0,True,0.0,0.0001,0.0,-63.959259,23.766883,transect_midpoint_arithmetic,-63.95926,23.76688,0.0,2015-04-15T14:01:00Z,2015-04-15T14:01:00Z,2,0.01,0
S2:MSM41_litter-T39,S2_SARGASSO_MSM41,1,single,11.606,11.6142,11.606,0.11606,0.11606,0.11606,0.0,True,2015-04-16T07:57:00Z,2015-04-16T08:28:00Z,2015-04-16T07:57:00Z,2015-04-16T08:28:00Z,31.0,31.0,True,0.0001,0.0001,0.0,-63.977467,22.9506,transect_midpoint_arithmetic,-63.97747,22.9506,0.0,2015-04-16T08:12:30Z,2015-04-16T08:12:30Z,3,0.144,0
S2:MSM41_litter-T40,S2_SARGASSO_MSM41,1,single,25.5,25.517,25.5,0.255,0.255,0.255,0.0,True,2015-04-16T11:56:00Z,2015-04-16T12:56:00Z,2015-04-16T11:56:00Z,2015-04-16T12:56:00Z,60.0,60.0,True,0.0,0.0,0.0,-63.919325,22.869767,transect_midpoint_arithmetic,-63.91933,22.86977,0.0,2015-04-16T12:26:00Z,2015-04-16T12:26:00Z,3,0.031,0
S2:MSM41_litter-T41,S2_SARGASSO_MSM41,1,single,13.203,13.2121,13.203,0.13203,0.13203,0.13203,0.0,True,2015-04-17T13:45:00Z,2015-04-17T14:45:00Z,2015-04-17T13:45:00Z,2015-04-17T14:45:00Z,60.0,60.0,True,0.0,0.0001,0.0,-60.9221,22.574592,transect_midpoint_arithmetic,-60.9221,22.57459,0.0,2015-04-17T14:15:00Z,2015-04-17T14:15:00Z,11,0.02,0
S2:MSM41_litter-T42,S2_SARGASSO_MSM41,1,single,13.162,13.1709,13.162,0.13162,0.13162000000000001,0.13162,0.0,True,2015-04-17T15:45:00Z,2015-04-17T16:45:00Z,2015-04-17T15:45:00Z,2015-04-17T16:45:00Z,60.0,60.0,True,0.0,0.0001,0.0,-60.966867,22.803591,transect_midpoint_arithmetic,-60.96687,22.80359,0.0,2015-04-17T16:15:00Z,2015-04-17T16:15:00Z,3,1.717,1
S2:MSM41_litter-T43,S2_SARGASSO_MSM41,1,single,21.153,21.1676,21.153,0.21153,0.21153,0.21153,-0.0,True,2015-04-18T08:00:00Z,2015-04-18T09:00:00Z,2015-04-18T08:00:00Z,2015-04-18T09:00:00Z,60.0,60.0,True,0.0,0.0,0.0,-60.9819,23.794441,transect_midpoint_arithmetic,-60.9819,23.79444,0.0,2015-04-18T08:30:00Z,2015-04-18T08:30:00Z,4,0.051,0
S2:MSM41_litter-T44,S2_SARGASSO_MSM41,1,single,21.612,21.6267,21.612,0.21612,0.21611999999999998,0.21612,0.0,True,2015-04-18T15:30:00Z,2015-04-18T16:30:00Z,2015-04-18T15:30:00Z,2015-04-18T16:30:00Z,60.0,60.0,True,0.0,0.0001,0.0,-60.98995,24.233258,transect_midpoint_arithmetic,-60.98995,24.23326,0.0,2015-04-18T16:00:00Z,2015-04-18T16:00:00Z,6,1.121,2
S2:MSM41_litter-T45,S2_SARGASSO_MSM41,1,single,22.287,22.3024,22.287,0.22287,0.22286999999999998,0.22287,0.0,True,2015-04-18T17:55:00Z,2015-04-18T18:55:00Z,2015-04-18T17:55:00Z,2015-04-18T18:55:00Z,60.0,60.0,True,0.0001,0.0001,0.0,-60.984025,24.643975,transect_midpoint_arithmetic,-60.98403,24.64398,0.0,2015-04-18T18:25:00Z,2015-04-18T18:25:00Z,4,0.318,0
S2:MSM41_litter-T46,S2_SARGASSO_MSM41,1,single,22.558,22.5736,22.558,0.22558,0.22558,0.22558,-0.0,True,2015-04-19T12:41:00Z,2015-04-19T13:41:00Z,2015-04-19T12:41:00Z,2015-04-19T13:41:00Z,60.0,60.0,True,0.0,0.0,0.0,-60.998959,26.212167,transect_midpoint_arithmetic,-60.99896,26.21217,0.0,2015-04-19T13:11:00Z,2015-04-19T13:11:00Z,21,59.893,2
S2:MSM41_litter-T47,S2_SARGASSO_MSM41,1,single,10.91,10.9175,10.91,0.1091,0.1091,0.1091,-0.0,True,2015-04-19T14:37:00Z,2015-04-19T15:07:00Z,2015-04-19T14:37:00Z,2015-04-19T15:07:00Z,30.0,30.0,True,0.0,0.0,0.0,-61.001358,26.550025,transect_midpoint_arithmetic,-61.00136,26.55002,0.0,2015-04-19T14:52:00Z,2015-04-19T14:52:00Z,3,0.004,0
S2:MSM41_litter-T48,S2_SARGASSO_MSM41,1,single,16.924,16.9357,16.924,0.16924,0.16924,0.16924,0.0,True,2015-04-20T07:51:00Z,2015-04-20T08:36:00Z,2015-04-20T07:51:00Z,2015-04-20T08:36:00Z,45.0,45.0,True,0.0,0.0,0.0,-61.000667,27.904742,transect_midpoint_arithmetic,-61.00067,27.90474,0.0,2015-04-20T08:13:30Z,2015-04-20T08:13:30Z,13,0.012,0
S2:MSM41_litter-T49,S2_SARGASSO_MSM41,2,segment,23.168,23.1839,23.168,0.23168,0.23,0.23,0.0073,True,2015-04-20T14:42:00Z,2015-04-20T16:33:00Z,2015-04-20T14:42:00Z,2015-04-20T16:33:00Z,60.0,111.0,True,0.0,0.0,0.879,-60.865483,28.179233,transect_midpoint_arithmetic,-60.86438,28.18056,0.183,2015-04-20T16:03:00Z,2015-04-20T15:37:30Z,14,2.762,7
S2:MSM41_litter-T50,S2_SARGASSO_MSM41,1,single,24.457,24.4739,24.457,0.24457,0.24457,0.24457,-0.0,True,2015-04-20T17:56:00Z,2015-04-20T18:56:00Z,2015-04-20T17:56:00Z,2015-04-20T18:56:00Z,60.0,60.0,True,0.0,0.0,0.0,-60.945758,28.682917,transect_midpoint_arithmetic,-60.94576,28.68292,0.0,2015-04-20T18:26:00Z,2015-04-20T18:26:00Z,20,0.043,0
S2:MSM41_litter-T51,S2_SARGASSO_MSM41,1,single,23.24,23.2558,23.24,0.2324,0.2324,0.2324,-0.0,True,2015-04-21T12:47:00Z,2015-04-21T13:47:00Z,2015-04-21T12:47:00Z,2015-04-21T13:47:00Z,60.0,60.0,True,0.0,0.0,0.0,-60.941008,30.016675,transect_midpoint_arithmetic,-60.94101,30.01667,0.0,2015-04-21T13:17:00Z,2015-04-21T13:17:00Z,3,0.019,0
S2:MSM41_litter-T52,S2_SARGASSO_MSM41,1,single,22.736,22.7515,22.736,0.22736,0.22736,0.22736,0.0,True,2015-04-21T15:06:00Z,2015-04-21T16:06:00Z,2015-04-21T15:06:00Z,2015-04-21T16:06:00Z,60.0,60.0,True,0.0,0.0,0.0,-60.972559,30.498241,transect_midpoint_arithmetic,-60.97256,30.49824,0.0,2015-04-21T15:36:00Z,2015-04-21T15:36:00Z,7,0.05,0
S2:MSM41_litter-T53,S2_SARGASSO_MSM41,1,single,23.406,23.4219,23.406,0.23406,0.23406,0.23406,0.0,True,2015-04-22T08:02:00Z,2015-04-22T09:02:00Z,2015-04-22T08:02:00Z,2015-04-22T09:02:00Z,60.0,60.0,True,0.0,0.0,0.0,-59.816992,30.908859,transect_midpoint_arithmetic,-59.81699,30.90886,0.0,2015-04-22T08:32:00Z,2015-04-22T08:32:00Z,30,0.222,0
S2:MSM41_litter-T54,S2_SARGASSO_MSM41,1,single,18.244,18.2561,18.244,0.18244,0.18244,0.18244,0.0,True,2015-04-22T10:02:00Z,2015-04-22T11:02:00Z,2015-04-22T10:02:00Z,2015-04-22T11:02:00Z,60.0,60.0,True,0.0,0.0,0.0,-59.3956,30.931417,transect_midpoint_arithmetic,-59.3956,30.93142,0.0,2015-04-22T10:32:00Z,2015-04-22T10:32:00Z,17,0.399,0
S2:MSM41_litter-T55,S2_SARGASSO_MSM41,1,single,16.633,16.6441,16.633,0.16633,0.16633,0.16633,-0.0,True,2015-04-22T12:02:00Z,2015-04-22T12:56:00Z,2015-04-22T12:02:00Z,2015-04-22T12:56:00Z,54.0,54.0,True,0.0,0.0,0.0,-59.019942,30.948067,transect_midpoint_arithmetic,-59.01994,30.94807,0.0,2015-04-22T12:29:00Z,2015-04-22T12:29:00Z,28,0.081,0
S2:MSM41_litter-T56,S2_SARGASSO_MSM41,1,single,9.663,9.6693,9.663,0.09663,0.09663000000000001,0.09663,-0.0,True,2015-04-22T15:05:00Z,2015-04-22T15:37:00Z,2015-04-22T15:05:00Z,2015-04-22T15:37:00Z,32.0,32.0,True,0.0,0.0,0.0,-58.474867,30.974725,transect_midpoint_arithmetic,-58.47487,30.97472,0.0,2015-04-22T15:21:00Z,2015-04-22T15:21:00Z,11,0.064,0
S2:MSM41_litter-T57,S2_SARGASSO_MSM41,1,single,24.348,24.3648,24.348,0.24348,0.24348,0.24348,0.0,True,2015-04-23T14:55:00Z,2015-04-23T15:56:00Z,2015-04-23T14:55:00Z,2015-04-23T15:56:00Z,61.0,61.0,True,0.0,0.0,0.0,-58.121583,29.777392,transect_midpoint_arithmetic,-58.12158,29.77739,0.0,2015-04-23T15:25:30Z,2015-04-23T15:25:30Z,26,0.46,0
S2:MSM41_litter-T58,S2_SARGASSO_MSM41,1,single,24.697,24.7138,24.697,0.24697,0.24697,0.24697,0.0,True,2015-04-23T17:52:00Z,2015-04-23T18:52:00Z,2015-04-23T17:52:00Z,2015-04-23T18:52:00Z,60.0,60.0,True,0.0,0.0,0.0,-58.026608,29.141217,transect_midpoint_arithmetic,-58.02661,29.14122,0.0,2015-04-23T18:22:00Z,2015-04-23T18:22:00Z,41,0.192,0
S2:MSM41_litter-T59,S2_SARGASSO_MSM41,1,single,24.508,24.5246,24.508,0.24508,0.24508,0.24508,0.0,True,2015-04-24T11:58:00Z,2015-04-24T13:01:00Z,2015-04-24T11:58:00Z,2015-04-24T13:01:00Z,63.0,63.0,True,0.0,0.0,0.0,-58.141791,27.844375,transect_midpoint_arithmetic,-58.14179,27.84437,0.0,2015-04-24T12:29:30Z,2015-04-24T12:29:30Z,9,0.012,0
S2:MSM41_litter-T60,S2_SARGASSO_MSM41,1,single,23.834,23.8505,23.834,0.23834,0.23834,0.23834,0.0,True,2015-04-24T15:33:00Z,2015-04-24T16:33:00Z,2015-04-24T15:33:00Z,2015-04-24T16:33:00Z,60.0,60.0,True,0.0,0.0,0.0,-58.072358,27.39835,transect_midpoint_arithmetic,-58.07236,27.39835,0.0,2015-04-24T16:03:00Z,2015-04-24T16:03:00Z,23,52.582,1
S2:MSM41_litter-T61,S2_SARGASSO_MSM41,1,single,23.075,23.0909,23.075,0.23075,0.23075,0.23075,0.0,True,2015-04-25T10:16:00Z,2015-04-25T11:16:00Z,2015-04-25T10:16:00Z,2015-04-25T11:16:00Z,60.0,60.0,True,0.0,0.0,0.0,-58.078383,25.825333,transect_midpoint_arithmetic,-58.07838,25.82533,0.0,2015-04-25T10:46:00Z,2015-04-25T10:46:00Z,16,0.027,0
S2:MSM41_litter-T62,S2_SARGASSO_MSM41,1,single,23.831,23.8469,23.831,0.23831,0.23831,0.23831,0.0,True,2015-04-25T12:14:00Z,2015-04-25T13:14:00Z,2015-04-25T12:14:00Z,2015-04-25T13:14:00Z,60.0,60.0,True,0.0,0.0,0.0,-58.039733,25.412333,transect_midpoint_arithmetic,-58.03973,25.41233,0.0,2015-04-25T12:44:00Z,2015-04-25T12:44:00Z,4,0.19,0
S2:MSM41_litter-T63,S2_SARGASSO_MSM41,1,single,16.624,16.6351,16.624,0.16624,0.16624,0.16624,-0.0,True,2015-04-26T10:10:00Z,2015-04-26T11:10:00Z,2015-04-26T10:10:00Z,2015-04-26T11:10:00Z,60.0,60.0,True,0.0,0.0,0.0,-58.079925,23.77935,transect_midpoint_arithmetic,-58.07993,23.77935,0.0,2015-04-26T10:40:00Z,2015-04-26T10:40:00Z,6,0.008,0
S2:MSM41_litter-T64,S2_SARGASSO_MSM41,1,single,16.237,16.2482,16.237,0.16237,0.16237,0.16237,0.0,True,2015-04-26T12:43:00Z,2015-04-26T13:43:00Z,2015-04-26T12:43:00Z,2015-04-26T13:43:00Z,60.0,60.0,True,0.0,0.0001,0.0,-58.043683,23.408234,transect_midpoint_arithmetic,-58.04368,23.40823,0.0,2015-04-26T13:13:00Z,2015-04-26T13:13:00Z,10,0.019,0
S2:MSM41_litter-T65,S2_SARGASSO_MSM41,1,single,16.305,16.316,16.305,0.16305,0.16305,0.16305,0.0,True,2015-04-26T14:49:00Z,2015-04-26T15:49:00Z,2015-04-26T14:49:00Z,2015-04-26T15:49:00Z,60.0,60.0,True,0.0,0.0001,0.0,-58.011775,23.101966,transect_midpoint_arithmetic,-58.01178,23.10197,0.0,2015-04-26T15:19:00Z,2015-04-26T15:19:00Z,7,0.03,0
S3:HE419_MarLitter_transect01,S3_SE_NORTH_SEA,1,single,25.143,25.1506,25.143,0.25143,0.251,0.251,0.0017,True,2014-04-03T14:39:00Z,2014-04-03T16:00:00Z,2014-04-03T14:39:00Z,2014-04-03T16:00:00Z,81.0,81.0,True,0.0,0.0,0.0,7.659,54.084,published_transect_center,7.6589,54.0841,0.013,2014-04-03T15:19:30Z,2014-04-03T15:19:30Z,4,0.093,0
S3:HE419_MarLitter_transect02,S3_SE_NORTH_SEA,1,single,16.489,16.5014,16.489,0.16489,0.165,0.165,-0.0007,True,2014-04-05T15:23:00Z,2014-04-05T16:09:00Z,2014-04-05T15:23:00Z,2014-04-05T16:09:00Z,46.0,46.0,True,0.0,0.0,0.0,6.887,54.897,published_transect_center,6.88735,54.89675,0.036,2014-04-05T15:46:00Z,2014-04-05T15:46:00Z,6,0.147,0
S3:HE419_MarLitter_transect03,S3_SE_NORTH_SEA,1,single,10.871,10.8731,10.871,0.10871,0.109,0.109,-0.0027,True,2014-04-06T07:47:00Z,2014-04-06T08:24:00Z,2014-04-06T07:47:00Z,2014-04-06T08:24:00Z,37.0,37.0,True,0.0,0.0,0.0,5.524,54.611,published_transect_center,5.5243,54.61065,0.043,2014-04-06T08:05:30Z,2014-04-06T08:05:30Z,4,0.035,0
S3:HE419_MarLitter_transect04,S3_SE_NORTH_SEA,1,single,16.958,16.54,16.958,0.16958,0.17,0.17,-0.0025,True,2014-04-06T09:37:00Z,2014-04-06T10:31:00Z,2014-04-06T09:37:00Z,2014-04-06T10:31:00Z,54.0,54.0,True,0.0,0.0,0.0,5.481,54.621,published_transect_center,5.48045,54.62115,0.039,2014-04-06T10:04:00Z,2014-04-06T10:04:00Z,6,1.467,5
S3:HE419_MarLitter_transect05,S3_SE_NORTH_SEA,1,single,21.075,21.0428,21.075,0.21075,0.211,0.211,-0.0012,True,2014-04-06T12:23:00Z,2014-04-06T13:23:00Z,2014-04-06T12:23:00Z,2014-04-06T13:23:00Z,60.0,60.0,True,0.0,0.0,0.0,5.625,54.756,published_transect_center,5.62465,54.7564,0.05,2014-04-06T12:53:00Z,2014-04-06T12:53:00Z,13,0.419,0
S3:HE419_MarLitter_transect06,S3_SE_NORTH_SEA,1,single,16.525,16.4539,16.525,0.16525,0.165,0.165,0.0015,True,2014-04-06T14:39:00Z,2014-04-06T15:26:00Z,2014-04-06T14:39:00Z,2014-04-06T15:26:00Z,47.0,47.0,True,0.0,0.0,0.0,5.829,54.913,published_transect_center,5.82925,54.9132,0.027,2014-04-06T15:02:30Z,2014-04-06T15:02:30Z,6,0.421,0
S3:HE419_MarLitter_transect07,S3_SE_NORTH_SEA,1,single,13.13,13.1348,13.13,0.1313,0.131,0.131,0.0023,True,2014-04-06T16:23:00Z,2014-04-06T17:08:00Z,2014-04-06T16:23:00Z,2014-04-06T17:08:00Z,45.0,45.0,True,0.0,0.0,0.0,5.823,54.993,published_transect_center,5.8234,54.99355,0.066,2014-04-06T16:45:30Z,2014-04-06T16:45:30Z,5,0.044,0
S3:HE419_MarLitter_transect08,S3_SE_NORTH_SEA,1,single,11.462,11.1695,11.462,0.11462,0.115,0.115,-0.0033,True,2014-04-06T18:58:00Z,2014-04-06T19:41:00Z,2014-04-06T18:58:00Z,2014-04-06T19:41:00Z,43.0,43.0,True,0.0,0.0,0.0,5.616,54.954,published_transect_center,5.61615,54.95385,0.019,2014-04-06T19:19:30Z,2014-04-06T19:19:30Z,3,0.504,1
S3:HE419_MarLitter_transect09,S3_SE_NORTH_SEA,1,single,15.205,15.2094,15.205,0.15205,0.152,0.152,0.0003,True,2014-04-07T07:54:00Z,2014-04-07T08:40:00Z,2014-04-07T07:54:00Z,2014-04-07T08:40:00Z,46.0,46.0,True,0.0,0.0,0.0,5.413,55.019,published_transect_center,5.41275,55.01935,0.042,2014-04-07T08:17:00Z,2014-04-07T08:17:00Z,7,0.047,0
S3:HE419_MarLitter_transect10,S3_SE_NORTH_SEA,1,single,14.98,14.7743,14.98,0.1498,0.15,0.15,-0.0013,True,2014-04-07T09:53:00Z,2014-04-07T10:43:00Z,2014-04-07T09:53:00Z,2014-04-07T10:43:00Z,50.0,50.0,True,0.0,0.0,0.0,5.584,55.104,published_transect_center,5.58385,55.1042,0.024,2014-04-07T10:18:00Z,2014-04-07T10:18:00Z,5,0.225,0
S3:HE419_MarLitter_transect11,S3_SE_NORTH_SEA,1,single,16.095,16.1021,16.095,0.16095,0.161,0.161,-0.0003,True,2014-04-07T12:21:00Z,2014-04-07T13:14:00Z,2014-04-07T12:21:00Z,2014-04-07T13:14:00Z,53.0,53.0,True,0.0,0.0,0.0,5.545,55.111,published_transect_center,5.5446,55.11125,0.038,2014-04-07T12:47:30Z,2014-04-07T12:47:30Z,5,0.207,0
S3:HE419_MarLitter_transect12,S3_SE_NORTH_SEA,1,single,12.491,12.4977,12.491,0.12491,0.125,0.125,-0.0007,True,2014-04-07T14:45:00Z,2014-04-07T15:28:00Z,2014-04-07T14:45:00Z,2014-04-07T15:28:00Z,43.0,43.0,True,0.0,0.0,0.0,5.283,55.053,published_transect_center,5.2833,55.0528,0.029,2014-04-07T15:06:30Z,2014-04-07T15:06:30Z,6,0.163,0
S3:HE419_MarLitter_transect13,S3_SE_NORTH_SEA,1,single,10.401,10.4031,10.401,0.10401,0.104,0.104,0.0001,True,2014-04-07T16:21:00Z,2014-04-07T16:58:00Z,2014-04-07T16:21:00Z,2014-04-07T16:58:00Z,37.0,37.0,True,0.0,0.0,0.0,5.131,54.971,published_transect_center,5.13145,54.97075,0.04,2014-04-07T16:39:30Z,2014-04-07T16:39:30Z,8,0.07,0
S3:HE419_MarLitter_transect14,S3_SE_NORTH_SEA,1,single,20.445,19.9269,20.445,0.20445,0.204,0.204,0.0022,True,2014-04-07T18:23:00Z,2014-04-07T19:27:00Z,2014-04-07T18:23:00Z,2014-04-07T19:27:00Z,64.0,64.0,True,0.0,0.0,0.0,5.002,55.005,published_transect_center,5.0018,55.00475,0.031,2014-04-07T18:55:00Z,2014-04-07T18:55:00Z,7,1.328,1
S3:HE419_MarLitter_transect15,S3_SE_NORTH_SEA,1,single,5.222,5.1704,5.222,0.05222,0.052,0.052,0.0042,True,2014-04-08T08:50:00Z,2014-04-08T09:18:00Z,2014-04-08T08:50:00Z,2014-04-08T09:18:00Z,28.0,28.0,True,0.0,0.0,0.0,3.431,55.772,published_transect_center,3.4312,55.77175,0.03,2014-04-08T09:04:00Z,2014-04-08T09:04:00Z,1,0.279,0
S3:HE419_MarLitter_transect16,S3_SE_NORTH_SEA,1,single,5.943,5.9418,5.943,0.05943,0.059,0.059,0.0073,True,2014-04-08T12:16:00Z,2014-04-08T12:44:00Z,2014-04-08T12:16:00Z,2014-04-08T12:44:00Z,28.0,28.0,True,0.0,0.0,0.0,3.419,55.878,published_transect_center,3.41945,55.8778,0.036,2014-04-08T12:30:00Z,2014-04-08T12:30:00Z,1,0.111,0
S3:HE419_MarLitter_transect17,S3_SE_NORTH_SEA,1,single,12.104,12.1127,12.104,0.12104,0.121,0.121,0.0003,True,2014-04-08T13:36:00Z,2014-04-08T14:05:00Z,2014-04-08T13:36:00Z,2014-04-08T14:05:00Z,29.0,29.0,True,0.0,0.0,0.0,3.541,55.878,published_transect_center,3.5414,55.8776,0.051,2014-04-08T13:50:30Z,2014-04-08T13:50:30Z,1,0.025,0
S3:HE419_MarLitter_transect18,S3_SE_NORTH_SEA,1,single,13.161,13.0461,13.161,0.13161,0.132,0.132,-0.003,True,2014-04-08T15:06:00Z,2014-04-08T15:52:00Z,2014-04-08T15:06:00Z,2014-04-08T15:52:00Z,46.0,46.0,True,0.0,0.0,0.0,3.719,55.767,published_transect_center,3.71905,55.76675,0.028,2014-04-08T15:29:00Z,2014-04-08T15:29:00Z,4,0.359,0
S3:HE419_MarLitter_transect19,S3_SE_NORTH_SEA,1,single,12.323,12.3338,12.323,0.12323,0.123,0.123,0.0019,True,2014-04-09T08:47:00Z,2014-04-09T09:24:00Z,2014-04-09T08:47:00Z,2014-04-09T09:24:00Z,37.0,37.0,True,0.0,0.0,0.0,4.997,55.264,published_transect_center,4.9974,55.2643,0.042,2014-04-09T09:05:30Z,2014-04-09T09:05:30Z,1,0.014,0
S3:HE419_MarLitter_transect20,S3_SE_NORTH_SEA,1,single,16.959,16.9607,16.959,0.16959,0.17,0.17,-0.0024,True,2014-04-09T13:01:00Z,2014-04-09T16:52:00Z,2014-04-09T13:01:00Z,2014-04-09T16:52:00Z,231.0,231.0,True,0.0,0.0,0.0,5.467,55.232,published_transect_center,5.46685,55.23195,0.011,2014-04-09T14:56:30Z,2014-04-09T14:56:30Z,5,0.278,0
S3:HE419_MarLitter_transect21,S3_SE_NORTH_SEA,1,single,14.32,14.3111,14.32,0.1432,0.143,0.143,0.0014,True,2014-04-09T15:03:00Z,2014-04-09T15:51:00Z,2014-04-09T15:03:00Z,2014-04-09T15:51:00Z,48.0,48.0,True,0.0,0.0,0.0,5.636,55.328,published_transect_center,5.63615,55.32825,0.029,2014-04-09T15:27:00Z,2014-04-09T15:27:00Z,3,0.266,0
S3:HE419_MarLitter_transect22,S3_SE_NORTH_SEA,1,single,7.897,7.9022,7.897,0.07897,0.079,0.079,-0.0004,True,2014-04-09T17:06:00Z,2014-04-09T17:30:00Z,2014-04-09T17:06:00Z,2014-04-09T17:30:00Z,24.0,24.0,True,0.0,0.0,0.0,5.687,55.43,published_transect_center,5.687,55.43005,0.006,2014-04-09T17:18:00Z,2014-04-09T17:18:00Z,1,0.06,0
S3:HE419_MarLitter_transect23,S3_SE_NORTH_SEA,1,single,7.549,7.5531,7.549,0.07549,0.075,0.075,0.0065,True,2014-04-10T09:31:00Z,2014-04-10T09:54:00Z,2014-04-10T09:31:00Z,2014-04-10T09:54:00Z,23.0,23.0,True,0.0,0.0,0.0,6.403,55.11,published_transect_center,6.40285,55.11045,0.051,2014-04-10T09:42:30Z,2014-04-10T09:42:30Z,11,0.128,0
S3:HE419_MarLitter_transect24,S3_SE_NORTH_SEA,1,single,9.63,9.5298,9.63,0.0963,0.096,0.096,0.0031,True,2014-04-10T12:15:00Z,2014-04-10T12:53:00Z,2014-04-10T12:15:00Z,2014-04-10T12:53:00Z,38.0,38.0,True,0.0,0.0,0.0,6.318,55.179,published_transect_center,6.3183,55.17895,0.02,2014-04-10T12:34:00Z,2014-04-10T12:34:00Z,6,0.295,0
S3:HE419_MarLitter_transect25,S3_SE_NORTH_SEA,1,single,12.288,12.1687,12.288,0.12288,0.123,0.123,-0.001,True,2014-04-10T14:27:00Z,2014-04-10T15:13:00Z,2014-04-10T14:27:00Z,2014-04-10T15:13:00Z,46.0,46.0,True,0.0,0.0,0.0,6.331,55.263,published_transect_center,6.33125,55.26255,0.052,2014-04-10T14:50:00Z,2014-04-10T14:50:00Z,10,0.775,3
S3:HE419_MarLitter_transect26,S3_SE_NORTH_SEA,1,single,9.549,9.5395,9.549,0.09549,0.095,0.095,0.0052,True,2014-04-10T16:07:00Z,2014-04-10T16:50:00Z,2014-04-10T16:07:00Z,2014-04-10T16:50:00Z,43.0,43.0,True,0.0,0.0,0.0,6.388,55.325,published_transect_center,6.3876,55.32465,0.046,2014-04-10T16:28:30Z,2014-04-10T16:28:30Z,3,0.234,0
S3:HE419_MarLitter_transect27,S3_SE_NORTH_SEA,1,single,14.376,13.551,14.376,0.14376,0.144,0.144,-0.0017,True,2014-04-10T18:19:00Z,2014-04-10T19:20:00Z,2014-04-10T18:19:00Z,2014-04-10T19:20:00Z,61.0,61.0,True,0.0,0.0,0.0,6.483,55.349,published_transect_center,6.48285,55.3486,0.045,2014-04-10T18:49:30Z,2014-04-10T18:49:30Z,2,1.199,1
S3:HE419_MarLitter_transect28,S3_SE_NORTH_SEA,1,single,11.602,11.6078,11.602,0.11602,0.116,0.116,0.0002,True,2014-04-11T08:31:00Z,2014-04-11T09:10:00Z,2014-04-11T08:31:00Z,2014-04-11T09:10:00Z,39.0,39.0,True,0.0,0.0,0.0,8.14,54.955,published_transect_center,8.1404,54.9552,0.034,2014-04-11T08:50:30Z,2014-04-11T08:50:30Z,5,0.095,0
S3:HE419_MarLitter_transect29,S3_SE_NORTH_SEA,1,single,23.093,23.091,23.093,0.23093,0.231,0.231,-0.0003,True,2014-04-11T10:06:00Z,2014-04-11T11:17:00Z,2014-04-11T10:06:00Z,2014-04-11T11:17:00Z,71.0,71.0,True,0.0,0.0,0.0,8.136,54.785,published_transect_center,8.13625,54.7855,0.058,2014-04-11T10:41:30Z,2014-04-11T10:41:30Z,4,0.367,0
S3:HE419_MarLitter_transect30,S3_SE_NORTH_SEA,1,single,15.379,15.2015,15.379,0.15379,0.154,0.154,-0.0014,True,2014-04-11T12:45:00Z,2014-04-11T13:30:00Z,2014-04-11T12:45:00Z,2014-04-11T13:30:00Z,45.0,45.0,True,0.0,0.0,0.0,8.014,54.554,published_transect_center,8.0138,54.55375,0.031,2014-04-11T13:07:30Z,2014-04-11T13:07:30Z,30,1.112,18
S3:HE419_MarLitter_transect31,S3_SE_NORTH_SEA,1,single,16.517,16.3724,16.517,0.16517,0.165,0.165,0.001,True,2014-04-11T14:26:00Z,2014-04-11T15:12:00Z,2014-04-11T14:26:00Z,2014-04-11T15:12:00Z,46.0,46.0,True,0.0,0.0,0.0,7.798,54.41,published_transect_center,7.798,54.41,0.0,2014-04-11T14:49:00Z,2014-04-11T14:49:00Z,1,1.097,1
S3:HE419_MarLitter_transect32,S3_SE_NORTH_SEA,1,single,30.463,30.1041,30.463,0.30463,0.305,0.305,-0.0012,True,2014-04-11T18:12:00Z,2014-04-11T18:56:00Z,2014-04-11T18:12:00Z,2014-04-11T18:56:00Z,44.0,44.0,True,0.0,0.0,0.0,7.945,54.409,published_transect_center,7.9448,54.40885,0.021,2014-04-11T18:34:00Z,2014-04-11T18:34:00Z,6,1.557,2
S3:HE419_MarLitter_transect33,S3_SE_NORTH_SEA,1,single,11.172,11.1725,11.172,0.11172,0.112,0.112,-0.0025,True,2014-04-12T08:06:00Z,2014-04-12T08:46:00Z,2014-04-12T08:06:00Z,2014-04-12T08:46:00Z,40.0,40.0,True,0.0,0.0,0.0,7.448,53.864,published_transect_center,7.4482,53.86435,0.041,2014-04-12T08:26:00Z,2014-04-12T08:26:00Z,2,0.033,0
S3:HE419_MarLitter_transect34,S3_SE_NORTH_SEA,1,single,15.602,15.576,15.602,0.15602,0.156,0.156,0.0001,True,2014-04-12T09:32:00Z,2014-04-12T10:28:00Z,2014-04-12T09:32:00Z,2014-04-12T10:28:00Z,56.0,56.0,True,0.0,0.0,0.0,7.219,53.84,published_transect_center,7.21905,53.8405,0.056,2014-04-12T10:00:00Z,2014-04-12T10:00:00Z,1,0.353,0
S3:HE419_MarLitter_transect35,S3_SE_NORTH_SEA,1,single,12.309,12.2174,12.309,0.12309,0.123,0.123,0.0007,True,2014-04-12T12:00:00Z,2014-04-12T12:42:00Z,2014-04-12T12:00:00Z,2014-04-12T12:42:00Z,42.0,42.0,True,0.0,0.0,0.0,6.991,53.842,published_transect_center,6.99055,53.84185,0.034,2014-04-12T12:21:00Z,2014-04-12T12:21:00Z,2,0.303,0
S3:HE419_MarLitter_transect36,S3_SE_NORTH_SEA,1,single,10.086,10.0962,10.086,0.10086,0.101,0.101,-0.0014,True,2014-04-12T13:42:00Z,2014-04-12T14:11:00Z,2014-04-12T13:42:00Z,2014-04-12T14:11:00Z,29.0,29.0,True,0.0,0.0,0.0,6.785,53.85,published_transect_center,6.7853,53.85045,0.054,2014-04-12T13:56:30Z,2014-04-12T13:56:30Z,1,0.038,0
S3:HE419_MarLitter_transect37,S3_SE_NORTH_SEA,1,single,11.037,11.0237,11.037,0.11037,0.11,0.11,0.0034,True,2014-04-12T15:46:00Z,2014-04-12T16:31:00Z,2014-04-12T15:46:00Z,2014-04-12T16:31:00Z,45.0,45.0,True,0.0,0.0,0.0,6.539,53.77,published_transect_center,6.53915,53.77015,0.019,2014-04-12T16:08:30Z,2014-04-12T16:08:30Z,1,0.273,0
S3:HE419_MarLitter_transect38,S3_SE_NORTH_SEA,1,single,6.235,6.0324,6.235,0.06235,0.062,0.062,0.0056,True,2014-04-12T17:21:00Z,2014-04-12T17:50:00Z,2014-04-12T17:21:00Z,2014-04-12T17:50:00Z,29.0,29.0,True,0.0,0.0,0.0,6.457,53.7,published_transect_center,6.45665,53.7001,0.026,2014-04-12T17:35:30Z,2014-04-12T17:35:30Z,3,0.345,0
S3:HE460_MarLitter_transect01,S3_SE_NORTH_SEA,1,reconstructed_approx,15.102,15.1021,15.102,0.15102,0.151,0.151,0.0001,True,2016-04-08T16:17:00Z,2016-04-08T17:00:00Z,2016-04-08T16:17:00Z,2016-04-08T17:00:00Z,43.0,43.0,True,0.0,15.1021,0.0,7.92,54.238,published_transect_center,7.81944,54.27241,7.57,2016-04-08T16:38:30Z,2016-04-08T16:38:30Z,3,0.074,0
S3:HE460_MarLitter_transect02,S3_SE_NORTH_SEA,1,single,21.663,21.6065,21.663,0.21663,0.217,0.217,-0.0017,True,2016-04-09T14:58:00Z,2016-04-09T15:58:00Z,2016-04-09T14:58:00Z,2016-04-09T15:58:00Z,60.0,60.0,True,0.0,0.0,0.0,7.354,54.417,published_transect_center,7.35455,54.41695,0.036,2016-04-09T15:28:00Z,2016-04-09T15:28:00Z,7,0.158,0
S3:HE460_MarLitter_transect03,S3_SE_NORTH_SEA,1,single,22.93,22.9453,22.93,0.2293,0.229,0.229,0.0013,True,2016-04-10T16:15:00Z,2016-04-10T17:18:00Z,2016-04-10T16:15:00Z,2016-04-10T17:18:00Z,63.0,63.0,True,0.0,0.0,0.0,6.638,54.841,published_transect_center,6.63795,54.8412,0.022,2016-04-10T16:46:30Z,2016-04-10T16:46:30Z,13,0.13,0
