event_id,source_id,segment,n_segments,lon_start,lat_start,lon_end,lat_end,time_start_utc,time_end_utc,duration_min,length_km,length_km_geodesic,width_m,area_segment_km2,area_author_km2,geometry_status,source,note
S2:MSM41_litter-T1,S2_SARGASSO_MSM41,1,1,-64.635483,32.291067,-64.793167,32.174550,2015-04-01T16:17:00Z,2015-04-01T17:17:00Z,60.000000,19.680000,19.693500,10.000000,0.196800,0.196800,single,PANGAEA.931834 'Transect meta data'!row 2,
S2:MSM41_litter-T2,S2_SARGASSO_MSM41,1,1,-67.827000,30.871283,-68.043550,30.784567,2015-04-02T08:18:00Z,2015-04-02T09:18:00Z,60.000000,22.799000,22.814900,10.000000,0.227990,0.227990,single,PANGAEA.931834 'Transect meta data'!row 3,
S2:MSM41_litter-T3,S2_SARGASSO_MSM41,1,1,-68.328700,30.671533,-68.511167,30.597650,2015-04-02T10:36:00Z,2015-04-02T11:26:00Z,50.000000,19.281000,19.294200,10.000000,0.192810,0.192810,single,PANGAEA.931834 'Transect meta data'!row 4,
S2:MSM41_litter-T4,S2_SARGASSO_MSM41,1,1,-68.797783,30.482617,-69.029300,30.389733,2015-04-02T12:43:00Z,2015-04-02T13:43:00Z,60.000000,24.465000,24.481200,10.000000,0.244650,0.244650,single,PANGAEA.931834 'Transect meta data'!row 5,
S2:MSM41_litter-T5,S2_SARGASSO_MSM41,1,1,-69.768667,30.092967,-69.890000,30.044017,2015-04-02T16:56:00Z,2015-04-02T17:29:00Z,33.000000,12.874000,12.882400,10.000000,0.128740,0.128740,single,PANGAEA.931834 'Transect meta data'!row 6,
S2:MSM41_litter-T6,S2_SARGASSO_MSM41,1,1,-69.865083,29.954633,-69.896800,29.739833,2015-04-03T08:13:00Z,2015-04-03T09:13:00Z,60.000000,24.064000,24.079800,10.000000,0.240640,0.240640,single,PANGAEA.931834 'Transect meta data'!row 7,
S2:MSM41_litter-T7,S2_SARGASSO_MSM41,1,1,-69.926933,29.534417,-69.958233,29.322383,2015-04-03T10:11:00Z,2015-04-03T11:12:00Z,61.000000,23.755000,23.771100,10.000000,0.237550,0.237550,single,PANGAEA.931834 'Transect meta data'!row 8,
S2:MSM41_litter-T8,S2_SARGASSO_MSM41,1,1,-69.978633,29.182150,-70.007750,29.008417,2015-04-03T11:51:00Z,2015-04-03T12:40:00Z,49.000000,19.511000,19.524300,10.000000,0.195110,0.195110,single,PANGAEA.931834 'Transect meta data'!row 9,
S2:MSM41_litter-T10,S2_SARGASSO_MSM41,1,1,-69.794917,27.548567,-69.875667,27.345917,2015-04-04T16:08:00Z,2015-04-04T17:08:00Z,60.000000,23.885000,23.901100,10.000000,0.238850,0.238850,single,PANGAEA.931834 'Transect meta data'!row 11,
S2:MSM41_litter-T11,S2_SARGASSO_MSM41,1,1,-69.994383,26.105733,-70.009133,26.013583,2015-04-05T08:17:00Z,2015-04-05T08:44:00Z,27.000000,10.345000,10.352000,10.000000,0.103450,0.103450,single,PANGAEA.931834 'Transect meta data'!row 12,
S2:MSM41_litter-T12,S2_SARGASSO_MSM41,1,1,-69.943517,25.931000,-69.955267,25.849250,2015-04-05T14:27:00Z,2015-04-05T15:27:00Z,60.000000,9.169000,9.165900,10.000000,0.091690,0.091690,single,PANGAEA.931834 'Transect meta data'!row 13,
S2:MSM41_litter-T13,S2_SARGASSO_MSM41,1,1,-69.968850,24.922433,-69.986583,24.717700,2015-04-06T08:16:00Z,2015-04-06T09:16:00Z,60.000000,22.820000,22.835600,10.000000,0.228200,0.228200,single,PANGAEA.931834 'Transect meta data'!row 14,
S2:MSM41_litter-T14,S2_SARGASSO_MSM41,1,1,-69.927867,24.528850,-69.794133,24.488217,2015-04-06T13:50:00Z,2015-04-06T14:50:00Z,60.000000,14.255000,14.265100,10.000000,0.142550,0.142550,single,PANGAEA.931834 'Transect meta data'!row 15,
S2:MSM41_litter-T15,S2_SARGASSO_MSM41,1,1,-69.545333,24.413433,-69.329283,24.348567,2015-04-06T15:47:00Z,2015-04-06T16:47:00Z,60.000000,23.024000,23.039400,10.000000,0.230240,0.230240,single,PANGAEA.931834 'Transect meta data'!row 16,
S2:MSM41_litter-T16,S2_SARGASSO_MSM41,1,1,-69.031450,24.258867,-68.814517,24.193433,2015-04-06T18:12:00Z,2015-04-06T19:12:00Z,60.000000,23.154000,23.169600,10.000000,0.231540,0.231540,single,PANGAEA.931834 'Transect meta data'!row 17,
S2:MSM41_litter-T17,S2_SARGASSO_MSM41,1,1,-67.004900,23.528300,-67.004900,23.733883,2015-04-07T09:51:00Z,2015-04-07T10:51:00Z,60.000000,22.844000,22.859900,10.000000,0.228440,0.228440,single,PANGAEA.931834 'Transect meta data'!row 18,
S2:MSM41_litter-T18,S2_SARGASSO_MSM41,1,2,-66.954000,24.085717,-66.949350,24.127067,2015-04-07T16:12:00Z,2015-04-07T16:26:00Z,14.000000,4.619000,4.622100,10.000000,0.046190,0.220000,segment,PANGAEA.931834 'Transect meta data'!row 19; summary row 21,Transect 18 interrupted due to ship manoeuvre
S2:MSM41_litter-T18,S2_SARGASSO_MSM41,2,2,-66.968117,24.108283,-66.975567,24.258100,2015-04-07T16:38:00Z,2015-04-07T17:24:00Z,46.000000,16.665000,16.676000,10.000000,0.166650,0.220000,segment,PANGAEA.931834 'Transect meta data'!row 20; summary row 21,continued; Continuation of interrupted Transect 18
S2:MSM41_litter-T19,S2_SARGASSO_MSM41,1,1,-66.892950,25.216933,-66.922217,25.424333,2015-04-08T08:15:00Z,2015-04-08T09:15:00Z,60.000000,23.233000,23.248700,10.000000,0.232330,0.232330,single,PANGAEA.931834 'Transect meta data'!row 22,
S2:MSM41_litter-T20,S2_SARGASSO_MSM41,1,1,-66.950117,25.616950,-66.979783,25.820383,2015-04-08T10:11:00Z,2015-04-08T11:11:00Z,60.000000,22.780000,22.815200,10.000000,0.227800,0.227800,single,PANGAEA.931834 'Transect meta data'!row 23,
S2:MSM41_litter-T21,S2_SARGASSO_MSM41,1,1,-66.931150,26.013583,-66.947300,26.231067,2015-04-08T17:54:00Z,2015-04-08T18:54:00Z,60.000000,24.220000,24.236800,10.000000,0.242200,0.242200,single,PANGAEA.931834 'Transect meta data'!row 24,
S2:MSM41_litter-T22,S2_SARGASSO_MSM41,1,2,-66.966467,27.601900,-66.980000,27.741683,2015-04-09T08:05:00Z,2015-04-09T08:45:00Z,40.000000,15.590000,15.600200,10.000000,0.155900,0.240000,segment,PANGAEA.931834 'Transect meta data'!row 25; summary row 27,Transect 22 interrupted
S2:MSM41_litter-T22,S2_SARGASSO_MSM41,2,2,-66.981783,27.757350,-66.988883,27.829567,2015-04-09T08:51:00Z,2015-04-09T09:11:00Z,20.000000,8.055000,8.060500,10.000000,0.080550,0.240000,segment,PANGAEA.931834 'Transect meta data'!row 26; summary row 27,continued; Continuation of interrupted transect 22
S2:MSM41_litter-T23,S2_SARGASSO_MSM41,1,1,-66.909533,28.090317,-66.932383,28.309800,2015-04-09T15:36:00Z,2015-04-09T16:36:00Z,62.000000,24.491000,24.508000,10.000000,0.244910,0.244910,single,PANGAEA.931834 'Transect meta data'!row 28,
S2:MSM41_litter-T24,S2_SARGASSO_MSM41,1,1,-66.974933,28.708667,-66.997150,28.919250,2015-04-09T18:27:00Z,2015-04-09T19:27:00Z,60.000000,23.500000,23.515700,10.000000,0.235000,0.235000,single,PANGAEA.931834 'Transect meta data'!row 29,
S2:MSM41_litter-T25,S2_SARGASSO_MSM41,1,1,-66.899883,30.238383,-66.928483,30.452583,2015-04-10T14:44:00Z,2015-04-10T15:44:00Z,60.000000,23.959000,23.975600,10.000000,0.239590,0.239590,single,PANGAEA.931834 'Transect meta data'!row 30,
S2:MSM41_litter-T26,S2_SARGASSO_MSM41,1,1,-66.987617,30.872167,-67.004100,30.981367,2015-04-10T18:37:00Z,2015-04-10T19:05:00Z,28.000000,12.235000,12.243900,10.000000,0.122350,0.122350,single,PANGAEA.931834 'Transect meta data'!row 31,
S2:MSM41_litter-T27,S2_SARGASSO_MSM41,1,1,-66.715350,30.997267,-66.474667,30.997100,2015-04-11T08:01:00Z,2015-04-11T09:02:00Z,61.000000,22.925000,22.940900,10.000000,0.229250,0.229250,single,PANGAEA.931834 'Transect meta data'!row 32,
S2:MSM41_litter-T28,S2_SARGASSO_MSM41,1,1,-66.104233,30.997317,-65.854550,30.997250,2015-04-11T10:35:00Z,2015-04-11T11:35:00Z,60.000000,23.783000,23.798700,10.000000,0.237830,0.237830,single,PANGAEA.931834 'Transect meta data'!row 33,
S2:MSM41_litter-T29,S2_SARGASSO_MSM41,1,1,-65.005050,30.997167,-64.760950,30.997200,2015-04-11T15:03:00Z,2015-04-11T16:01:00Z,58.000000,23.251000,23.266500,10.000000,0.232510,0.232510,single,PANGAEA.931834 'Transect meta data'!row 34,"source comment refers to T26, not T29 (misplaced in 931834): Transect 26 terminated because of station works"
S2:MSM41_litter-T30,S2_SARGASSO_MSM41,1,1,-64.086700,30.660617,-64.062667,30.464333,2015-04-12T07:59:00Z,2015-04-12T08:59:00Z,60.000000,21.932000,21.946700,10.000000,0.219320,0.219320,single,PANGAEA.931834 'Transect meta data'!row 35,
S2:MSM41_litter-T31,S2_SARGASSO_MSM41,1,1,-64.039600,30.276233,-64.015600,30.078883,2015-04-12T09:58:00Z,2015-04-12T10:58:00Z,60.000000,22.050000,22.065300,10.000000,0.220500,0.220500,single,PANGAEA.931834 'Transect meta data'!row 36,
S2:MSM41_litter-T32,S2_SARGASSO_MSM41,1,1,-64.063783,29.929650,-64.050083,29.721550,2015-04-12T16:31:00Z,2015-04-12T17:31:00Z,60.000000,23.162000,23.177400,10.000000,0.231620,0.231620,single,PANGAEA.931834 'Transect meta data'!row 37,
S2:MSM41_litter-T33,S2_SARGASSO_MSM41,1,1,-63.912117,27.831067,-63.934550,27.630900,2015-04-13T14:19:00Z,2015-04-13T15:19:00Z,60.000000,22.352000,22.366800,10.000000,0.223520,0.223520,single,PANGAEA.931834 'Transect meta data'!row 38,
S2:MSM41_litter-T34,S2_SARGASSO_MSM41,1,1,-63.964750,27.362000,-63.987917,27.157083,2015-04-13T16:38:00Z,2015-04-13T17:38:00Z,60.000000,22.885000,22.900500,10.000000,0.228850,0.228850,single,PANGAEA.931834 'Transect meta data'!row 39,
S2:MSM41_litter-T35,S2_SARGASSO_MSM41,1,2,-63.871317,25.938650,-63.881417,25.852483,2015-04-14T12:11:00Z,2015-04-14T12:44:00Z,33.000000,9.628000,9.634400,10.000000,0.096280,0.180000,segment,PANGAEA.931834 'Transect meta data'!row 40; summary row 42,Transect 35 interrupted
S2:MSM41_litter-T35,S2_SARGASSO_MSM41,2,2,-63.882467,25.839017,-63.891667,25.763767,2015-04-14T12:49:00Z,2015-04-14T13:16:00Z,27.000000,8.412000,8.418000,10.000000,0.084120,0.180000,segment,PANGAEA.931834 'Transect meta data'!row 41; summary row 42,continued; Continuation of interrupted Transect 35
S2:MSM41_litter-T37,S2_SARGASSO_MSM41,1,1,-63.966383,25.268633,-63.996083,25.063000,2015-04-14T17:53:00Z,2015-04-14T18:53:00Z,60.000000,23.044000,23.060000,10.000000,0.230440,0.230440,single,PANGAEA.931834 'Transect meta data'!row 44,
S2:MSM41_litter-T38,S2_SARGASSO_MSM41,1,1,-63.943650,23.857333,-63.974867,23.676433,2015-04-15T13:34:00Z,2015-04-15T14:28:00Z,54.000000,20.351000,20.364500,10.000000,0.203510,0.203510,single,PANGAEA.931834 'Transect meta data'!row 45,
S2:MSM41_litter-T39,S2_SARGASSO_MSM41,1,1,-63.948717,22.905583,-64.006217,22.995617,2015-04-16T07:57:00Z,2015-04-16T08:28:00Z,31.000000,11.606000,11.614200,10.000000,0.116060,0.116060,single,PANGAEA.931834 'Transect meta data'!row 46,
S2:MSM41_litter-T40,S2_SARGASSO_MSM41,1,1,-63.893100,22.981933,-63.945550,22.757600,2015-04-16T11:56:00Z,2015-04-16T12:56:00Z,60.000000,25.500000,25.517000,10.000000,0.255000,0.255000,single,PANGAEA.931834 'Transect meta data'!row 47,
S2:MSM41_litter-T41,S2_SARGASSO_MSM41,1,1,-60.910833,22.516100,-60.933367,22.633083,2015-04-17T13:45:00Z,2015-04-17T14:45:00Z,60.000000,13.203000,13.212100,10.000000,0.132030,0.132030,single,PANGAEA.931834 'Transect meta data'!row 48,
S2:MSM41_litter-T42,S2_SARGASSO_MSM41,1,1,-60.955817,22.745250,-60.977917,22.861933,2015-04-17T15:45:00Z,2015-04-17T16:45:00Z,60.000000,13.162000,13.170900,10.000000,0.131620,0.131620,single,PANGAEA.931834 'Transect meta data'!row 49,
S2:MSM41_litter-T43,S2_SARGASSO_MSM41,1,1,-60.971000,23.699783,-60.992800,23.889100,2015-04-18T08:00:00Z,2015-04-18T09:00:00Z,60.000000,21.153000,21.167600,10.000000,0.211530,0.211530,single,PANGAEA.931834 'Transect meta data'!row 50,
S2:MSM41_litter-T44,S2_SARGASSO_MSM41,1,1,-60.995633,24.136150,-60.984267,24.330367,2015-04-18T15:30:00Z,2015-04-18T16:30:00Z,60.000000,21.612000,21.626700,10.000000,0.216120,0.216120,single,PANGAEA.931834 'Transect meta data'!row 51,"source comment refers to T39, not T44 (misplaced in 931834): Transect 39 terminated because of station works"
S2:MSM41_litter-T45,S2_SARGASSO_MSM41,1,1,-60.981483,24.543717,-60.986567,24.744233,2015-04-18T17:55:00Z,2015-04-18T18:55:00Z,60.000000,22.287000,22.302400,10.000000,0.222870,0.222870,single,PANGAEA.931834 'Transect meta data'!row 52,
S2:MSM41_litter-T46,S2_SARGASSO_MSM41,1,1,-60.997917,26.110667,-61.000000,26.313667,2015-04-19T12:41:00Z,2015-04-19T13:41:00Z,60.000000,22.558000,22.573600,10.000000,0.225580,0.225580,single,PANGAEA.931834 'Transect meta data'!row 53,
S2:MSM41_litter-T47,S2_SARGASSO_MSM41,1,1,-61.001417,26.500933,-61.001300,26.599117,2015-04-19T14:37:00Z,2015-04-19T15:07:00Z,30.000000,10.910000,10.917500,10.000000,0.109100,0.109100,single,PANGAEA.931834 'Transect meta data'!row 54,
S2:MSM41_litter-T48,S2_SARGASSO_MSM41,1,1,-60.996767,27.828667,-61.004567,27.980817,2015-04-20T07:51:00Z,2015-04-20T08:36:00Z,45.000000,16.924000,16.935700,10.000000,0.169240,0.169240,single,PANGAEA.931834 'Transect meta data'!row 55,
S2:MSM41_litter-T49,S2_SARGASSO_MSM41,1,2,-60.860083,28.073817,-60.870083,28.137067,2015-04-20T14:42:00Z,2015-04-20T14:59:00Z,17.000000,7.096000,7.101200,10.000000,0.070960,0.230000,segment,PANGAEA.931834 'Transect meta data'!row 56; summary row 58,Transect 49 interrupted for Zodiak operation
S2:MSM41_litter-T49,S2_SARGASSO_MSM41,2,2,-60.861867,28.140233,-60.870883,28.284650,2015-04-20T15:50:00Z,2015-04-20T16:33:00Z,43.000000,16.072000,16.082700,10.000000,0.160720,0.230000,segment,PANGAEA.931834 'Transect meta data'!row 57; summary row 58,continued; Continuation of interrupted Transect 49
S2:MSM41_litter-T50,S2_SARGASSO_MSM41,1,1,-60.925467,28.574317,-60.966050,28.791517,2015-04-20T17:56:00Z,2015-04-20T18:56:00Z,60.000000,24.457000,24.473900,10.000000,0.244570,0.244570,single,PANGAEA.931834 'Transect meta data'!row 59,
S2:MSM41_litter-T51,S2_SARGASSO_MSM41,1,1,-60.934250,29.912267,-60.947767,30.121083,2015-04-21T12:47:00Z,2015-04-21T13:47:00Z,60.000000,23.240000,23.255800,10.000000,0.232400,0.232400,single,PANGAEA.931834 'Transect meta data'!row 60,
S2:MSM41_litter-T52,S2_SARGASSO_MSM41,1,1,-60.965867,30.396100,-60.979250,30.600383,2015-04-21T15:06:00Z,2015-04-21T16:06:00Z,60.000000,22.736000,22.751500,10.000000,0.227360,0.227360,single,PANGAEA.931834 'Transect meta data'!row 61,
S2:MSM41_litter-T53,S2_SARGASSO_MSM41,1,1,-59.939533,30.902700,-59.694450,30.915017,2015-04-22T08:02:00Z,2015-04-22T09:02:00Z,60.000000,23.406000,23.421900,10.000000,0.234060,0.234060,single,PANGAEA.931834 'Transect meta data'!row 62,
S2:MSM41_litter-T54,S2_SARGASSO_MSM41,1,1,-59.491017,30.925100,-59.300183,30.937733,2015-04-22T10:02:00Z,2015-04-22T11:02:00Z,60.000000,18.244000,18.256100,10.000000,0.182440,0.182440,single,PANGAEA.931834 'Transect meta data'!row 63,
S2:MSM41_litter-T55,S2_SARGASSO_MSM41,1,1,-59.107067,30.943817,-58.932817,30.952317,2015-04-22T12:02:00Z,2015-04-22T12:56:00Z,54.000000,16.633000,16.644100,10.000000,0.166330,0.166330,single,PANGAEA.931834 'Transect meta data'!row 64,
S2:MSM41_litter-T56,S2_SARGASSO_MSM41,1,1,-58.525483,30.972083,-58.424250,30.977367,2015-04-22T15:05:00Z,2015-04-22T15:37:00Z,32.000000,9.663000,9.669300,10.000000,0.096630,0.096630,single,PANGAEA.931834 'Transect meta data'!row 65,
S2:MSM41_litter-T57,S2_SARGASSO_MSM41,1,1,-58.137733,29.886050,-58.105433,29.668733,2015-04-23T14:55:00Z,2015-04-23T15:56:00Z,61.000000,24.348000,24.364800,10.000000,0.243480,0.243480,single,PANGAEA.931834 'Transect meta data'!row 66,
S2:MSM41_litter-T58,S2_SARGASSO_MSM41,1,1,-58.043017,29.251417,-58.010200,29.031017,2015-04-23T17:52:00Z,2015-04-23T18:52:00Z,60.000000,24.697000,24.713800,10.000000,0.246970,0.246970,single,PANGAEA.931834 'Transect meta data'!row 67,
S2:MSM41_litter-T59,S2_SARGASSO_MSM41,1,1,-58.159383,27.953550,-58.124200,27.735200,2015-04-24T11:58:00Z,2015-04-24T13:01:00Z,63.000000,24.508000,24.524600,10.000000,0.245080,0.245080,single,PANGAEA.931834 'Transect meta data'!row 68,
S2:MSM41_litter-T60,S2_SARGASSO_MSM41,1,1,-58.089717,27.504483,-58.055000,27.292217,2015-04-24T15:33:00Z,2015-04-24T16:33:00Z,60.000000,23.834000,23.850500,10.000000,0.238340,0.238340,single,PANGAEA.931834 'Transect meta data'!row 69,
S2:MSM41_litter-T61,S2_SARGASSO_MSM41,1,1,-58.087583,25.928833,-58.069183,25.721833,2015-04-25T10:16:00Z,2015-04-25T11:16:00Z,60.000000,23.075000,23.090900,10.000000,0.230750,0.230750,single,PANGAEA.931834 'Transect meta data'!row 70,
S2:MSM41_litter-T62,S2_SARGASSO_MSM41,1,1,-58.047217,25.519350,-58.032250,25.305317,2015-04-25T12:14:00Z,2015-04-25T13:14:00Z,60.000000,23.831000,23.846900,10.000000,0.238310,0.238310,single,PANGAEA.931834 'Transect meta data'!row 71,
S2:MSM41_litter-T63,S2_SARGASSO_MSM41,1,1,-58.087050,23.853867,-58.072800,23.704833,2015-04-26T10:10:00Z,2015-04-26T11:10:00Z,60.000000,16.624000,16.635100,10.000000,0.166240,0.166240,single,PANGAEA.931834 'Transect meta data'!row 72,"source comment refers to T56, not T63 (misplaced in 931834): Transect 56 terminated for sampling of flotsam (-> Sample 78)"
S2:MSM41_litter-T64,S2_SARGASSO_MSM41,1,1,-58.050833,23.481000,-58.036533,23.335467,2015-04-26T12:43:00Z,2015-04-26T13:43:00Z,60.000000,16.237000,16.248200,10.000000,0.162370,0.162370,single,PANGAEA.931834 'Transect meta data'!row 73,
S2:MSM41_litter-T65,S2_SARGASSO_MSM41,1,1,-58.019367,23.175000,-58.004183,23.028933,2015-04-26T14:49:00Z,2015-04-26T15:49:00Z,60.000000,16.305000,16.316000,10.000000,0.163050,0.163050,single,PANGAEA.931834 'Transect meta data'!row 74,
S3:HE419_MarLitter_transect01,S3_SE_NORTH_SEA,1,1,7.835700,54.129200,7.482100,54.039000,2014-04-03T14:39:00Z,2014-04-03T16:00:00Z,81.000000,25.143000,25.150600,10.000000,0.251000,0.251000,single,PANGAEA.890782 data row 33,
S3:HE419_MarLitter_transect02,S3_SE_NORTH_SEA,1,1,6.761000,54.881700,7.013700,54.911800,2014-04-05T15:23:00Z,2014-04-05T16:09:00Z,46.000000,16.489000,16.501400,10.000000,0.165000,0.165000,single,PANGAEA.890782 data row 34,
S3:HE419_MarLitter_transect03,S3_SE_NORTH_SEA,1,1,5.588500,54.642400,5.460100,54.578900,2014-04-06T07:47:00Z,2014-04-06T08:24:00Z,37.000000,10.871000,10.873100,10.000000,0.109000,0.109000,single,PANGAEA.890782 data row 35,
S3:HE419_MarLitter_transect04,S3_SE_NORTH_SEA,1,1,5.426700,54.553600,5.534200,54.688700,2014-04-06T09:37:00Z,2014-04-06T10:31:00Z,54.000000,16.958000,16.540000,10.000000,0.170000,0.170000,single,PANGAEA.890782 data row 36,
S3:HE419_MarLitter_transect05,S3_SE_NORTH_SEA,1,1,5.533100,54.677900,5.716200,54.834900,2014-04-06T12:23:00Z,2014-04-06T13:23:00Z,60.000000,21.075000,21.042800,10.000000,0.211000,0.211000,single,PANGAEA.890782 data row 37,
S3:HE419_MarLitter_transect06,S3_SE_NORTH_SEA,1,1,5.748900,54.855400,5.909600,54.971000,2014-04-06T14:39:00Z,2014-04-06T15:26:00Z,47.000000,16.525000,16.453900,10.000000,0.165000,0.165000,single,PANGAEA.890782 data row 38,
S3:HE419_MarLitter_transect07,S3_SE_NORTH_SEA,1,1,5.925000,54.984000,5.721800,55.003100,2014-04-06T16:23:00Z,2014-04-06T17:08:00Z,45.000000,13.130000,13.134800,10.000000,0.131000,0.131000,single,PANGAEA.890782 data row 39,
S3:HE419_MarLitter_transect08,S3_SE_NORTH_SEA,1,1,5.695800,54.974600,5.536500,54.933100,2014-04-06T18:58:00Z,2014-04-06T19:41:00Z,43.000000,11.462000,11.169500,10.000000,0.115000,0.115000,single,PANGAEA.890782 data row 40,
S3:HE419_MarLitter_transect09,S3_SE_NORTH_SEA,1,1,5.351100,54.960800,5.474400,55.077900,2014-04-07T07:54:00Z,2014-04-07T08:40:00Z,46.000000,15.205000,15.209400,10.000000,0.152000,0.152000,single,PANGAEA.890782 data row 41,
S3:HE419_MarLitter_transect10,S3_SE_NORTH_SEA,1,1,5.478300,55.076500,5.689400,55.131900,2014-04-07T09:53:00Z,2014-04-07T10:43:00Z,50.000000,14.980000,14.774300,10.000000,0.150000,0.150000,single,PANGAEA.890782 data row 42,
S3:HE419_MarLitter_transect11,S3_SE_NORTH_SEA,1,1,5.671100,55.113900,5.418100,55.108600,2014-04-07T12:21:00Z,2014-04-07T13:14:00Z,53.000000,16.095000,16.102100,10.000000,0.161000,0.161000,single,PANGAEA.890782 data row 43,
S3:HE419_MarLitter_transect12,S3_SE_NORTH_SEA,1,1,5.365700,55.083300,5.200900,55.022300,2014-04-07T14:45:00Z,2014-04-07T15:28:00Z,43.000000,12.491000,12.497700,10.000000,0.125000,0.125000,single,PANGAEA.890782 data row 44,
S3:HE419_MarLitter_transect13,S3_SE_NORTH_SEA,1,1,5.186200,55.005400,5.076700,54.936100,2014-04-07T16:21:00Z,2014-04-07T16:58:00Z,37.000000,10.401000,10.403100,10.000000,0.104000,0.104000,single,PANGAEA.890782 data row 45,
S3:HE419_MarLitter_transect14,S3_SE_NORTH_SEA,1,1,5.071300,54.924500,4.932300,55.085000,2014-04-07T18:23:00Z,2014-04-07T19:27:00Z,64.000000,20.445000,19.926900,10.000000,0.204000,0.204000,single,PANGAEA.890782 data row 46,
S3:HE419_MarLitter_transect15,S3_SE_NORTH_SEA,1,1,3.459300,55.754700,3.403100,55.788800,2014-04-08T08:50:00Z,2014-04-08T09:18:00Z,28.000000,5.222000,5.170400,10.000000,0.052000,0.052000,single,PANGAEA.890782 data row 47,
S3:HE419_MarLitter_transect16,S3_SE_NORTH_SEA,1,1,3.421200,55.851100,3.417700,55.904500,2014-04-08T12:16:00Z,2014-04-08T12:44:00Z,28.000000,5.943000,5.941800,10.000000,0.059000,0.059000,single,PANGAEA.890782 data row 48,
S3:HE419_MarLitter_transect17,S3_SE_NORTH_SEA,1,1,3.448700,55.893800,3.634100,55.861400,2014-04-08T13:36:00Z,2014-04-08T14:05:00Z,29.000000,12.104000,12.112700,10.000000,0.121000,0.121000,single,PANGAEA.890782 data row 49,
S3:HE419_MarLitter_transect18,S3_SE_NORTH_SEA,1,1,3.636100,55.802300,3.802000,55.731200,2014-04-08T15:06:00Z,2014-04-08T15:52:00Z,46.000000,13.161000,13.046100,10.000000,0.132000,0.132000,single,PANGAEA.890782 data row 50,
S3:HE419_MarLitter_transect19,S3_SE_NORTH_SEA,1,1,4.900800,55.271100,5.094000,55.257500,2014-04-09T08:47:00Z,2014-04-09T09:24:00Z,37.000000,12.323000,12.333800,10.000000,0.123000,0.123000,single,PANGAEA.890782 data row 51,
S3:HE419_MarLitter_transect20,S3_SE_NORTH_SEA,1,1,5.334600,55.220600,5.599100,55.243300,2014-04-09T13:01:00Z,2014-04-09T16:52:00Z,231.000000,16.959000,16.960700,10.000000,0.170000,0.170000,single,PANGAEA.890782 data row 52,
S3:HE419_MarLitter_transect21,S3_SE_NORTH_SEA,1,1,5.635400,55.263900,5.636900,55.392600,2014-04-09T15:03:00Z,2014-04-09T15:51:00Z,48.000000,14.320000,14.311100,10.000000,0.143000,0.143000,single,PANGAEA.890782 data row 53,
S3:HE419_MarLitter_transect22,S3_SE_NORTH_SEA,1,1,5.646600,55.402900,5.727400,55.457200,2014-04-09T17:06:00Z,2014-04-09T17:30:00Z,24.000000,7.897000,7.902200,10.000000,0.079000,0.079000,single,PANGAEA.890782 data row 54,
S3:HE419_MarLitter_transect23,S3_SE_NORTH_SEA,1,1,6.404500,55.076500,6.401200,55.144400,2014-04-10T09:31:00Z,2014-04-10T09:54:00Z,23.000000,7.549000,7.553100,10.000000,0.075000,0.075000,single,PANGAEA.890782 data row 55,
S3:HE419_MarLitter_transect24,S3_SE_NORTH_SEA,1,1,6.371800,55.148900,6.264800,55.209000,2014-04-10T12:15:00Z,2014-04-10T12:53:00Z,38.000000,9.630000,9.529800,10.000000,0.096000,0.096000,single,PANGAEA.890782 data row 56,
S3:HE419_MarLitter_transect25,S3_SE_NORTH_SEA,1,1,6.251000,55.232500,6.411500,55.292600,2014-04-10T14:27:00Z,2014-04-10T15:13:00Z,46.000000,12.288000,12.168700,10.000000,0.123000,0.123000,single,PANGAEA.890782 data row 57,
S3:HE419_MarLitter_transect26,S3_SE_NORTH_SEA,1,1,6.393800,55.281900,6.381400,55.367400,2014-04-10T16:07:00Z,2014-04-10T16:50:00Z,43.000000,9.549000,9.539500,10.000000,0.095000,0.095000,single,PANGAEA.890782 data row 58,
S3:HE419_MarLitter_transect27,S3_SE_NORTH_SEA,1,1,6.381200,55.367900,6.584500,55.329300,2014-04-10T18:19:00Z,2014-04-10T19:20:00Z,61.000000,14.376000,13.551000,10.000000,0.144000,0.144000,single,PANGAEA.890782 data row 59,
S3:HE419_MarLitter_transect28,S3_SE_NORTH_SEA,1,1,8.134900,55.007300,8.145900,54.903100,2014-04-11T08:31:00Z,2014-04-11T09:10:00Z,39.000000,11.602000,11.607800,10.000000,0.116000,0.116000,single,PANGAEA.890782 data row 60,
S3:HE419_MarLitter_transect29,S3_SE_NORTH_SEA,1,1,8.145300,54.889200,8.127200,54.681800,2014-04-11T10:06:00Z,2014-04-11T11:17:00Z,71.000000,23.093000,23.091000,10.000000,0.231000,0.231000,single,PANGAEA.890782 data row 61,
S3:HE419_MarLitter_transect30,S3_SE_NORTH_SEA,1,1,8.091400,54.605200,7.936200,54.502300,2014-04-11T12:45:00Z,2014-04-11T13:30:00Z,45.000000,15.379000,15.201500,10.000000,0.154000,0.154000,single,PANGAEA.890782 data row 62,
S3:HE419_MarLitter_transect31,S3_SE_NORTH_SEA,1,1,7.879100,54.466500,7.716900,54.353500,2014-04-11T14:26:00Z,2014-04-11T15:12:00Z,46.000000,16.517000,16.372400,10.000000,0.165000,0.165000,single,PANGAEA.890782 data row 63,
S3:HE419_MarLitter_transect32,S3_SE_NORTH_SEA,1,1,7.712500,54.402100,8.177100,54.415600,2014-04-11T18:12:00Z,2014-04-11T18:56:00Z,44.000000,30.463000,30.104100,10.000000,0.305000,0.305000,single,PANGAEA.890782 data row 64,
S3:HE419_MarLitter_transect33,S3_SE_NORTH_SEA,1,1,7.532400,53.872000,7.364000,53.856700,2014-04-12T08:06:00Z,2014-04-12T08:46:00Z,40.000000,11.172000,11.172500,10.000000,0.112000,0.112000,single,PANGAEA.890782 data row 65,
S3:HE419_MarLitter_transect34,S3_SE_NORTH_SEA,1,1,7.333900,53.858200,7.104200,53.822800,2014-04-12T09:32:00Z,2014-04-12T10:28:00Z,56.000000,15.602000,15.576000,10.000000,0.156000,0.156000,single,PANGAEA.890782 data row 66,
S3:HE419_MarLitter_transect35,S3_SE_NORTH_SEA,1,1,7.070100,53.813300,6.911000,53.870400,2014-04-12T12:00:00Z,2014-04-12T12:42:00Z,42.000000,12.309000,12.217400,10.000000,0.123000,0.123000,single,PANGAEA.890782 data row 67,
S3:HE419_MarLitter_transect36,S3_SE_NORTH_SEA,1,1,6.861300,53.857600,6.709300,53.843300,2014-04-12T13:42:00Z,2014-04-12T14:11:00Z,29.000000,10.086000,10.096200,10.000000,0.101000,0.101000,single,PANGAEA.890782 data row 68,
S3:HE419_MarLitter_transect37,S3_SE_NORTH_SEA,1,1,6.588800,53.810100,6.489500,53.730200,2014-04-12T15:46:00Z,2014-04-12T16:31:00Z,45.000000,11.037000,11.023700,10.000000,0.110000,0.110000,single,PANGAEA.890782 data row 69,
S3:HE419_MarLitter_transect38,S3_SE_NORTH_SEA,1,1,6.493400,53.716300,6.419900,53.683900,2014-04-12T17:21:00Z,2014-04-12T17:50:00Z,29.000000,6.235000,6.032400,10.000000,0.062000,0.062000,single,PANGAEA.890782 data row 70,
S3:HE460_MarLitter_transect01,S3_SE_NORTH_SEA,1,1,7.919800,54.238100,7.719080,54.306720,2016-04-08T16:17:00Z,2016-04-08T17:00:00Z,43.000000,15.102000,15.102100,10.000000,0.151000,0.151000,reconstructed_approx,"PANGAEA.890782 (start, length) + PANGAEA.890781 (3 object positions, direction)",start == end in PANGAEA.890782 (and in organisers' CSV); end = start + 15.102 km at bearing 300.4 deg towards farthest object (14.28 km from start); objects max 0.074 km off the reconstructed line; straight-course assumption
S3:HE460_MarLitter_transect02,S3_SE_NORTH_SEA,1,1,7.516100,54.392400,7.193000,54.441500,2016-04-09T14:58:00Z,2016-04-09T15:58:00Z,60.000000,21.663000,21.606500,10.000000,0.217000,0.217000,single,PANGAEA.890782 data row 72,
S3:HE460_MarLitter_transect03,S3_SE_NORTH_SEA,1,1,6.715900,54.748300,6.560000,54.934100,2016-04-10T16:15:00Z,2016-04-10T17:18:00Z,63.000000,22.930000,22.945300,10.000000,0.229000,0.229000,single,PANGAEA.890782 data row 73,
