image,valid_keys,best_ref,best_ref_kind,votes,second_votes,verdict
data/extra/plp/PLP/PLP2021/Sentinel-2/20210611T085601_20210611T090331_T35SMD.tif,16441,Scene_0_1,MADOS,2,1,no match
data/extra/plp/PLP/PLP2021/Sentinel-2/20210621T085601_20210621T090754_T35SMD.tif,13265,Scene_0_1,MADOS,2,2,no match
data/extra/plp/PLP/PLP2021/Sentinel-2/20210626T085559_20210626T090236_T35SMD.tif,16423,Scene_0_1,MADOS,2,2,no match
data/extra/plp/PLP/PLP2021/Sentinel-2/20210701T085601_20210701T090332_T35SMD.tif,16456,Scene_0_2,MADOS,2,2,no match
data/extra/plp/PLP/PLP2021/Sentinel-2/20210706T085559_20210706T090237_T35SMD.tif,12087,Scene_0_1,MADOS,2,2,no match
data/extra/plp/PLP/PLP2021/Sentinel-2/20210711T085601_20210711T090333_T35SMD.tif,16439,Scene_1_16,MADOS,2,1,no match
data/extra/plp/PLP/PLP2021/Sentinel-2/20210716T085559_20210716T085908_T35SMD.tif,16429,Scene_0_1,MADOS,2,2,no match
data/extra/plp/PLP/PLP2021/Sentinel-2/20210721T085601_20210721T090710_T35SMD.tif,12176,Scene_0_1,MADOS,2,2,no match
data/extra/plp/PLP/PLP2021/Sentinel-2/20210726T085559_20210726T090237_T35SMD.tif,16398,Scene_0_2,MADOS,2,1,no match
data/extra/plp/PLP/PLP2021/Sentinel-2/20210731T085601_20210731T090333_T35SMD.tif,16179,Scene_0_1,MADOS,2,2,no match
data/extra/plp/PLP/PLP2021/Sentinel-2/20210805T085559_20210805T090150_T35SMD.tif,16390,Scene_0_2,MADOS,2,1,no match
data/extra/plp/PLP/PLP2021/Sentinel-2/20210810T085601_20210810T090333_T35SMD.tif,14849,Scene_0_1,MADOS,2,2,no match
data/extra/plp/PLP/PLP2021/Sentinel-2/20210815T085559_20210815T085845_T35SMD.tif,16385,Scene_0_1,MADOS,2,2,no match
data/extra/plp/PLP/PLP2021/Sentinel-2/20210820T085601_20210820T090755_T35SMD.tif,15712,Scene_0_1,MADOS,1,1,no match
data/extra/plp/PLP/PLP2021/Sentinel-2/20210825T085559_20210825T090436_T35SMD.tif,12648,Scene_0_1,MADOS,2,2,no match
data/extra/plp/PLP/PLP2021/Sentinel-2/20210830T085601_20210830T090332_T35SMD.tif,8171,Scene_0_1,MADOS,1,1,no match
data/extra/plp/PLP/PLP2021/Sentinel-2/20210904T085549_20210904T090228_T35SMD.tif,15699,Scene_0_1,MADOS,2,2,no match
data/extra/plp/PLP/PLP2021/Sentinel-2/20210909T085601_20210909T090330_T35SMD.tif,8360,Scene_0_1,MADOS,2,2,no match
data/extra/plp/PLP/PLP2021/Sentinel-2/20210914T085559_20210914T085720_T35SMD.tif,16323,Scene_0_1,MADOS,2,2,no match
data/extra/plp/PLP/PLP2021/Sentinel-2/20210919T085631_20210919T090709_T35SMD.tif,16419,Scene_0_7,MADOS,2,1,no match
data/extra/plp/PLP/PLP2021/Sentinel-2/20210924T085709_20210924T085906_T35SMD.tif,13427,Scene_0_1,MADOS,2,2,no match
data/extra/plp/PLP/PLP2022/Sentinel-2/20220616T085611_20220616T090420_T35SMD.tif,16428,Scene_0_2,MADOS,2,2,no match
data/extra/plp/PLP/PLP2022/Sentinel-2/20220621T085559_20220621T090240_T35SMD.tif,16396,Scene_0_1,MADOS,2,2,no match
data/extra/plp/PLP/PLP2022/Sentinel-2/20220626T085611_20220626T090248_T35SMD.tif,13512,Scene_0_1,MADOS,2,2,no match
data/extra/plp/PLP/PLP2022/Sentinel-2/20220701T085559_20220701T090240_T35SMD.tif,16415,Scene_0_1,MADOS,2,2,no match
data/extra/plp/PLP/PLP2022/Sentinel-2/20220706T085611_20220706T090129_T35SMD.tif,16406,Scene_1_17,MADOS,2,1,no match
data/extra/plp/PLP/PLP2022/Sentinel-2/20220711T085559_20220711T090240_T35SMD.tif,15042,Scene_0_1,MADOS,2,2,no match
data/extra/plp/PLP/PLP2022/Sentinel-2/20220716T085611_20220716T085930_T35SMD.tif,16393,Scene_0_2,MADOS,2,2,no match
data/extra/plp/PLP/PLP2022/Sentinel-2/20220721T085559_20220721T090157_T35SMD.tif,16132,Scene_0_1,MADOS,2,2,no match
data/extra/plp/PLP/PLP2022/Sentinel-2/20220726T085611_20220726T090224_T35SMD.tif,15974,Scene_0_2,MADOS,2,2,no match
data/extra/plp/PLP/PLP2022/Sentinel-2/20220731T085559_20220731T090049_T35SMD.tif,14999,Scene_0_1,MADOS,2,2,no match
data/extra/plp/PLP/PLP2022/Sentinel-2/20220805T085611_20220805T090203_T35SMD.tif,15098,Scene_0_2,MADOS,2,2,no match
data/extra/plp/PLP/PLP2022/Sentinel-2/20220810T085559_20220810T090239_T35SMD.tif,14652,Scene_0_1,MADOS,2,2,no match
data/extra/floatingobjects/crops/accra_20181031/c00_r08_c00_r09_c01_r08.tif,4138850,Scene_0_1,MADOS,3,3,no match
data/extra/floatingobjects/crops/accra_20181031/c02_r08.tif,1030768,Scene_0_1,MADOS,3,2,no match
data/extra/floatingobjects/crops/accra_20181031/c03_r07.tif,1032542,Scene_0_1,MADOS,3,3,no match
data/extra/floatingobjects/crops/accra_20181031/c04_r06_c04_r07_c05_r06.tif,4140516,Scene_0_1,MADOS,3,3,no match
data/extra/floatingobjects/crops/accra_20181031/c06_r06_c07_r06.tif,2066847,Scene_0_1,MADOS,3,3,no match
data/extra/floatingobjects/crops/biscay_20180419/c07_r00.tif,1027783,Scene_0_1,MADOS,3,3,no match
data/extra/floatingobjects/crops/biscay_20180419/c07_r04_c07_r05.tif,2065292,Scene_0_1,MADOS,3,3,no match
data/extra/floatingobjects/crops/biscay_20180419/c08_r01_c09_r00_c09_r01.tif,4141550,Scene_0_1,MADOS,3,3,no match
data/extra/floatingobjects/crops/biscay_20180419/c08_r02.tif,1029432,Scene_0_1,MADOS,3,3,no match
data/extra/floatingobjects/crops/biscay_20180419/c08_r04_c08_r05_c09_r04_c09_r05.tif,4138536,Scene_0_1,MADOS,3,3,no match
data/extra/floatingobjects/crops/biscay_20180419/c09_r07.tif,1033208,Scene_0_1,MADOS,3,3,no match
data/extra/floatingobjects/crops/biscay_20180419/c10_r00.tif,744141,Scene_0_1,MADOS,3,3,no match
data/extra/floatingobjects/crops/biscay_20180419/c10_r07.tif,744243,Scene_0_1,MADOS,3,2,no match
data/extra/floatingobjects/crops/danang_20181005/c00_r06_c00_r07_c01_r07.tif,4143287,Scene_0_1,MADOS,3,3,no match
data/extra/floatingobjects/crops/danang_20181005/c02_r07.tif,1032258,Scene_0_2,MADOS,3,3,no match
data/extra/floatingobjects/crops/danang_20181005/c02_r08_c02_r09_c03_r09.tif,4148341,Scene_0_1,MADOS,3,3,no match
data/extra/floatingobjects/crops/danang_20181005/c04_r10_c05_r10.tif,1492960,Scene_0_2,MADOS,4,3,no match
data/extra/floatingobjects/crops/kentpointfarm_20180710/c08_r09.tif,1032022,Scene_0_1,MADOS,3,3,no match
data/extra/floatingobjects/crops/kolkata_20201115/c02_r10.tif,742499,Scene_0_1,MADOS,3,2,no match
data/extra/floatingobjects/crops/lagos_20190101/c05_r10.tif,747739,Scene_0_1,MADOS,2,2,no match
data/extra/floatingobjects/crops/lagos_20190101/c07_r09.tif,1036430,Scene_0_1,MADOS,3,2,no match
data/extra/floatingobjects/crops/lagos_20190101/c08_r09_c09_r09.tif,2076970,Scene_0_1,MADOS,3,3,no match
data/extra/floatingobjects/crops/lagos_20200505/c01_r01.tif,1033442,Scene_0_1,MADOS,3,2,no match
data/extra/floatingobjects/crops/lagos_20200505/c02_r01.tif,1033074,Scene_0_1,MADOS,2,2,no match
data/extra/floatingobjects/crops/lagos_20200505/c04_r01_c05_r01.tif,2070811,Scene_0_1,MADOS,3,3,no match
data/extra/floatingobjects/crops/lagos_20200505/c06_r00_c07_r00.tif,2071785,Scene_0_1,MADOS,2,2,no match
data/extra/floatingobjects/crops/lagos_20200505/c08_r00_c08_r01.tif,2070864,Scene_0_1,MADOS,3,3,no match
data/extra/floatingobjects/crops/lagos_20200505/c09_r02.tif,1034673,Scene_0_1,MADOS,2,2,no match
data/extra/floatingobjects/crops/lagos_20200505/c10_r00.tif,746915,Scene_0_1,MADOS,2,2,no match
data/extra/floatingobjects/crops/lagos_20200505/c10_r02.tif,746945,Scene_0_1,MADOS,2,2,no match
data/extra/floatingobjects/crops/london_20180611/c03_r09.tif,1037279,Scene_0_2,MADOS,3,3,no match
data/extra/floatingobjects/crops/longxuyen_20181102/c09_r08_c09_r09.tif,2071653,Scene_0_1,MADOS,3,3,no match
data/extra/floatingobjects/crops/mandaluyong_20180314/c06_r08.tif,1031723,Scene_0_1,MADOS,2,2,no match
data/extra/floatingobjects/crops/marmara_20210519/c06_r06.tif,1027898,Scene_0_1,MADOS,3,3,no match
data/extra/floatingobjects/crops/neworleans_20200202/c00_r04_c00_r05_c01_r04_c01_r05.tif,4136657,Scene_0_1,MADOS,3,3,no match
data/extra/floatingobjects/crops/neworleans_20200202/c01_r06_c01_r07.tif,2061475,Scene_0_1,MADOS,3,3,no match
data/extra/floatingobjects/crops/neworleans_20200202/c01_r08_c01_r09.tif,2064187,Scene_0_1,MADOS,3,3,no match
data/extra/floatingobjects/crops/neworleans_20200202/c02_r08.tif,1029399,Scene_0_1,MADOS,3,3,no match
data/extra/floatingobjects/crops/neworleans_20200202/c05_r04_c05_r05.tif,2065220,Scene_0_1,MADOS,3,3,no match
data/extra/floatingobjects/crops/neworleans_20200202/c06_r05_c07_r05.tif,2064346,Scene_0_1,MADOS,3,3,no match
data/extra/floatingobjects/crops/neworleans_20200202/c08_r04_c08_r05_c09_r05.tif,4142388,Scene_1_11,MADOS,4,3,no match
data/extra/floatingobjects/crops/neworleans_20200202/c10_r02_c10_r03.tif,1491346,Scene_0_1,MADOS,3,3,no match
data/extra/floatingobjects/crops/neworleans_20200202/c10_r05.tif,743840,Scene_0_1,MADOS,2,2,no match
data/extra/floatingobjects/crops/panama_20190425/c05_r03.tif,1028616,Scene_0_1,MADOS,3,3,no match
data/extra/floatingobjects/crops/panama_20190425/c05_r04.tif,1031489,Scene_0_1,MADOS,3,3,no match
data/extra/floatingobjects/crops/portalfredSouthAfrica_20180601/c02_r02.tif,1030639,Scene_0_1,MADOS,3,3,no match
data/extra/floatingobjects/crops/riodejaneiro_20180504/c08_r01_c09_r01.tif,2066734,Scene_0_1,MADOS,3,3,no match
data/extra/floatingobjects/crops/sandiego_20180804/c08_r09.tif,1033270,Scene_0_2,MADOS,3,3,no match
data/extra/floatingobjects/crops/sanfrancisco_20190219/c04_r00_c04_r01_c05_r00_c05_r01.tif,4128711,Scene_0_1,MADOS,3,3,no match
data/extra/floatingobjects/crops/shengsi_20190615/c05_r03.tif,1036424,Scene_1_8,MADOS,3,2,no match
data/extra/floatingobjects/crops/shengsi_20190615/c06_r03_c07_r02_c07_r03.tif,4160988,Scene_0_1,MADOS,3,3,no match
data/extra/floatingobjects/crops/suez_20200403/c05_r08.tif,1029694,Scene_0_1,MADOS,3,3,no match
data/extra/floatingobjects/crops/tangshan_20180130/c05_r07.tif,1032113,Scene_0_2,MADOS,3,3,no match
data/extra/floatingobjects/crops/tangshan_20180130/c05_r08.tif,261050,Scene_0_2,MADOS,3,2,no match
data/extra/floatingobjects/crops/tangshan_20180130/c06_r06_c06_r07_c07_r06_c07_r07.tif,4150157,Scene_0_1,MADOS,3,3,no match
data/extra/floatingobjects/crops/tangshan_20180130/c06_r08_c07_r08.tif,1440037,Scene_0_2,MADOS,3,3,no match
data/extra/floatingobjects/crops/tangshan_20180130/c08_r04_c08_r05_c09_r04_c09_r05.tif,4148093,Scene_0_1,MADOS,3,3,no match
data/extra/floatingobjects/crops/tangshan_20180130/c09_r06.tif,1031113,Scene_0_2,MADOS,3,2,no match
data/extra/floatingobjects/crops/tangshan_20180130/c10_r04_c10_r05.tif,1494649,Scene_0_1,MADOS,3,3,no match
data/extra/floatingobjects/crops/toledo_20191221/c00_r07_c01_r07.tif,2047464,Scene_0_1,MADOS,4,4,no match
data/extra/floatingobjects/crops/toledo_20191221/c01_r08.tif,1033226,Scene_0_1,MADOS,3,3,no match
data/extra/floatingobjects/crops/toledo_20191221/c02_r08_c03_r08_c03_r09.tif,4118768,Scene_0_1,MADOS,4,4,no match
data/extra/floatingobjects/crops/tungchungChina_20190922/c09_r02.tif,1034131,Scene_0_2,MADOS,3,3,no match
data/extra/floatingobjects/crops/tunisia_20180715/c05_r06.tif,1033664,Scene_0_2,MADOS,3,3,no match
data/extra/floatingobjects/crops/tunisia_20180715/c06_r07.tif,1034267,Scene_0_1,MADOS,2,2,no match
data/extra/floatingobjects/crops/turkmenistan_20181030/c06_r01_c07_r01.tif,1930460,Scene_0_1,MADOS,5,4,no match
data/extra/floatingobjects/crops/turkmenistan_20181030/c06_r02_c07_r02_c07_r03.tif,3867231,Scene_0_1,MADOS,6,5,no match
data/extra/floatingobjects/crops/turkmenistan_20181030/c07_r04_c07_r05.tif,1934323,Scene_0_1,MADOS,4,4,no match
data/extra/floatingobjects/crops/turkmenistan_20181030/c07_r06_c07_r07.tif,1956930,Scene_0_1,MADOS,4,4,no match
data/extra/floatingobjects/crops/turkmenistan_20181030/c08_r02_c08_r03_c09_r03.tif,3883894,Scene_0_1,MADOS,4,4,no match
data/extra/floatingobjects/crops/turkmenistan_20181030/c08_r04_c09_r04.tif,1935697,Scene_0_1,MADOS,4,4,no match
data/extra/floatingobjects/crops/turkmenistan_20181030/c08_r06_c08_r07_c09_r06_c09_r07.tif,3913150,Scene_0_1,MADOS,5,4,no match
data/extra/floatingobjects/crops/turkmenistan_20181030/c10_r03.tif,698350,Scene_0_1,MADOS,4,4,no match
data/extra/floatingobjects/crops/turkmenistan_20181030/c10_r04_c10_r05.tif,1405904,Scene_0_1,MADOS,5,4,no match
data/extra/floatingobjects/crops/turkmenistan_20181030/c10_r06.tif,702246,Scene_0_1,MADOS,4,4,no match
data/extra/floatingobjects/crops/venice_20180630/c05_r07.tif,697709,Scene_0_1,MADOS,2,2,no match
data/extra/floatingobjects/crops/venice_20180630/c05_r08.tif,905355,Scene_0_1,MADOS,3,3,no match
data/extra/floatingobjects/crops/venice_20180630/c06_r06_c06_r07_c07_r06_c07_r07.tif,4138217,Scene_0_1,MADOS,3,3,no match
data/extra/floatingobjects/crops/venice_20180630/c06_r08_c07_r08_c07_r09.tif,4136417,Scene_0_1,MADOS,3,3,no match
data/extra/floatingobjects/crops/venice_20180630/c07_r10.tif,743069,Scene_0_1,MADOS,3,3,no match
data/extra/floatingobjects/crops/venice_20180630/c08_r05_c09_r05.tif,2071030,Scene_0_1,MADOS,3,3,no match
data/extra/floatingobjects/crops/venice_20180630/c08_r06_c09_r06_c09_r07.tif,4149596,Scene_0_1,MADOS,3,3,no match
data/extra/floatingobjects/crops/venice_20180630/c08_r08.tif,1029525,Scene_0_1,MADOS,3,3,no match
data/extra/floatingobjects/crops/venice_20180928/c07_r04.tif,1025605,Scene_0_1,MADOS,3,3,no match
data/extra/floatingobjects/crops/vungtau_20180423/c00_r01.tif,1033091,Scene_0_1,MADOS,3,3,no match
data/extra/floatingobjects/crops/vungtau_20180423/c00_r02.tif,1032242,Scene_0_1,MADOS,2,2,no match
data/live/durban/2019-04-24/bands.tif,11950636,C:\Users\User\Documents\GitHub\final-cosmohack\data\MARIDA\patches\S2_24-4-19_36JUN\S2_24-4-19_36JUN_4.tif,MARIDA,7579,7569,MATCH (same pixels)
