source,scene_id,tile,date,ours,ours_id,ours_tile,ours_date,ours_split,kind
FloatingObjects,accra_20181031,30NZM,2018-10-31,live,accra/2025-10-21,30NZM,2025-10-21,live(demo/inference),same_place_other_date
FloatingObjects,danang_20181005,48QZD,2018-10-05,MARIDA,S2_14-11-18_48PZC,48PZC,2018-11-14,test,nearby_other_date(<50km)
FloatingObjects,danang_20181005,48QZD,2018-10-05,MARIDA,S2_18-1-18_48PZC,48PZC,2018-01-18,val,nearby_other_date(<50km)
FloatingObjects,danang_20181005,48QZD,2018-10-05,MARIDA,S2_24-11-19_48PZC,48PZC,2019-11-24,train,nearby_other_date(<50km)
FloatingObjects,danang_20181005,48QZD,2018-10-05,live,danang/2018-10-25,48PZC,2018-10-25,live(demo/inference),nearby_other_date(<50km)
FloatingObjects,danang_20181005,48QZD,2018-10-05,live,danang/2025-09-15,48PZC,2025-09-15,live(demo/inference),nearby_other_date(<50km)
FloatingObjects,kolkata_20201115,45QXD,2020-11-15,live,ganges/2025-11-19,45QXD,2025-11-19,live(demo/inference),same_place_other_date
FloatingObjects,kolkata_20201115,45QXD,2020-11-15,live,ganges/2026-01-13,45QXD,2026-01-13,live(demo/inference),same_place_other_date
FloatingObjects,kolkata_20201115,45QXD,2020-11-15,live,ganges/2026-02-12,45QXD,2026-02-12,live(demo/inference),same_place_other_date
FloatingObjects,lagos_20190101,31NEH,2019-01-01,live,lagos/2025-11-10,31NEG,2025-11-10,live(demo/inference),nearby_other_date(<50km)
FloatingObjects,lagos_20200505,31NEG,2020-05-05,live,lagos/2025-11-10,31NEG,2025-11-10,live(demo/inference),same_place_other_date
FloatingObjects,mandaluyong_20180314,51PTS,2018-03-14,MARIDA,S2_17-7-16_51PTS,51PTS,2016-07-17,test,same_place_other_date
FloatingObjects,mandaluyong_20180314,51PTS,2018-03-14,MARIDA,S2_18-5-19_51PTS,51PTS,2019-05-18,test,same_place_other_date
FloatingObjects,mandaluyong_20180314,51PTS,2018-03-14,live,manila/2019-05-13,51PTS,2019-05-13,live(demo/inference),same_place_other_date
FloatingObjects,mandaluyong_20180314,51PTS,2018-03-14,live,manila/2025-01-06,51PTS,2025-01-06,live(demo/inference),same_place_other_date
FloatingObjects,mandaluyong_20180314,51PTS,2018-03-14,live,manila/2025-06-15,51PTS,2025-06-15,live(demo/inference),same_place_other_date
FloatingObjects,mandaluyong_20180314,51PTS,2018-03-14,live,manila/2025-08-04,51PTS,2025-08-04,live(demo/inference),same_place_other_date
FloatingObjects,mandaluyong_20180314,51PTS,2018-03-14,live,manila/2025-11-07,51PTS,2025-11-07,live(demo/inference),same_place_other_date
FloatingObjects,mandaluyong_20180314,51PTS,2018-03-14,live,manila/2025-12-27,51PTS,2025-12-27,live(demo/inference),same_place_other_date
FloatingObjects,mandaluyong_20180314,51PTS,2018-03-14,live,manila/2026-04-01,51PTS,2026-04-01,live(demo/inference),same_place_other_date
FloatingObjects,riodejaneiro_20180504,23KPQ,2018-05-04,live,guanabara/2025-06-26,23KPQ,2025-06-26,live(demo/inference),same_place_other_date
FloatingObjects,riodejaneiro_20180504,23KPQ,2018-05-04,live,guanabara/2025-09-04,23KPQ,2025-09-04,live(demo/inference),same_place_other_date
FloatingObjects,riodejaneiro_20180504,23KPQ,2018-05-04,live,guanabara/2026-07-16,23KPQ,2026-07-16,live(demo/inference),same_place_other_date
FloatingObjects,shengsi_20190615,51RVP,2019-06-15,MARIDA,S2_29-8-17_51RVQ,51RVQ,2017-08-29,val,nearby_other_date(<50km)
FloatingObjects,vungtau_20180423,48PYR,2018-04-23,live,mekong/2026-03-02,48PXS,2026-03-02,live(demo/inference),nearby_other_date(<50km)
RefinedFloatingObjects,accra_20181031,30NZM,2018-10-31,live,accra/2025-10-21,30NZM,2025-10-21,live(demo/inference),same_place_other_date
RefinedFloatingObjects,durban_20190424,36JUN,2019-04-24,MARIDA,S2_24-4-19_36JUN,36JUN,2019-04-24,train,SAME_ACQUISITION
RefinedFloatingObjects,durban_20190424,36JUN,2019-04-24,live,durban/2019-04-19,36JUN,2019-04-19,live(demo/inference),same_place_other_date
RefinedFloatingObjects,durban_20190424,36JUN,2019-04-24,live,durban/2019-04-24,36JUN,2019-04-24,live(demo/inference),SAME_ACQUISITION
RefinedFloatingObjects,durban_20190424,36JUN,2019-04-24,live,durban/2025-06-21,36JUN,2025-06-21,live(demo/inference),same_place_other_date
RefinedFloatingObjects,durban_20190424,36JUN,2019-04-24,live,durban/2025-07-28,36JUN,2025-07-28,live(demo/inference),same_place_other_date
RefinedFloatingObjects,durban_20190424,36JUN,2019-04-24,live,durban/2025-09-26,36JUN,2025-09-26,live(demo/inference),same_place_other_date
RefinedFloatingObjects,durban_20190424,36JUN,2019-04-24,live,durban/2026-05-04,36JUN,2026-05-04,live(demo/inference),same_place_other_date
RefinedFloatingObjects,durban_20190424,36JUN,2019-04-24,live,durban/2026-05-17,36JUN,2026-05-17,live(demo/inference),same_place_other_date
RefinedFloatingObjects,durban_20190424,36JUN,2019-04-24,live,durban/2026-07-03,36JUN,2026-07-03,live(demo/inference),same_place_other_date
RefinedFloatingObjects,lagos_20190101,31NEH,2019-01-01,live,lagos/2025-11-10,31NEG,2025-11-10,live(demo/inference),same_place_other_date
