source,scene_id,tile,date,kind,level,cls,label_geom,label_size,n_labels,n_px,n_px_frac_ge_05,geometry_wgs84_bbox,item_l2a,pixels_fetched,overlap_ours,use_for_training,license,link,citation,notes
PLP2019,S2B_20190418_L2W_AOI,35SMD,2019-04-18,artificial_target,B,PLP target bags+bottles,pixel % cover (drone-verified),"labelled 10 m pixels, plastic share 0-0.43",5,5.0,0.0,"POLYGON((26.56395 39.10717,26.56882 39.10717,26.56882 39.10935,26.56395 39.10935,26.56395 39.10717))",,yes (dataset GeoTIFF/netCDF),none,yes,CC-BY-4.0,https://doi.org/10.5281/zenodo.3752719,"Topouzelis K. et al., PLP2019 dataset, Zenodo 3752719 (Univ. Aegean MRSG)",
PLP2019,S2B_20190418_L2W_AOI,35SMD,2019-04-18,verified_negative,D,"PLP2019 labelled pixel, 0 % plastic",pixel % cover (drone-verified),"labelled 10 m pixels, plastic share 0-0.43",1,1.0,0.0,"POLYGON((26.56395 39.10717,26.56882 39.10717,26.56882 39.10935,26.56395 39.10935,26.56395 39.10717))",,yes (dataset GeoTIFF/netCDF),none,yes,CC-BY-4.0,https://doi.org/10.5281/zenodo.3752719,"Topouzelis K. et al., PLP2019 dataset, Zenodo 3752719 (Univ. Aegean MRSG)",
PLP2019,S2A_20190503_L2W_AOI,35SMD,2019-05-03,artificial_target,B,PLP target bags+bottles,pixel % cover (drone-verified),"labelled 10 m pixels, plastic share 0-0.43",20,20.0,0.0,"POLYGON((26.56395 39.10717,26.56882 39.10717,26.56882 39.10935,26.56395 39.10935,26.56395 39.10717))",,yes (dataset GeoTIFF/netCDF),none,yes,CC-BY-4.0,https://doi.org/10.5281/zenodo.3752719,"Topouzelis K. et al., PLP2019 dataset, Zenodo 3752719 (Univ. Aegean MRSG)",
PLP2019,S2A_20190503_L2W_AOI,35SMD,2019-05-03,verified_negative,D,"PLP2019 labelled pixel, 0 % plastic",pixel % cover (drone-verified),"labelled 10 m pixels, plastic share 0-0.43",5,5.0,0.0,"POLYGON((26.56395 39.10717,26.56882 39.10717,26.56882 39.10935,26.56395 39.10935,26.56395 39.10717))",,yes (dataset GeoTIFF/netCDF),none,yes,CC-BY-4.0,https://doi.org/10.5281/zenodo.3752719,"Topouzelis K. et al., PLP2019 dataset, Zenodo 3752719 (Univ. Aegean MRSG)",
PLP2019,S2B_20190518_L2W_AOI,35SMD,2019-05-18,artificial_target,B,PLP target bags+bottles,pixel % cover (drone-verified),"labelled 10 m pixels, plastic share 0-0.43",8,8.0,0.0,"POLYGON((26.56395 39.10717,26.56882 39.10717,26.56882 39.10935,26.56395 39.10935,26.56395 39.10717))",,yes (dataset GeoTIFF/netCDF),none,yes,CC-BY-4.0,https://doi.org/10.5281/zenodo.3752719,"Topouzelis K. et al., PLP2019 dataset, Zenodo 3752719 (Univ. Aegean MRSG)",
PLP2019,S2B_20190518_L2W_AOI,35SMD,2019-05-18,verified_negative,D,"PLP2019 labelled pixel, 0 % plastic",pixel % cover (drone-verified),"labelled 10 m pixels, plastic share 0-0.43",2,2.0,0.0,"POLYGON((26.56395 39.10717,26.56882 39.10717,26.56882 39.10935,26.56395 39.10935,26.56395 39.10717))",,yes (dataset GeoTIFF/netCDF),none,yes,CC-BY-4.0,https://doi.org/10.5281/zenodo.3752719,"Topouzelis K. et al., PLP2019 dataset, Zenodo 3752719 (Univ. Aegean MRSG)",
PLP2019,S2B_20190528_L2W_AOI,35SMD,2019-05-28,artificial_target,B,PLP target bags+bottles,pixel % cover (drone-verified),"labelled 10 m pixels, plastic share 0-0.43",8,8.0,0.0,"POLYGON((26.56418 39.10762,26.56732 39.10762,26.56732 39.10935,26.56418 39.10935,26.56418 39.10762))",,yes (dataset GeoTIFF/netCDF),none,yes,CC-BY-4.0,https://doi.org/10.5281/zenodo.3752719,"Topouzelis K. et al., PLP2019 dataset, Zenodo 3752719 (Univ. Aegean MRSG)",
PLP2019,S2B_20190528_L2W_AOI,35SMD,2019-05-28,verified_negative,D,"PLP2019 labelled pixel, 0 % plastic",pixel % cover (drone-verified),"labelled 10 m pixels, plastic share 0-0.43",2,2.0,0.0,"POLYGON((26.56418 39.10762,26.56732 39.10762,26.56732 39.10935,26.56418 39.10935,26.56418 39.10762))",,yes (dataset GeoTIFF/netCDF),none,yes,CC-BY-4.0,https://doi.org/10.5281/zenodo.3752719,"Topouzelis K. et al., PLP2019 dataset, Zenodo 3752719 (Univ. Aegean MRSG)",
PLP2019,S2B_20190607_L2W_AOI,35SMD,2019-06-07,artificial_target,B,PLP target bags+bottles,pixel % cover (drone-verified),"labelled 10 m pixels, plastic share 0-0.43",7,7.0,1.0,"POLYGON((26.56395 39.10717,26.56882 39.10717,26.56882 39.10935,26.56395 39.10935,26.56395 39.10717))",,yes (dataset GeoTIFF/netCDF),none,yes,CC-BY-4.0,https://doi.org/10.5281/zenodo.3752719,"Topouzelis K. et al., PLP2019 dataset, Zenodo 3752719 (Univ. Aegean MRSG)",
PLP2019,S2B_20190607_L2W_AOI,35SMD,2019-06-07,verified_negative,D,"PLP2019 labelled pixel, 0 % plastic",pixel % cover (drone-verified),"labelled 10 m pixels, plastic share 0-0.43",5,5.0,0.0,"POLYGON((26.56395 39.10717,26.56882 39.10717,26.56882 39.10935,26.56395 39.10935,26.56395 39.10717))",,yes (dataset GeoTIFF/netCDF),none,yes,CC-BY-4.0,https://doi.org/10.5281/zenodo.3752719,"Topouzelis K. et al., PLP2019 dataset, Zenodo 3752719 (Univ. Aegean MRSG)",
PLP2021,20210611T085601_20210611T090331_T35SMD,35SMD,2021-06-11,artificial_target,B,PLP target HDPE,"target point + radius/width (GPS, deployed)","circle r=14 m (~616 m2, ~6 px)",1,9.0,5.0,"POLYGON((26.51685 39.03327,26.53115 39.03327,26.53115 39.04532,26.51685 39.04532,26.51685 39.03327))",,yes (dataset GeoTIFF/netCDF),none,yes,unspecified (targets: Papageorgiou et al. 2022; mirror in MIT repo marinedebrisdetector),https://marinedebrisdetector.s3.eu-central-1.amazonaws.com/data/PLP.zip,"Papageorgiou D., Topouzelis K., Suaria G., Aliani S., Corradi P. 2022 (PLP 2021); Russwurm et al. 2023",
PLP2021,20210621T085601_20210621T090754_T35SMD,35SMD,2021-06-21,artificial_target,B,PLP target HDPE,"target point + radius/width (GPS, deployed)","circle r=14 m (~616 m2, ~6 px)",1,9.0,5.0,"POLYGON((26.51685 39.03327,26.53161 39.03327,26.53161 39.04532,26.51685 39.04532,26.51685 39.03327))",,yes (dataset GeoTIFF/netCDF),none,yes,unspecified (targets: Papageorgiou et al. 2022; mirror in MIT repo marinedebrisdetector),https://marinedebrisdetector.s3.eu-central-1.amazonaws.com/data/PLP.zip,"Papageorgiou D., Topouzelis K., Suaria G., Aliani S., Corradi P. 2022 (PLP 2021); Russwurm et al. 2023",
PLP2021,20210621T085601_20210621T090754_T35SMD,35SMD,2021-06-21,artificial_target,B,PLP target wood,"target point + radius/width (GPS, deployed)","circle r=14 m (~616 m2, ~6 px)",1,12.0,6.0,"POLYGON((26.51685 39.03327,26.53161 39.03327,26.53161 39.04532,26.51685 39.04532,26.51685 39.03327))",,yes (dataset GeoTIFF/netCDF),none,yes,unspecified (targets: Papageorgiou et al. 2022; mirror in MIT repo marinedebrisdetector),https://marinedebrisdetector.s3.eu-central-1.amazonaws.com/data/PLP.zip,"Papageorgiou D., Topouzelis K., Suaria G., Aliani S., Corradi P. 2022 (PLP 2021); Russwurm et al. 2023",
PLP2021,20210626T085559_20210626T090236_T35SMD,35SMD,2021-06-26,artificial_target,B,PLP target HDPE,"target point + radius/width (GPS, deployed)","circle r=14 m (~616 m2, ~6 px)",1,11.0,7.0,"POLYGON((26.51685 39.03345,26.53149 39.03345,26.53149 39.04532,26.51685 39.04532,26.51685 39.03345))",,yes (dataset GeoTIFF/netCDF),none,yes,unspecified (targets: Papageorgiou et al. 2022; mirror in MIT repo marinedebrisdetector),https://marinedebrisdetector.s3.eu-central-1.amazonaws.com/data/PLP.zip,"Papageorgiou D., Topouzelis K., Suaria G., Aliani S., Corradi P. 2022 (PLP 2021); Russwurm et al. 2023",
PLP2021,20210626T085559_20210626T090236_T35SMD,35SMD,2021-06-26,artificial_target,B,PLP target wood,"target point + radius/width (GPS, deployed)","circle r=14 m (~616 m2, ~6 px)",1,14.0,6.0,"POLYGON((26.51685 39.03345,26.53149 39.03345,26.53149 39.04532,26.51685 39.04532,26.51685 39.03345))",,yes (dataset GeoTIFF/netCDF),none,yes,unspecified (targets: Papageorgiou et al. 2022; mirror in MIT repo marinedebrisdetector),https://marinedebrisdetector.s3.eu-central-1.amazonaws.com/data/PLP.zip,"Papageorgiou D., Topouzelis K., Suaria G., Aliani S., Corradi P. 2022 (PLP 2021); Russwurm et al. 2023",
PLP2021,20210701T085601_20210701T090332_T35SMD,35SMD,2021-07-01,artificial_target,B,PLP target HDPE,"target point + radius/width (GPS, deployed)","circle r=14 m (~616 m2, ~6 px)",1,12.0,4.0,"POLYGON((26.51685 39.03336,26.53138 39.03336,26.53138 39.04532,26.51685 39.04532,26.51685 39.03336))",,yes (dataset GeoTIFF/netCDF),none,yes,unspecified (targets: Papageorgiou et al. 2022; mirror in MIT repo marinedebrisdetector),https://marinedebrisdetector.s3.eu-central-1.amazonaws.com/data/PLP.zip,"Papageorgiou D., Topouzelis K., Suaria G., Aliani S., Corradi P. 2022 (PLP 2021); Russwurm et al. 2023",
PLP2021,20210701T085601_20210701T090332_T35SMD,35SMD,2021-07-01,artificial_target,B,PLP target wood,"target point + radius/width (GPS, deployed)","circle r=14 m (~616 m2, ~6 px)",1,13.0,4.0,"POLYGON((26.51685 39.03336,26.53138 39.03336,26.53138 39.04532,26.51685 39.04532,26.51685 39.03336))",,yes (dataset GeoTIFF/netCDF),none,yes,unspecified (targets: Papageorgiou et al. 2022; mirror in MIT repo marinedebrisdetector),https://marinedebrisdetector.s3.eu-central-1.amazonaws.com/data/PLP.zip,"Papageorgiou D., Topouzelis K., Suaria G., Aliani S., Corradi P. 2022 (PLP 2021); Russwurm et al. 2023",
PLP2021,20210706T085559_20210706T090237_T35SMD,35SMD,2021-07-06,artificial_target,B,PLP target HDPE,"target point + radius/width (GPS, deployed)","circle r=14 m (~616 m2, ~6 px)",1,13.0,4.0,"POLYGON((26.51697 39.03327,26.53138 39.03327,26.53138 39.04532,26.51697 39.04532,26.51697 39.03327))",,yes (dataset GeoTIFF/netCDF),none,yes,unspecified (targets: Papageorgiou et al. 2022; mirror in MIT repo marinedebrisdetector),https://marinedebrisdetector.s3.eu-central-1.amazonaws.com/data/PLP.zip,"Papageorgiou D., Topouzelis K., Suaria G., Aliani S., Corradi P. 2022 (PLP 2021); Russwurm et al. 2023",
PLP2021,20210706T085559_20210706T090237_T35SMD,35SMD,2021-07-06,artificial_target,B,PLP target wood,"target point + radius/width (GPS, deployed)","circle r=14 m (~616 m2, ~6 px)",1,13.0,6.0,"POLYGON((26.51697 39.03327,26.53138 39.03327,26.53138 39.04532,26.51697 39.04532,26.51697 39.03327))",,yes (dataset GeoTIFF/netCDF),none,yes,unspecified (targets: Papageorgiou et al. 2022; mirror in MIT repo marinedebrisdetector),https://marinedebrisdetector.s3.eu-central-1.amazonaws.com/data/PLP.zip,"Papageorgiou D., Topouzelis K., Suaria G., Aliani S., Corradi P. 2022 (PLP 2021); Russwurm et al. 2023",
PLP2021,20210711T085601_20210711T090333_T35SMD,35SMD,2021-07-11,artificial_target,B,PLP target HDPE,"target point + radius/width (GPS, deployed)","circle r=14 m (~616 m2, ~6 px)",1,9.0,5.0,"POLYGON((26.51685 39.03336,26.53172 39.03336,26.53172 39.04532,26.51685 39.04532,26.51685 39.03336))",,yes (dataset GeoTIFF/netCDF),none,yes,unspecified (targets: Papageorgiou et al. 2022; mirror in MIT repo marinedebrisdetector),https://marinedebrisdetector.s3.eu-central-1.amazonaws.com/data/PLP.zip,"Papageorgiou D., Topouzelis K., Suaria G., Aliani S., Corradi P. 2022 (PLP 2021); Russwurm et al. 2023",
PLP2021,20210711T085601_20210711T090333_T35SMD,35SMD,2021-07-11,artificial_target,B,PLP target wood,"target point + radius/width (GPS, deployed)","circle r=14 m (~616 m2, ~6 px)",1,9.0,5.0,"POLYGON((26.51685 39.03336,26.53172 39.03336,26.53172 39.04532,26.51685 39.04532,26.51685 39.03336))",,yes (dataset GeoTIFF/netCDF),none,yes,unspecified (targets: Papageorgiou et al. 2022; mirror in MIT repo marinedebrisdetector),https://marinedebrisdetector.s3.eu-central-1.amazonaws.com/data/PLP.zip,"Papageorgiou D., Topouzelis K., Suaria G., Aliani S., Corradi P. 2022 (PLP 2021); Russwurm et al. 2023",
PLP2021,20210716T085559_20210716T085908_T35SMD,35SMD,2021-07-16,artificial_target,B,PLP target HDPE,"target point + radius/width (GPS, deployed)","circle r=14 m (~616 m2, ~6 px)",1,9.0,5.0,"POLYGON((26.51685 39.03336,26.53172 39.03336,26.53172 39.04532,26.51685 39.04532,26.51685 39.03336))",,yes (dataset GeoTIFF/netCDF),none,yes,unspecified (targets: Papageorgiou et al. 2022; mirror in MIT repo marinedebrisdetector),https://marinedebrisdetector.s3.eu-central-1.amazonaws.com/data/PLP.zip,"Papageorgiou D., Topouzelis K., Suaria G., Aliani S., Corradi P. 2022 (PLP 2021); Russwurm et al. 2023",
PLP2021,20210716T085559_20210716T085908_T35SMD,35SMD,2021-07-16,artificial_target,B,PLP target wood,"target point + radius/width (GPS, deployed)","circle r=14 m (~616 m2, ~6 px)",1,9.0,5.0,"POLYGON((26.51685 39.03336,26.53172 39.03336,26.53172 39.04532,26.51685 39.04532,26.51685 39.03336))",,yes (dataset GeoTIFF/netCDF),none,yes,unspecified (targets: Papageorgiou et al. 2022; mirror in MIT repo marinedebrisdetector),https://marinedebrisdetector.s3.eu-central-1.amazonaws.com/data/PLP.zip,"Papageorgiou D., Topouzelis K., Suaria G., Aliani S., Corradi P. 2022 (PLP 2021); Russwurm et al. 2023",
PLP2021,20210721T085601_20210721T090710_T35SMD,35SMD,2021-07-21,artificial_target,B,PLP target HDPE,"target point + radius/width (GPS, deployed)","circle r=14 m (~616 m2, ~6 px)",1,9.0,5.0,"POLYGON((26.51697 39.03336,26.53161 39.03336,26.53161 39.04532,26.51697 39.04532,26.51697 39.03336))",,yes (dataset GeoTIFF/netCDF),none,yes,unspecified (targets: Papageorgiou et al. 2022; mirror in MIT repo marinedebrisdetector),https://marinedebrisdetector.s3.eu-central-1.amazonaws.com/data/PLP.zip,"Papageorgiou D., Topouzelis K., Suaria G., Aliani S., Corradi P. 2022 (PLP 2021); Russwurm et al. 2023",
PLP2021,20210721T085601_20210721T090710_T35SMD,35SMD,2021-07-21,artificial_target,B,PLP target wood,"target point + radius/width (GPS, deployed)","circle r=14 m (~616 m2, ~6 px)",1,12.0,6.0,"POLYGON((26.51697 39.03336,26.53161 39.03336,26.53161 39.04532,26.51697 39.04532,26.51697 39.03336))",,yes (dataset GeoTIFF/netCDF),none,yes,unspecified (targets: Papageorgiou et al. 2022; mirror in MIT repo marinedebrisdetector),https://marinedebrisdetector.s3.eu-central-1.amazonaws.com/data/PLP.zip,"Papageorgiou D., Topouzelis K., Suaria G., Aliani S., Corradi P. 2022 (PLP 2021); Russwurm et al. 2023",
PLP2021,20210726T085559_20210726T090237_T35SMD,35SMD,2021-07-26,artificial_target,B,PLP target HDPE,"target point + radius/width (GPS, deployed)","circle r=14 m (~616 m2, ~6 px)",1,9.0,5.0,"POLYGON((26.51685 39.03327,26.53149 39.03327,26.53149 39.04532,26.51685 39.04532,26.51685 39.03327))",,yes (dataset GeoTIFF/netCDF),none,yes,unspecified (targets: Papageorgiou et al. 2022; mirror in MIT repo marinedebrisdetector),https://marinedebrisdetector.s3.eu-central-1.amazonaws.com/data/PLP.zip,"Papageorgiou D., Topouzelis K., Suaria G., Aliani S., Corradi P. 2022 (PLP 2021); Russwurm et al. 2023",
PLP2021,20210726T085559_20210726T090237_T35SMD,35SMD,2021-07-26,artificial_target,B,PLP target wood,"target point + radius/width (GPS, deployed)","circle r=14 m (~616 m2, ~6 px)",1,9.0,5.0,"POLYGON((26.51685 39.03327,26.53149 39.03327,26.53149 39.04532,26.51685 39.04532,26.51685 39.03327))",,yes (dataset GeoTIFF/netCDF),none,yes,unspecified (targets: Papageorgiou et al. 2022; mirror in MIT repo marinedebrisdetector),https://marinedebrisdetector.s3.eu-central-1.amazonaws.com/data/PLP.zip,"Papageorgiou D., Topouzelis K., Suaria G., Aliani S., Corradi P. 2022 (PLP 2021); Russwurm et al. 2023",
PLP2021,20210731T085601_20210731T090333_T35SMD,35SMD,2021-07-31,artificial_target,B,PLP target HDPE,"target point + radius/width (GPS, deployed)","circle r=14 m (~616 m2, ~6 px)",1,9.0,5.0,"POLYGON((26.51685 39.03336,26.53149 39.03336,26.53149 39.04532,26.51685 39.04532,26.51685 39.03336))",,yes (dataset GeoTIFF/netCDF),none,yes,unspecified (targets: Papageorgiou et al. 2022; mirror in MIT repo marinedebrisdetector),https://marinedebrisdetector.s3.eu-central-1.amazonaws.com/data/PLP.zip,"Papageorgiou D., Topouzelis K., Suaria G., Aliani S., Corradi P. 2022 (PLP 2021); Russwurm et al. 2023",
PLP2021,20210731T085601_20210731T090333_T35SMD,35SMD,2021-07-31,artificial_target,B,PLP target wood,"target point + radius/width (GPS, deployed)","circle r=14 m (~616 m2, ~6 px)",1,9.0,5.0,"POLYGON((26.51685 39.03336,26.53149 39.03336,26.53149 39.04532,26.51685 39.04532,26.51685 39.03336))",,yes (dataset GeoTIFF/netCDF),none,yes,unspecified (targets: Papageorgiou et al. 2022; mirror in MIT repo marinedebrisdetector),https://marinedebrisdetector.s3.eu-central-1.amazonaws.com/data/PLP.zip,"Papageorgiou D., Topouzelis K., Suaria G., Aliani S., Corradi P. 2022 (PLP 2021); Russwurm et al. 2023",
PLP2021,20210805T085559_20210805T090150_T35SMD,35SMD,2021-08-05,artificial_target,B,PLP target HDPE,"target point + radius/width (GPS, deployed)","circle r=14 m (~616 m2, ~6 px)",1,9.0,5.0,"POLYGON((26.51685 39.03336,26.53161 39.03336,26.53161 39.04532,26.51685 39.04532,26.51685 39.03336))",,yes (dataset GeoTIFF/netCDF),none,yes,unspecified (targets: Papageorgiou et al. 2022; mirror in MIT repo marinedebrisdetector),https://marinedebrisdetector.s3.eu-central-1.amazonaws.com/data/PLP.zip,"Papageorgiou D., Topouzelis K., Suaria G., Aliani S., Corradi P. 2022 (PLP 2021); Russwurm et al. 2023",
PLP2021,20210805T085559_20210805T090150_T35SMD,35SMD,2021-08-05,artificial_target,B,PLP target wood,"target point + radius/width (GPS, deployed)","circle r=14 m (~616 m2, ~6 px)",1,9.0,5.0,"POLYGON((26.51685 39.03336,26.53161 39.03336,26.53161 39.04532,26.51685 39.04532,26.51685 39.03336))",,yes (dataset GeoTIFF/netCDF),none,yes,unspecified (targets: Papageorgiou et al. 2022; mirror in MIT repo marinedebrisdetector),https://marinedebrisdetector.s3.eu-central-1.amazonaws.com/data/PLP.zip,"Papageorgiou D., Topouzelis K., Suaria G., Aliani S., Corradi P. 2022 (PLP 2021); Russwurm et al. 2023",
PLP2021,20210810T085601_20210810T090333_T35SMD,35SMD,2021-08-10,artificial_target,B,PLP target HDPE,"target point + radius/width (GPS, deployed)","circle r=14 m (~616 m2, ~6 px)",1,10.0,7.0,"POLYGON((26.51697 39.03345,26.53161 39.03345,26.53161 39.04532,26.51697 39.04532,26.51697 39.03345))",,yes (dataset GeoTIFF/netCDF),none,yes,unspecified (targets: Papageorgiou et al. 2022; mirror in MIT repo marinedebrisdetector),https://marinedebrisdetector.s3.eu-central-1.amazonaws.com/data/PLP.zip,"Papageorgiou D., Topouzelis K., Suaria G., Aliani S., Corradi P. 2022 (PLP 2021); Russwurm et al. 2023",
PLP2021,20210810T085601_20210810T090333_T35SMD,35SMD,2021-08-10,artificial_target,B,PLP target wood,"target point + radius/width (GPS, deployed)","circle r=14 m (~616 m2, ~6 px)",1,9.0,5.0,"POLYGON((26.51697 39.03345,26.53161 39.03345,26.53161 39.04532,26.51697 39.04532,26.51697 39.03345))",,yes (dataset GeoTIFF/netCDF),none,yes,unspecified (targets: Papageorgiou et al. 2022; mirror in MIT repo marinedebrisdetector),https://marinedebrisdetector.s3.eu-central-1.amazonaws.com/data/PLP.zip,"Papageorgiou D., Topouzelis K., Suaria G., Aliani S., Corradi P. 2022 (PLP 2021); Russwurm et al. 2023",
PLP2021,20210815T085559_20210815T085845_T35SMD,35SMD,2021-08-15,artificial_target,B,PLP target HDPE,"target point + radius/width (GPS, deployed)","circle r=14 m (~616 m2, ~6 px)",1,11.0,7.0,"POLYGON((26.51697 39.03327,26.53149 39.03327,26.53149 39.04532,26.51697 39.04532,26.51697 39.03327))",,yes (dataset GeoTIFF/netCDF),none,yes,unspecified (targets: Papageorgiou et al. 2022; mirror in MIT repo marinedebrisdetector),https://marinedebrisdetector.s3.eu-central-1.amazonaws.com/data/PLP.zip,"Papageorgiou D., Topouzelis K., Suaria G., Aliani S., Corradi P. 2022 (PLP 2021); Russwurm et al. 2023",under water? no experiment log present
PLP2021,20210815T085559_20210815T085845_T35SMD,35SMD,2021-08-15,artificial_target,B,PLP target wood,"target point + radius/width (GPS, deployed)","circle r=14 m (~616 m2, ~6 px)",1,10.0,7.0,"POLYGON((26.51697 39.03327,26.53149 39.03327,26.53149 39.04532,26.51697 39.04532,26.51697 39.03327))",,yes (dataset GeoTIFF/netCDF),none,yes,unspecified (targets: Papageorgiou et al. 2022; mirror in MIT repo marinedebrisdetector),https://marinedebrisdetector.s3.eu-central-1.amazonaws.com/data/PLP.zip,"Papageorgiou D., Topouzelis K., Suaria G., Aliani S., Corradi P. 2022 (PLP 2021); Russwurm et al. 2023",
PLP2021,20210820T085601_20210820T090755_T35SMD,35SMD,2021-08-20,artificial_target,B,PLP target HDPE,"target point + radius/width (GPS, deployed)","circle r=14 m (~616 m2, ~6 px)",1,9.0,6.0,"POLYGON((26.51685 39.03327,26.53149 39.03327,26.53149 39.04532,26.51685 39.04532,26.51685 39.03327))",,yes (dataset GeoTIFF/netCDF),none,yes,unspecified (targets: Papageorgiou et al. 2022; mirror in MIT repo marinedebrisdetector),https://marinedebrisdetector.s3.eu-central-1.amazonaws.com/data/PLP.zip,"Papageorgiou D., Topouzelis K., Suaria G., Aliani S., Corradi P. 2022 (PLP 2021); Russwurm et al. 2023",partly underwater
PLP2021,20210820T085601_20210820T090755_T35SMD,35SMD,2021-08-20,artificial_target,B,PLP target wood,"target point + radius/width (GPS, deployed)","circle r=14 m (~616 m2, ~6 px)",1,10.0,7.0,"POLYGON((26.51685 39.03327,26.53149 39.03327,26.53149 39.04532,26.51685 39.04532,26.51685 39.03327))",,yes (dataset GeoTIFF/netCDF),none,yes,unspecified (targets: Papageorgiou et al. 2022; mirror in MIT repo marinedebrisdetector),https://marinedebrisdetector.s3.eu-central-1.amazonaws.com/data/PLP.zip,"Papageorgiou D., Topouzelis K., Suaria G., Aliani S., Corradi P. 2022 (PLP 2021); Russwurm et al. 2023",
PLP2021,20210825T085559_20210825T090436_T35SMD,35SMD,2021-08-25,artificial_target,B,PLP target HDPE,"target point + radius/width (GPS, deployed)","circle r=14 m (~616 m2, ~6 px)",1,9.0,6.0,"POLYGON((26.51685 39.03336,26.53149 39.03336,26.53149 39.04532,26.51685 39.04532,26.51685 39.03336))",,yes (dataset GeoTIFF/netCDF),none,yes,unspecified (targets: Papageorgiou et al. 2022; mirror in MIT repo marinedebrisdetector),https://marinedebrisdetector.s3.eu-central-1.amazonaws.com/data/PLP.zip,"Papageorgiou D., Topouzelis K., Suaria G., Aliani S., Corradi P. 2022 (PLP 2021); Russwurm et al. 2023",
PLP2021,20210825T085559_20210825T090436_T35SMD,35SMD,2021-08-25,artificial_target,B,PLP target wood,"target point + radius/width (GPS, deployed)","circle r=14 m (~616 m2, ~6 px)",1,9.0,5.0,"POLYGON((26.51685 39.03336,26.53149 39.03336,26.53149 39.04532,26.51685 39.04532,26.51685 39.03336))",,yes (dataset GeoTIFF/netCDF),none,yes,unspecified (targets: Papageorgiou et al. 2022; mirror in MIT repo marinedebrisdetector),https://marinedebrisdetector.s3.eu-central-1.amazonaws.com/data/PLP.zip,"Papageorgiou D., Topouzelis K., Suaria G., Aliani S., Corradi P. 2022 (PLP 2021); Russwurm et al. 2023",
PLP2021,20210830T085601_20210830T090332_T35SMD,35SMD,2021-08-30,artificial_target,B,PLP target HDPE,"target point + radius/width (GPS, deployed)","circle r=14 m (~616 m2, ~6 px)",1,13.0,7.0,"POLYGON((26.51697 39.03336,26.53126 39.03336,26.53126 39.04532,26.51697 39.04532,26.51697 39.03336))",,yes (dataset GeoTIFF/netCDF),none,yes,unspecified (targets: Papageorgiou et al. 2022; mirror in MIT repo marinedebrisdetector),https://marinedebrisdetector.s3.eu-central-1.amazonaws.com/data/PLP.zip,"Papageorgiou D., Topouzelis K., Suaria G., Aliani S., Corradi P. 2022 (PLP 2021); Russwurm et al. 2023",
PLP2021,20210830T085601_20210830T090332_T35SMD,35SMD,2021-08-30,artificial_target,B,PLP target wood,"target point + radius/width (GPS, deployed)","circle r=14 m (~616 m2, ~6 px)",1,13.0,4.0,"POLYGON((26.51697 39.03336,26.53126 39.03336,26.53126 39.04532,26.51697 39.04532,26.51697 39.03336))",,yes (dataset GeoTIFF/netCDF),none,yes,unspecified (targets: Papageorgiou et al. 2022; mirror in MIT repo marinedebrisdetector),https://marinedebrisdetector.s3.eu-central-1.amazonaws.com/data/PLP.zip,"Papageorgiou D., Topouzelis K., Suaria G., Aliani S., Corradi P. 2022 (PLP 2021); Russwurm et al. 2023",
PLP2021,20210904T085549_20210904T090228_T35SMD,35SMD,2021-09-04,artificial_target,B,PLP target HDPE,"target point + radius/width (GPS, deployed)","circle r=14 m (~616 m2, ~6 px)",1,13.0,6.0,"POLYGON((26.51697 39.03336,26.53149 39.03336,26.53149 39.04532,26.51697 39.04532,26.51697 39.03336))",,yes (dataset GeoTIFF/netCDF),none,yes,unspecified (targets: Papageorgiou et al. 2022; mirror in MIT repo marinedebrisdetector),https://marinedebrisdetector.s3.eu-central-1.amazonaws.com/data/PLP.zip,"Papageorgiou D., Topouzelis K., Suaria G., Aliani S., Corradi P. 2022 (PLP 2021); Russwurm et al. 2023",
PLP2021,20210909T085601_20210909T090330_T35SMD,35SMD,2021-09-09,artificial_target,B,PLP target HDPE,"target point + radius/width (GPS, deployed)","circle r=14 m (~616 m2, ~6 px)",1,9.0,5.0,"POLYGON((26.51685 39.03336,26.53126 39.03336,26.53126 39.04532,26.51685 39.04532,26.51685 39.03336))",,yes (dataset GeoTIFF/netCDF),none,yes,unspecified (targets: Papageorgiou et al. 2022; mirror in MIT repo marinedebrisdetector),https://marinedebrisdetector.s3.eu-central-1.amazonaws.com/data/PLP.zip,"Papageorgiou D., Topouzelis K., Suaria G., Aliani S., Corradi P. 2022 (PLP 2021); Russwurm et al. 2023",
PLP2021,20210914T085559_20210914T085720_T35SMD,35SMD,2021-09-14,artificial_target,B,PLP target HDPE,"target point + radius/width (GPS, deployed)","circle r=14 m (~616 m2, ~6 px)",1,9.0,5.0,"POLYGON((26.51697 39.03336,26.53149 39.03336,26.53149 39.04532,26.51697 39.04532,26.51697 39.03336))",,yes (dataset GeoTIFF/netCDF),none,yes,unspecified (targets: Papageorgiou et al. 2022; mirror in MIT repo marinedebrisdetector),https://marinedebrisdetector.s3.eu-central-1.amazonaws.com/data/PLP.zip,"Papageorgiou D., Topouzelis K., Suaria G., Aliani S., Corradi P. 2022 (PLP 2021); Russwurm et al. 2023",
PLP2021,20210919T085631_20210919T090709_T35SMD,35SMD,2021-09-19,artificial_target,B,PLP target HDPE,"target point + radius/width (GPS, deployed)","circle r=14 m (~616 m2, ~6 px)",1,9.0,5.0,"POLYGON((26.51697 39.03336,26.53172 39.03336,26.53172 39.04532,26.51697 39.04532,26.51697 39.03336))",,yes (dataset GeoTIFF/netCDF),none,yes,unspecified (targets: Papageorgiou et al. 2022; mirror in MIT repo marinedebrisdetector),https://marinedebrisdetector.s3.eu-central-1.amazonaws.com/data/PLP.zip,"Papageorgiou D., Topouzelis K., Suaria G., Aliani S., Corradi P. 2022 (PLP 2021); Russwurm et al. 2023",
PLP2021,20210924T085709_20210924T085906_T35SMD,35SMD,2021-09-24,artificial_target,B,PLP target HDPE,"target point + radius/width (GPS, deployed)","circle r=14 m (~616 m2, ~6 px)",1,9.0,5.0,"POLYGON((26.51685 39.03336,26.53138 39.03336,26.53138 39.04532,26.51685 39.04532,26.51685 39.03336))",,yes (dataset GeoTIFF/netCDF),none,yes,unspecified (targets: Papageorgiou et al. 2022; mirror in MIT repo marinedebrisdetector),https://marinedebrisdetector.s3.eu-central-1.amazonaws.com/data/PLP.zip,"Papageorgiou D., Topouzelis K., Suaria G., Aliani S., Corradi P. 2022 (PLP 2021); Russwurm et al. 2023",
PLP2022,20220616T085611_20220616T090420_T35SMD,35SMD,2022-06-16,artificial_target,B,PLP target HDPE,"target point + radius/width (GPS, deployed)","HDPE circle r=3.5 m (~38 m2, sub-pixel)",2,5.0,0.0,"POLYGON((26.51685 39.03327,26.53126 39.03327,26.53126 39.04532,26.51685 39.04532,26.51685 39.03327))",,yes (dataset GeoTIFF/netCDF),none,yes,unspecified (mirror in MIT repo marinedebrisdetector),https://marinedebrisdetector.s3.eu-central-1.amazonaws.com/data/PLP.zip,Plastic Litter Project 2022 (Univ. Aegean); Russwurm et al. 2023,
PLP2022,20220616T085611_20220616T090420_T35SMD,35SMD,2022-06-16,artificial_target,B,PLP target PVC,"target point + radius/width (GPS, deployed)",PVC square 5x5 m (25 m2),1,1.0,0.0,"POLYGON((26.51685 39.03327,26.53126 39.03327,26.53126 39.04532,26.51685 39.04532,26.51685 39.03327))",,yes (dataset GeoTIFF/netCDF),none,yes,unspecified (mirror in MIT repo marinedebrisdetector),https://marinedebrisdetector.s3.eu-central-1.amazonaws.com/data/PLP.zip,Plastic Litter Project 2022 (Univ. Aegean); Russwurm et al. 2023,
PLP2022,20220621T085559_20220621T090240_T35SMD,35SMD,2022-06-21,artificial_target,B,PLP target HDPE,"target point + radius/width (GPS, deployed)","HDPE circle r=3.5 m (~38 m2, sub-pixel)",2,5.0,0.0,"POLYGON((26.51697 39.03336,26.53161 39.03336,26.53161 39.04532,26.51697 39.04532,26.51697 39.03336))",,yes (dataset GeoTIFF/netCDF),none,yes,unspecified (mirror in MIT repo marinedebrisdetector),https://marinedebrisdetector.s3.eu-central-1.amazonaws.com/data/PLP.zip,Plastic Litter Project 2022 (Univ. Aegean); Russwurm et al. 2023,
PLP2022,20220621T085559_20220621T090240_T35SMD,35SMD,2022-06-21,artificial_target,B,PLP target PVC,"target point + radius/width (GPS, deployed)",PVC square 5x5 m (25 m2),1,1.0,0.0,"POLYGON((26.51697 39.03336,26.53161 39.03336,26.53161 39.04532,26.51697 39.04532,26.51697 39.03336))",,yes (dataset GeoTIFF/netCDF),none,yes,unspecified (mirror in MIT repo marinedebrisdetector),https://marinedebrisdetector.s3.eu-central-1.amazonaws.com/data/PLP.zip,Plastic Litter Project 2022 (Univ. Aegean); Russwurm et al. 2023,
PLP2022,20220626T085611_20220626T090248_T35SMD,35SMD,2022-06-26,artificial_target,B,PLP target HDPE,"target point + radius/width (GPS, deployed)","HDPE circle r=3.5 m (~38 m2, sub-pixel)",2,6.0,0.0,"POLYGON((26.51685 39.03336,26.53172 39.03336,26.53172 39.04532,26.51685 39.04532,26.51685 39.03336))",,yes (dataset GeoTIFF/netCDF),none,yes,unspecified (mirror in MIT repo marinedebrisdetector),https://marinedebrisdetector.s3.eu-central-1.amazonaws.com/data/PLP.zip,Plastic Litter Project 2022 (Univ. Aegean); Russwurm et al. 2023,
PLP2022,20220626T085611_20220626T090248_T35SMD,35SMD,2022-06-26,artificial_target,B,PLP target PVC,"target point + radius/width (GPS, deployed)",PVC square 5x5 m (25 m2),1,1.0,0.0,"POLYGON((26.51685 39.03336,26.53172 39.03336,26.53172 39.04532,26.51685 39.04532,26.51685 39.03336))",,yes (dataset GeoTIFF/netCDF),none,yes,unspecified (mirror in MIT repo marinedebrisdetector),https://marinedebrisdetector.s3.eu-central-1.amazonaws.com/data/PLP.zip,Plastic Litter Project 2022 (Univ. Aegean); Russwurm et al. 2023,
PLP2022,20220701T085559_20220701T090240_T35SMD,35SMD,2022-07-01,artificial_target,B,PLP target HDPE,"target point + radius/width (GPS, deployed)","HDPE circle r=3.5 m (~38 m2, sub-pixel)",2,3.0,0.0,"POLYGON((26.51685 39.03336,26.53161 39.03336,26.53161 39.04532,26.51685 39.04532,26.51685 39.03336))",,yes (dataset GeoTIFF/netCDF),none,yes,unspecified (mirror in MIT repo marinedebrisdetector),https://marinedebrisdetector.s3.eu-central-1.amazonaws.com/data/PLP.zip,Plastic Litter Project 2022 (Univ. Aegean); Russwurm et al. 2023,
PLP2022,20220701T085559_20220701T090240_T35SMD,35SMD,2022-07-01,artificial_target,B,PLP target PVC,"target point + radius/width (GPS, deployed)",PVC square 5x5 m (25 m2),1,1.0,0.0,"POLYGON((26.51685 39.03336,26.53161 39.03336,26.53161 39.04532,26.51685 39.04532,26.51685 39.03336))",,yes (dataset GeoTIFF/netCDF),none,yes,unspecified (mirror in MIT repo marinedebrisdetector),https://marinedebrisdetector.s3.eu-central-1.amazonaws.com/data/PLP.zip,Plastic Litter Project 2022 (Univ. Aegean); Russwurm et al. 2023,
PLP2022,20220706T085611_20220706T090129_T35SMD,35SMD,2022-07-06,artificial_target,B,PLP target HDPE,"target point + radius/width (GPS, deployed)","HDPE circle r=3.5 m (~38 m2, sub-pixel)",2,5.0,0.0,"POLYGON((26.51685 39.03336,26.53126 39.03336,26.53126 39.04532,26.51685 39.04532,26.51685 39.03336))",,yes (dataset GeoTIFF/netCDF),none,yes,unspecified (mirror in MIT repo marinedebrisdetector),https://marinedebrisdetector.s3.eu-central-1.amazonaws.com/data/PLP.zip,Plastic Litter Project 2022 (Univ. Aegean); Russwurm et al. 2023,
PLP2022,20220706T085611_20220706T090129_T35SMD,35SMD,2022-07-06,artificial_target,B,PLP target PVC,"target point + radius/width (GPS, deployed)",PVC square 5x5 m (25 m2),1,1.0,0.0,"POLYGON((26.51685 39.03336,26.53126 39.03336,26.53126 39.04532,26.51685 39.04532,26.51685 39.03336))",,yes (dataset GeoTIFF/netCDF),none,yes,unspecified (mirror in MIT repo marinedebrisdetector),https://marinedebrisdetector.s3.eu-central-1.amazonaws.com/data/PLP.zip,Plastic Litter Project 2022 (Univ. Aegean); Russwurm et al. 2023,
PLP2022,20220711T085559_20220711T090240_T35SMD,35SMD,2022-07-11,artificial_target,B,PLP target HDPE,"target point + radius/width (GPS, deployed)","HDPE circle r=3.5 m (~38 m2, sub-pixel)",2,7.0,0.0,"POLYGON((26.51685 39.03327,26.53149 39.03327,26.53149 39.04532,26.51685 39.04532,26.51685 39.03327))",,yes (dataset GeoTIFF/netCDF),none,yes,unspecified (mirror in MIT repo marinedebrisdetector),https://marinedebrisdetector.s3.eu-central-1.amazonaws.com/data/PLP.zip,Plastic Litter Project 2022 (Univ. Aegean); Russwurm et al. 2023,
PLP2022,20220711T085559_20220711T090240_T35SMD,35SMD,2022-07-11,artificial_target,B,PLP target PVC,"target point + radius/width (GPS, deployed)",PVC square 5x5 m (25 m2),1,1.0,0.0,"POLYGON((26.51685 39.03327,26.53149 39.03327,26.53149 39.04532,26.51685 39.04532,26.51685 39.03327))",,yes (dataset GeoTIFF/netCDF),none,yes,unspecified (mirror in MIT repo marinedebrisdetector),https://marinedebrisdetector.s3.eu-central-1.amazonaws.com/data/PLP.zip,Plastic Litter Project 2022 (Univ. Aegean); Russwurm et al. 2023,
PLP2022,20220716T085611_20220716T085930_T35SMD,35SMD,2022-07-16,artificial_target,B,PLP target HDPE,"target point + radius/width (GPS, deployed)","HDPE circle r=3.5 m (~38 m2, sub-pixel)",2,6.0,0.0,"POLYGON((26.51697 39.03336,26.53114 39.03336,26.53114 39.04532,26.51697 39.04532,26.51697 39.03336))",,yes (dataset GeoTIFF/netCDF),none,yes,unspecified (mirror in MIT repo marinedebrisdetector),https://marinedebrisdetector.s3.eu-central-1.amazonaws.com/data/PLP.zip,Plastic Litter Project 2022 (Univ. Aegean); Russwurm et al. 2023,
PLP2022,20220716T085611_20220716T085930_T35SMD,35SMD,2022-07-16,artificial_target,B,PLP target PVC,"target point + radius/width (GPS, deployed)",PVC square 5x5 m (25 m2),1,1.0,0.0,"POLYGON((26.51697 39.03336,26.53114 39.03336,26.53114 39.04532,26.51697 39.04532,26.51697 39.03336))",,yes (dataset GeoTIFF/netCDF),none,yes,unspecified (mirror in MIT repo marinedebrisdetector),https://marinedebrisdetector.s3.eu-central-1.amazonaws.com/data/PLP.zip,Plastic Litter Project 2022 (Univ. Aegean); Russwurm et al. 2023,
PLP2022,20220721T085559_20220721T090157_T35SMD,35SMD,2022-07-21,artificial_target,B,PLP target HDPE,"target point + radius/width (GPS, deployed)","HDPE circle r=3.5 m (~38 m2, sub-pixel)",2,4.0,0.0,"POLYGON((26.51697 39.03336,26.53161 39.03336,26.53161 39.04523,26.51697 39.04523,26.51697 39.03336))",,yes (dataset GeoTIFF/netCDF),none,yes,unspecified (mirror in MIT repo marinedebrisdetector),https://marinedebrisdetector.s3.eu-central-1.amazonaws.com/data/PLP.zip,Plastic Litter Project 2022 (Univ. Aegean); Russwurm et al. 2023,
PLP2022,20220721T085559_20220721T090157_T35SMD,35SMD,2022-07-21,artificial_target,B,PLP target PVC,"target point + radius/width (GPS, deployed)",PVC square 5x5 m (25 m2),1,1.0,0.0,"POLYGON((26.51697 39.03336,26.53161 39.03336,26.53161 39.04523,26.51697 39.04523,26.51697 39.03336))",,yes (dataset GeoTIFF/netCDF),none,yes,unspecified (mirror in MIT repo marinedebrisdetector),https://marinedebrisdetector.s3.eu-central-1.amazonaws.com/data/PLP.zip,Plastic Litter Project 2022 (Univ. Aegean); Russwurm et al. 2023,
PLP2022,20220726T085611_20220726T090224_T35SMD,35SMD,2022-07-26,artificial_target,B,PLP target HDPE,"target point + radius/width (GPS, deployed)","HDPE circle r=3.5 m (~38 m2, sub-pixel)",2,6.0,0.0,"POLYGON((26.51685 39.03336,26.53161 39.03336,26.53161 39.04532,26.51685 39.04532,26.51685 39.03336))",,yes (dataset GeoTIFF/netCDF),none,yes,unspecified (mirror in MIT repo marinedebrisdetector),https://marinedebrisdetector.s3.eu-central-1.amazonaws.com/data/PLP.zip,Plastic Litter Project 2022 (Univ. Aegean); Russwurm et al. 2023,
PLP2022,20220726T085611_20220726T090224_T35SMD,35SMD,2022-07-26,artificial_target,B,PLP target PVC,"target point + radius/width (GPS, deployed)",PVC square 5x5 m (25 m2),1,1.0,0.0,"POLYGON((26.51685 39.03336,26.53161 39.03336,26.53161 39.04532,26.51685 39.04532,26.51685 39.03336))",,yes (dataset GeoTIFF/netCDF),none,yes,unspecified (mirror in MIT repo marinedebrisdetector),https://marinedebrisdetector.s3.eu-central-1.amazonaws.com/data/PLP.zip,Plastic Litter Project 2022 (Univ. Aegean); Russwurm et al. 2023,
PLP2022,20220731T085559_20220731T090049_T35SMD,35SMD,2022-07-31,artificial_target,B,PLP target HDPE,"target point + radius/width (GPS, deployed)","HDPE circle r=3.5 m (~38 m2, sub-pixel)",2,5.0,0.0,"POLYGON((26.51685 39.03327,26.53172 39.03327,26.53172 39.04532,26.51685 39.04532,26.51685 39.03327))",,yes (dataset GeoTIFF/netCDF),none,yes,unspecified (mirror in MIT repo marinedebrisdetector),https://marinedebrisdetector.s3.eu-central-1.amazonaws.com/data/PLP.zip,Plastic Litter Project 2022 (Univ. Aegean); Russwurm et al. 2023,difficult to see
PLP2022,20220731T085559_20220731T090049_T35SMD,35SMD,2022-07-31,artificial_target,B,PLP target PVC,"target point + radius/width (GPS, deployed)",PVC square 5x5 m (25 m2),1,1.0,0.0,"POLYGON((26.51685 39.03327,26.53172 39.03327,26.53172 39.04532,26.51685 39.04532,26.51685 39.03327))",,yes (dataset GeoTIFF/netCDF),none,yes,unspecified (mirror in MIT repo marinedebrisdetector),https://marinedebrisdetector.s3.eu-central-1.amazonaws.com/data/PLP.zip,Plastic Litter Project 2022 (Univ. Aegean); Russwurm et al. 2023,
PLP2022,20220805T085611_20220805T090203_T35SMD,35SMD,2022-08-05,artificial_target,B,PLP target HDPE,"target point + radius/width (GPS, deployed)","HDPE circle r=3.5 m (~38 m2, sub-pixel)",2,8.0,0.0,"POLYGON((26.51685 39.03336,26.53126 39.03336,26.53126 39.04532,26.51685 39.04532,26.51685 39.03336))",,yes (dataset GeoTIFF/netCDF),none,yes,unspecified (mirror in MIT repo marinedebrisdetector),https://marinedebrisdetector.s3.eu-central-1.amazonaws.com/data/PLP.zip,Plastic Litter Project 2022 (Univ. Aegean); Russwurm et al. 2023,difficult to see
PLP2022,20220805T085611_20220805T090203_T35SMD,35SMD,2022-08-05,artificial_target,B,PLP target PVC,"target point + radius/width (GPS, deployed)",PVC square 5x5 m (25 m2),1,1.0,0.0,"POLYGON((26.51685 39.03336,26.53126 39.03336,26.53126 39.04532,26.51685 39.04532,26.51685 39.03336))",,yes (dataset GeoTIFF/netCDF),none,yes,unspecified (mirror in MIT repo marinedebrisdetector),https://marinedebrisdetector.s3.eu-central-1.amazonaws.com/data/PLP.zip,Plastic Litter Project 2022 (Univ. Aegean); Russwurm et al. 2023,
PLP2022,20220810T085559_20220810T090239_T35SMD,35SMD,2022-08-10,artificial_target,B,PLP target HDPE,"target point + radius/width (GPS, deployed)","HDPE circle r=3.5 m (~38 m2, sub-pixel)",2,6.0,0.0,"POLYGON((26.51685 39.03345,26.53149 39.03345,26.53149 39.04532,26.51685 39.04532,26.51685 39.03345))",,yes (dataset GeoTIFF/netCDF),none,yes,unspecified (mirror in MIT repo marinedebrisdetector),https://marinedebrisdetector.s3.eu-central-1.amazonaws.com/data/PLP.zip,Plastic Litter Project 2022 (Univ. Aegean); Russwurm et al. 2023,really difficult to see
PLP2022,20220810T085559_20220810T090239_T35SMD,35SMD,2022-08-10,artificial_target,B,PLP target PVC,"target point + radius/width (GPS, deployed)",PVC square 5x5 m (25 m2),1,1.0,0.0,"POLYGON((26.51685 39.03345,26.53149 39.03345,26.53149 39.04532,26.51685 39.04532,26.51685 39.03345))",,yes (dataset GeoTIFF/netCDF),none,yes,unspecified (mirror in MIT repo marinedebrisdetector),https://marinedebrisdetector.s3.eu-central-1.amazonaws.com/data/PLP.zip,Plastic Litter Project 2022 (Univ. Aegean); Russwurm et al. 2023,
FloatingObjects,accra_20181031,30NZM,2018-10-31,natural_accumulation,B,"floating objects (debris/litter windrows, mixed natural+anthropogenic, not plastic-only)",LineString (hand-drawn along objects),127.1 km of lines,118,14944.0,,"POLYGON((-0.29235 5.45787,0.48434 5.45787,0.48434 5.78469,-0.29235 5.78469,-0.29235 5.45787))",S2B_30NZM_20181031_0_L2A,yes: 10 cells x 10.24 km (L2A Earth Search),ok (no pixel leak); same place other date: live:accra/2025-10-21(live(demo/inference)),yes,Apache-2.0 (github.com/ESA-PhiLab/floatingobjects); cite Mifdal et al. 2021,https://marinedebrisdetector.s3.eu-central-1.amazonaws.com/data/floatingobjects.zip,"Mifdal J., Longepe N., Russwurm M. 2021, ISPRS Annals V-3-2021, 285-293",
FloatingObjects,biscay_20180419,30TWP,2018-04-19,natural_accumulation,B,"floating objects (debris/litter windrows, mixed natural+anthropogenic, not plastic-only)",LineString (hand-drawn along objects),305.9 km of lines,879,34746.0,,"POLYGON((-2.18826 43.51223,-1.63326 43.51223,-1.63326 44.24387,-2.18826 44.24387,-2.18826 43.51223))",S2B_30TWP_20180419_0_L2A,yes: 14 cells x 10.24 km (L2A Earth Search),none,yes,Apache-2.0 (github.com/ESA-PhiLab/floatingobjects); cite Mifdal et al. 2021,https://marinedebrisdetector.s3.eu-central-1.amazonaws.com/data/floatingobjects.zip,"Mifdal J., Longepe N., Russwurm M. 2021, ISPRS Annals V-3-2021, 285-293",
FloatingObjects,danang_20181005,48QZD,2018-10-05,natural_accumulation,B,"floating objects (debris/litter windrows, mixed natural+anthropogenic, not plastic-only)",LineString (hand-drawn along objects),108.6 km of lines,55,11879.0,,"POLYGON((107.81893 16.16721,108.32394 16.16721,108.32394 16.55743,107.81893 16.55743,107.81893 16.16721))",S2B_48QZD_20181005_0_L2A,yes: 9 cells x 10.24 km (L2A Earth Search),none,yes,Apache-2.0 (github.com/ESA-PhiLab/floatingobjects); cite Mifdal et al. 2021,https://marinedebrisdetector.s3.eu-central-1.amazonaws.com/data/floatingobjects.zip,"Mifdal J., Longepe N., Russwurm M. 2021, ISPRS Annals V-3-2021, 285-293",
FloatingObjects,kentpointfarm_20180710,18SUJ,2018-07-10,natural_accumulation,B,"floating objects (debris/litter windrows, mixed natural+anthropogenic, not plastic-only)",LineString (hand-drawn along objects),10.1 km of lines,50,1107.0,,"POLYGON((-76.33205 38.79812,-76.26697 38.79812,-76.26697 38.89037,-76.33205 38.89037,-76.33205 38.79812))",S2A_18SUJ_20180710_0_L2A,yes: 1 cells x 10.24 km (L2A Earth Search),none,yes,Apache-2.0 (github.com/ESA-PhiLab/floatingobjects); cite Mifdal et al. 2021,https://marinedebrisdetector.s3.eu-central-1.amazonaws.com/data/floatingobjects.zip,"Mifdal J., Longepe N., Russwurm M. 2021, ISPRS Annals V-3-2021, 285-293",
FloatingObjects,kolkata_20201115,45QXD,2020-11-15,natural_accumulation,B,"floating objects (debris/litter windrows, mixed natural+anthropogenic, not plastic-only)",LineString (hand-drawn along objects),20.6 km of lines,15,924.0,,"POLYGON((88.16475 20.72373,88.51676 20.72373,88.51676 20.76431,88.16475 20.76431,88.16475 20.72373))",S2A_45QXD_20201115_0_L2A,yes: 1 cells x 10.24 km (L2A Earth Search),"ok (no pixel leak); same place other date: live:ganges/2025-11-19(live(demo/inference)), live:ganges/2026-01-13(live(demo/inference)), live:ganges/2026-02-12(live(demo/inference))",yes,Apache-2.0 (github.com/ESA-PhiLab/floatingobjects); cite Mifdal et al. 2021,https://marinedebrisdetector.s3.eu-central-1.amazonaws.com/data/floatingobjects.zip,"Mifdal J., Longepe N., Russwurm M. 2021, ISPRS Annals V-3-2021, 285-293",
FloatingObjects,lagos_20190101,31NEH,2019-01-01,natural_accumulation,B,"floating objects (debris/litter windrows, mixed natural+anthropogenic, not plastic-only)",LineString (hand-drawn along objects),27.8 km of lines,33,3417.0,,"POLYGON((3.71364 6.32113,3.94366 6.32113,3.94366 6.38720,3.71364 6.38720,3.71364 6.32113))",S2A_31NEH_20190101_0_L2A,yes: 4 cells x 10.24 km (L2A Earth Search),none,yes,Apache-2.0 (github.com/ESA-PhiLab/floatingobjects); cite Mifdal et al. 2021,https://marinedebrisdetector.s3.eu-central-1.amazonaws.com/data/floatingobjects.zip,"Mifdal J., Longepe N., Russwurm M. 2021, ISPRS Annals V-3-2021, 285-293",
FloatingObjects,lagos_20200505,31NEG,2020-05-05,natural_accumulation,B,"floating objects (debris/litter windrows, mixed natural+anthropogenic, not plastic-only)",LineString (hand-drawn along objects),302.8 km of lines,169,24261.0,,"POLYGON((3.00010 6.08348,3.99212 6.08348,3.99212 6.32599,3.00010 6.32599,3.00010 6.08348))",S2A_31NEG_20200505_0_L2A,yes: 11 cells x 10.24 km (L2A Earth Search),ok (no pixel leak); same place other date: live:lagos/2025-11-10(live(demo/inference)),yes,Apache-2.0 (github.com/ESA-PhiLab/floatingobjects); cite Mifdal et al. 2021,https://marinedebrisdetector.s3.eu-central-1.amazonaws.com/data/floatingobjects.zip,"Mifdal J., Longepe N., Russwurm M. 2021, ISPRS Annals V-3-2021, 285-293",
FloatingObjects,london_20180611,31UCT,2018-06-11,natural_accumulation,B,"floating objects (debris/litter windrows, mixed natural+anthropogenic, not plastic-only)",LineString (hand-drawn along objects),23.5 km of lines,41,1536.0,,"POLYGON((0.56089 51.38784,0.73757 51.38784,0.73757 51.44547,0.56089 51.44547,0.56089 51.38784))",S2B_31UCT_20180611_0_L2A,yes: 1 cells x 10.24 km (L2A Earth Search),none,yes,Apache-2.0 (github.com/ESA-PhiLab/floatingobjects); cite Mifdal et al. 2021,https://marinedebrisdetector.s3.eu-central-1.amazonaws.com/data/floatingobjects.zip,"Mifdal J., Longepe N., Russwurm M. 2021, ISPRS Annals V-3-2021, 285-293",
FloatingObjects,longxuyen_20181102,48PVS,2018-11-02,natural_accumulation,B,"floating objects (debris/litter windrows, mixed natural+anthropogenic, not plastic-only)",LineString (hand-drawn along objects),30.1 km of lines,37,3208.0,,"POLYGON((104.91036 9.95456,104.99617 9.95456,104.99617 10.08333,104.91036 10.08333,104.91036 9.95456))",S2A_48PVS_20181102_0_L2A,yes: 2 cells x 10.24 km (L2A Earth Search),none,yes,Apache-2.0 (github.com/ESA-PhiLab/floatingobjects); cite Mifdal et al. 2021,https://marinedebrisdetector.s3.eu-central-1.amazonaws.com/data/floatingobjects.zip,"Mifdal J., Longepe N., Russwurm M. 2021, ISPRS Annals V-3-2021, 285-293",
FloatingObjects,mandaluyong_20180314,51PTS,2018-03-14,natural_accumulation,B,"floating objects (debris/litter windrows, mixed natural+anthropogenic, not plastic-only)",LineString (hand-drawn along objects),19.3 km of lines,13,866.0,,"POLYGON((120.56968 14.45310,120.88274 14.45310,120.88274 14.73678,120.56968 14.73678,120.56968 14.45310))",S2B_51PTS_20180314_0_L2A,yes: 1 cells x 10.24 km (L2A Earth Search),"ok (no pixel leak); same place other date: MARIDA:S2_17-7-16_51PTS(test), MARIDA:S2_18-5-19_51PTS(test), live:manila/2019-05-13(live(demo/inference)), live:manila/2025-01-06(live(demo/inference)), live:manila/2025-06-15(live(demo/inference)), live:manila/2025-08-04(live(demo/inference)), live:manila/2025-11-07(live(demo/inference)), live:man","yes, but not when the judge is MARIDA test (same place)",Apache-2.0 (github.com/ESA-PhiLab/floatingobjects); cite Mifdal et al. 2021,https://marinedebrisdetector.s3.eu-central-1.amazonaws.com/data/floatingobjects.zip,"Mifdal J., Longepe N., Russwurm M. 2021, ISPRS Annals V-3-2021, 285-293","то же место (51PTS), что MARIDA test S2_17-7-16 и S2_18-5-19 - при оценке на MARIDA test не обучать на нём (утечки пикселей нет, но то же место)"
FloatingObjects,neworleans_20200202,16RCU,2020-02-02,natural_accumulation,B,"floating objects (debris/litter windrows, mixed natural+anthropogenic, not plastic-only)",LineString (hand-drawn along objects),413.7 km of lines,369,43374.0,,"POLYGON((-89.07975 29.77991,-87.93593 29.77991,-87.93593 30.57248,-89.07975 30.57248,-89.07975 29.77991))",S2A_16RCU_20200202_0_L2A,yes: 19 cells x 10.24 km (L2A Earth Search),none,yes,Apache-2.0 (github.com/ESA-PhiLab/floatingobjects); cite Mifdal et al. 2021,https://marinedebrisdetector.s3.eu-central-1.amazonaws.com/data/floatingobjects.zip,"Mifdal J., Longepe N., Russwurm M. 2021, ISPRS Annals V-3-2021, 285-293",
FloatingObjects,panama_20190425,17PPK,2019-04-25,natural_accumulation,B,"floating objects (debris/litter windrows, mixed natural+anthropogenic, not plastic-only)",LineString (hand-drawn along objects),75.5 km of lines,182,9202.0,,"POLYGON((-79.61299 8.61161,-79.50496 8.61161,-79.50496 8.80247,-79.61299 8.80247,-79.61299 8.61161))",S2B_17PPK_20190425_0_L2A,yes: 2 cells x 10.24 km (L2A Earth Search),none,yes,Apache-2.0 (github.com/ESA-PhiLab/floatingobjects); cite Mifdal et al. 2021,https://marinedebrisdetector.s3.eu-central-1.amazonaws.com/data/floatingobjects.zip,"Mifdal J., Longepe N., Russwurm M. 2021, ISPRS Annals V-3-2021, 285-293",
FloatingObjects,portalfredSouthAfrica_20180601,35HNC,2018-06-01,natural_accumulation,B,"floating objects (debris/litter windrows, mixed natural+anthropogenic, not plastic-only)",LineString (hand-drawn along objects),57.3 km of lines,16,1678.0,,"POLYGON((27.01203 -33.92640,27.32829 -33.92640,27.32829 -33.49070,27.01203 -33.49070,27.01203 -33.92640))",S2B_35HNC_20180601_0_L2A,yes: 1 cells x 10.24 km (L2A Earth Search),none,yes,Apache-2.0 (github.com/ESA-PhiLab/floatingobjects); cite Mifdal et al. 2021,https://marinedebrisdetector.s3.eu-central-1.amazonaws.com/data/floatingobjects.zip,"Mifdal J., Longepe N., Russwurm M. 2021, ISPRS Annals V-3-2021, 285-293",
FloatingObjects,riodejaneiro_20180504,23KPQ,2018-05-04,natural_accumulation,B,"floating objects (debris/litter windrows, mixed natural+anthropogenic, not plastic-only)",LineString (hand-drawn along objects),84.9 km of lines,89,10668.0,,"POLYGON((-43.20603 -22.78573,-43.04212 -22.78573,-43.04212 -22.71793,-43.20603 -22.71793,-43.20603 -22.78573))",S2A_23KPQ_20180504_0_L2A,yes: 2 cells x 10.24 km (L2A Earth Search),"ok (no pixel leak); same place other date: live:guanabara/2025-06-26(live(demo/inference)), live:guanabara/2025-09-04(live(demo/inference)), live:guanabara/2026-07-16(live(demo/inference))",yes,Apache-2.0 (github.com/ESA-PhiLab/floatingobjects); cite Mifdal et al. 2021,https://marinedebrisdetector.s3.eu-central-1.amazonaws.com/data/floatingobjects.zip,"Mifdal J., Longepe N., Russwurm M. 2021, ISPRS Annals V-3-2021, 285-293",
FloatingObjects,sandiego_20180804,11SMS,2018-08-04,natural_accumulation,B,"floating objects (debris/litter windrows, mixed natural+anthropogenic, not plastic-only)",LineString (hand-drawn along objects),7.5 km of lines,17,375.0,,"POLYGON((-117.31160 32.57023,-117.15048 32.57023,-117.15048 32.86111,-117.31160 32.86111,-117.31160 32.57023))",S2A_11SMS_20180804_0_L2A,yes: 1 cells x 10.24 km (L2A Earth Search),none,yes,Apache-2.0 (github.com/ESA-PhiLab/floatingobjects); cite Mifdal et al. 2021,https://marinedebrisdetector.s3.eu-central-1.amazonaws.com/data/floatingobjects.zip,"Mifdal J., Longepe N., Russwurm M. 2021, ISPRS Annals V-3-2021, 285-293",
FloatingObjects,sanfrancisco_20190219,10SEG,2019-02-19,natural_accumulation,B,"floating objects (debris/litter windrows, mixed natural+anthropogenic, not plastic-only)",LineString (hand-drawn along objects),67.3 km of lines,110,6539.0,,"POLYGON((-122.63227 37.64468,-122.28098 37.64468,-122.28098 37.92730,-122.63227 37.92730,-122.63227 37.64468))",S2A_10SEG_20190219_0_L2A,yes: 4 cells x 10.24 km (L2A Earth Search),none,yes,Apache-2.0 (github.com/ESA-PhiLab/floatingobjects); cite Mifdal et al. 2021,https://marinedebrisdetector.s3.eu-central-1.amazonaws.com/data/floatingobjects.zip,"Mifdal J., Longepe N., Russwurm M. 2021, ISPRS Annals V-3-2021, 285-293",
FloatingObjects,shengsi_20190615,51RVP,2019-06-15,natural_accumulation,B,"floating objects (debris/litter windrows, mixed natural+anthropogenic, not plastic-only)",LineString (hand-drawn along objects),67.5 km of lines,36,7407.0,,"POLYGON((122.47686 30.28013,122.80731 30.28013,122.80731 30.49189,122.47686 30.49189,122.47686 30.28013))",S2A_51RVP_20190615_0_L2A,yes: 4 cells x 10.24 km (L2A Earth Search),none,yes,Apache-2.0 (github.com/ESA-PhiLab/floatingobjects); cite Mifdal et al. 2021,https://marinedebrisdetector.s3.eu-central-1.amazonaws.com/data/floatingobjects.zip,"Mifdal J., Longepe N., Russwurm M. 2021, ISPRS Annals V-3-2021, 285-293",
FloatingObjects,suez_20200403,36RVU,2020-04-03,natural_accumulation,B,"floating objects (debris/litter windrows, mixed natural+anthropogenic, not plastic-only)",LineString (hand-drawn along objects),2.4 km of lines,8,309.0,,"POLYGON((32.50087 29.93712,32.51053 29.93712,32.51053 29.94439,32.50087 29.94439,32.50087 29.93712))",S2B_36RVU_20200403_0_L2A,yes: 1 cells x 10.24 km (L2A Earth Search),none,yes,Apache-2.0 (github.com/ESA-PhiLab/floatingobjects); cite Mifdal et al. 2021,https://marinedebrisdetector.s3.eu-central-1.amazonaws.com/data/floatingobjects.zip,"Mifdal J., Longepe N., Russwurm M. 2021, ISPRS Annals V-3-2021, 285-293",
FloatingObjects,tangshan_20180130,50SPJ,2018-01-30,natural_accumulation,B,"floating objects (debris/litter windrows, mixed natural+anthropogenic, not plastic-only)",LineString (hand-drawn along objects),890.0 km of lines,313,107311.0,,"POLYGON((118.81395 38.97210,119.38063 38.97210,119.38063 39.31606,118.81395 39.31606,118.81395 38.97210))",S2A_50SPJ_20180130_0_L2A,yes: 15 cells x 10.24 km (L2A Earth Search),none,review first (likely sea ice),Apache-2.0 (github.com/ESA-PhiLab/floatingobjects); cite Mifdal et al. 2021,https://marinedebrisdetector.s3.eu-central-1.amazonaws.com/data/floatingobjects.zip,"Mifdal J., Longepe N., Russwurm M. 2021, ISPRS Annals V-3-2021, 285-293","январь, Бохайский залив: вероятен морской лёд; FDI-контраст линий 0.0018 (низкий); 29 % всех пикселей линий - вес ограничить или исключить до просмотра"
FloatingObjects,toledo_20191221,17TLG,2019-12-21,natural_accumulation,B,"floating objects (debris/litter windrows, mixed natural+anthropogenic, not plastic-only)",LineString (hand-drawn along objects),266.2 km of lines,46,29967.0,,"POLYGON((-83.39184 41.48139,-82.67355 41.48139,-82.67355 41.81855,-83.39184 41.81855,-83.39184 41.48139))",S2A_17TLG_20191221_0_L2A,yes: 6 cells x 10.24 km (L2A Earth Search),none,review first (likely lake ice),Apache-2.0 (github.com/ESA-PhiLab/floatingobjects); cite Mifdal et al. 2021,https://marinedebrisdetector.s3.eu-central-1.amazonaws.com/data/floatingobjects.zip,"Mifdal J., Longepe N., Russwurm M. 2021, ISPRS Annals V-3-2021, 285-293","декабрь, оз. Эри (пресная вода): FDI-контраст линий 0.0002 ~ фон; вероятно лёд/шуга - исключить до просмотра"
FloatingObjects,tungchungChina_20190922,49QGE,2019-09-22,natural_accumulation,B,"floating objects (debris/litter windrows, mixed natural+anthropogenic, not plastic-only)",LineString (hand-drawn along objects),4.6 km of lines,4,277.0,,"POLYGON((113.91528 22.29685,113.97835 22.29685,113.97835 22.36477,113.91528 22.36477,113.91528 22.29685))",S2A_49QGE_20190922_0_L2A,yes: 1 cells x 10.24 km (L2A Earth Search),none,yes,Apache-2.0 (github.com/ESA-PhiLab/floatingobjects); cite Mifdal et al. 2021,https://marinedebrisdetector.s3.eu-central-1.amazonaws.com/data/floatingobjects.zip,"Mifdal J., Longepe N., Russwurm M. 2021, ISPRS Annals V-3-2021, 285-293",
FloatingObjects,tunisia_20180715,32SPC,2018-07-15,natural_accumulation,B,"floating objects (debris/litter windrows, mixed natural+anthropogenic, not plastic-only)",LineString (hand-drawn along objects),48.6 km of lines,115,5694.0,,"POLYGON((10.62381 33.62503,10.82774 33.62503,10.82774 33.75232,10.62381 33.75232,10.62381 33.62503))",S2A_32SPC_20180715_0_L2A,yes: 2 cells x 10.24 km (L2A Earth Search),none,review first (SCL not water),Apache-2.0 (github.com/ESA-PhiLab/floatingobjects); cite Mifdal et al. 2021,https://marinedebrisdetector.s3.eu-central-1.amazonaws.com/data/floatingobjects.zip,"Mifdal J., Longepe N., Russwurm M. 2021, ISPRS Annals V-3-2021, 285-293",0 % пикселей линий - вода по SCL (мелководье/осушка у Джербы) - проверить
FloatingObjects,turkmenistan_20181030,39TXF,2018-10-30,natural_accumulation,B,"floating objects (debris/litter windrows, mixed natural+anthropogenic, not plastic-only)",LineString (hand-drawn along objects),291.2 km of lines,417,37210.0,,"POLYGON((53.00395 40.81121,53.48070 40.81121,53.48070 41.38040,53.00395 41.38040,53.00395 40.81121))",S2B_39TXF_20181030_0_L2A,yes: 22 cells x 10.24 km (L2A Earth Search),none,yes,Apache-2.0 (github.com/ESA-PhiLab/floatingobjects); cite Mifdal et al. 2021,https://marinedebrisdetector.s3.eu-central-1.amazonaws.com/data/floatingobjects.zip,"Mifdal J., Longepe N., Russwurm M. 2021, ISPRS Annals V-3-2021, 285-293",
FloatingObjects,venice_20180630,32TQR,2018-06-30,natural_accumulation,B,"floating objects (debris/litter windrows, mixed natural+anthropogenic, not plastic-only)",LineString (hand-drawn along objects),87.4 km of lines,98,10902.0,,"POLYGON((12.25209 45.05386,12.80196 45.05386,12.80196 45.53439,12.25209 45.53439,12.25209 45.05386))",S2B_32TQR_20180630_0_L2A,yes: 16 cells x 10.24 km (L2A Earth Search),none,yes,Apache-2.0 (github.com/ESA-PhiLab/floatingobjects); cite Mifdal et al. 2021,https://marinedebrisdetector.s3.eu-central-1.amazonaws.com/data/floatingobjects.zip,"Mifdal J., Longepe N., Russwurm M. 2021, ISPRS Annals V-3-2021, 285-293",
FloatingObjects,venice_20180928,33TUL,2018-09-28,natural_accumulation,B,"floating objects (debris/litter windrows, mixed natural+anthropogenic, not plastic-only)",LineString (hand-drawn along objects),46.6 km of lines,67,1350.0,,"POLYGON((12.70806 45.37710,13.54995 45.37710,13.54995 45.74572,12.70806 45.74572,12.70806 45.37710))",S2B_33TUL_20180928_1_L2A,yes: 1 cells x 10.24 km (L2A Earth Search),none,yes,Apache-2.0 (github.com/ESA-PhiLab/floatingobjects); cite Mifdal et al. 2021,https://marinedebrisdetector.s3.eu-central-1.amazonaws.com/data/floatingobjects.zip,"Mifdal J., Longepe N., Russwurm M. 2021, ISPRS Annals V-3-2021, 285-293",
FloatingObjects,vungtau_20180423,48PYR,2018-04-23,natural_accumulation,B,"floating objects (debris/litter windrows, mixed natural+anthropogenic, not plastic-only)",LineString (hand-drawn along objects),57.4 km of lines,81,3882.0,,"POLYGON((106.82229 8.98835,107.82009 8.98835,107.82009 9.87987,106.82229 9.87987,106.82229 8.98835))",S2A_48PYR_20180423_0_L2A,yes: 2 cells x 10.24 km (L2A Earth Search),none,yes,Apache-2.0 (github.com/ESA-PhiLab/floatingobjects); cite Mifdal et al. 2021,https://marinedebrisdetector.s3.eu-central-1.amazonaws.com/data/floatingobjects.zip,"Mifdal J., Longepe N., Russwurm M. 2021, ISPRS Annals V-3-2021, 285-293",
RefinedFloatingObjects,accra_20181031,30NZM,2018-10-31,natural_accumulation,B,"marine debris point (refined, accurate)",Point (1 px),1 px per point,740,681.0,,"POLYGON((-0.27864 5.46320,0.48305 5.46320,0.48305 5.78470,-0.27864 5.78470,-0.27864 5.46320))",S2B_30NZM_20181031_0_L2A,yes: 10 cells x 10.24 km (L2A Earth Search),ok (no pixel leak); same place other date: live:accra/2025-10-21(live(demo/inference)),yes,MIT (github.com/MarcCoru/marinedebrisdetector); cite Russwurm et al. 2023,https://marinedebrisdetector.s3.eu-central-1.amazonaws.com/data/refinedfloatingobjects.zip,"Russwurm M., Venkatesa S.J., Tuia D. 2023, Large-scale detection of marine debris in coastal areas with Sentinel-2, iScience 26(12) 108402",
RefinedFloatingObjects,accra_20181031,30NZM,2018-10-31,verified_negative,D,"no-debris point (refined: water/ships/wakes/coast, annotated as negative)",Point (1 px),1 px per point,768,432.0,,"POLYGON((-0.29032 5.35081,0.69718 5.35081,0.69718 6.15453,-0.29032 6.15453,-0.29032 5.35081))",S2B_30NZM_20181031_0_L2A,yes: 10 cells x 10.24 km (L2A Earth Search),ok (no pixel leak); same place other date: live:accra/2025-10-21(live(demo/inference)),yes,MIT (github.com/MarcCoru/marinedebrisdetector); cite Russwurm et al. 2023,https://marinedebrisdetector.s3.eu-central-1.amazonaws.com/data/refinedfloatingobjects.zip,"Russwurm M., Venkatesa S.J., Tuia D. 2023, Large-scale detection of marine debris in coastal areas with Sentinel-2, iScience 26(12) 108402",
RefinedFloatingObjects,durban_20190424,36JUN,2019-04-24,natural_accumulation,B,"marine debris point (refined, accurate)",Point (1 px),1 px per point,163,,,"POLYGON((31.06043 -29.88896,31.21018 -29.88896,31.21018 -29.66622,31.06043 -29.66622,31.06043 -29.88896))",S2B_36JUN_20190424_0_L2A,no (excluded: duplicate of our data),"EXCLUDE: same acquisition as MARIDA:S2_24-4-19_36JUN(train), live:durban/2019-04-24(live(demo/inference))",no (duplicate of our data),MIT (github.com/MarcCoru/marinedebrisdetector); cite Russwurm et al. 2023,https://marinedebrisdetector.s3.eu-central-1.amazonaws.com/data/refinedfloatingobjects.zip,"Russwurm M., Venkatesa S.J., Tuia D. 2023, Large-scale detection of marine debris in coastal areas with Sentinel-2, iScience 26(12) 108402","та же съёмка, что MARIDA train S2_24-4-19_36JUN и live durban/2019-04-24 - пиксели не читались"
RefinedFloatingObjects,durban_20190424,36JUN,2019-04-24,verified_negative,D,"no-debris point (refined: water/ships/wakes/coast, annotated as negative)",Point (1 px),1 px per point,540,,,"POLYGON((31.00420 -29.90055,31.37714 -29.90055,31.37714 -29.63263,31.00420 -29.63263,31.00420 -29.90055))",S2B_36JUN_20190424_0_L2A,no (excluded: duplicate of our data),"EXCLUDE: same acquisition as MARIDA:S2_24-4-19_36JUN(train), live:durban/2019-04-24(live(demo/inference))",no (duplicate of our data),MIT (github.com/MarcCoru/marinedebrisdetector); cite Russwurm et al. 2023,https://marinedebrisdetector.s3.eu-central-1.amazonaws.com/data/refinedfloatingobjects.zip,"Russwurm M., Venkatesa S.J., Tuia D. 2023, Large-scale detection of marine debris in coastal areas with Sentinel-2, iScience 26(12) 108402","та же съёмка, что MARIDA train S2_24-4-19_36JUN и live durban/2019-04-24 - пиксели не читались"
RefinedFloatingObjects,lagos_20190101,31NEH,2019-01-01,natural_accumulation,B,"marine debris point (refined, accurate)",Point (1 px),1 px per point,336,274.0,,"POLYGON((3.33589 6.24610,3.94574 6.24610,3.94574 6.40224,3.33589 6.40224,3.33589 6.24610))",S2A_31NEH_20190101_0_L2A,yes: 4 cells x 10.24 km (L2A Earth Search),ok (no pixel leak); same place other date: live:lagos/2025-11-10(live(demo/inference)),yes,MIT (github.com/MarcCoru/marinedebrisdetector); cite Russwurm et al. 2023,https://marinedebrisdetector.s3.eu-central-1.amazonaws.com/data/refinedfloatingobjects.zip,"Russwurm M., Venkatesa S.J., Tuia D. 2023, Large-scale detection of marine debris in coastal areas with Sentinel-2, iScience 26(12) 108402",
RefinedFloatingObjects,lagos_20190101,31NEH,2019-01-01,verified_negative,D,"no-debris point (refined: water/ships/wakes/coast, annotated as negative)",Point (1 px),1 px per point,342,51.0,,"POLYGON((3.11021 6.24970,3.98980 6.24970,3.98980 6.60601,3.11021 6.60601,3.11021 6.24970))",S2A_31NEH_20190101_0_L2A,yes: 4 cells x 10.24 km (L2A Earth Search),ok (no pixel leak); same place other date: live:lagos/2025-11-10(live(demo/inference)),yes,MIT (github.com/MarcCoru/marinedebrisdetector); cite Russwurm et al. 2023,https://marinedebrisdetector.s3.eu-central-1.amazonaws.com/data/refinedfloatingobjects.zip,"Russwurm M., Venkatesa S.J., Tuia D. 2023, Large-scale detection of marine debris in coastal areas with Sentinel-2, iScience 26(12) 108402",
RefinedFloatingObjects,marmara_20210519,35TPF,2021-05-19,natural_accumulation,B,"marine debris point (refined, accurate)",Point (1 px),1 px per point,62,17.0,,"POLYGON((28.77971 40.72924,29.10787 40.72924,29.10787 40.96725,28.77971 40.96725,28.77971 40.72924))",S2A_35TPF_20210519_0_L2A,yes: 1 cells x 10.24 km (L2A Earth Search),none,yes,MIT (github.com/MarcCoru/marinedebrisdetector); cite Russwurm et al. 2023,https://marinedebrisdetector.s3.eu-central-1.amazonaws.com/data/refinedfloatingobjects.zip,"Russwurm M., Venkatesa S.J., Tuia D. 2023, Large-scale detection of marine debris in coastal areas with Sentinel-2, iScience 26(12) 108402",
RefinedFloatingObjects,marmara_20210519,35TPF,2021-05-19,verified_negative,D,"no-debris point (refined: water/ships/wakes/coast, annotated as negative)",Point (1 px),1 px per point,135,7.0,,"POLYGON((28.40570 40.55556,29.49603 40.55556,29.49603 41.42661,28.40570 41.42661,28.40570 40.55556))",S2A_35TPF_20210519_0_L2A,yes: 1 cells x 10.24 km (L2A Earth Search),none,yes,MIT (github.com/MarcCoru/marinedebrisdetector); cite Russwurm et al. 2023,https://marinedebrisdetector.s3.eu-central-1.amazonaws.com/data/refinedfloatingobjects.zip,"Russwurm M., Venkatesa S.J., Tuia D. 2023, Large-scale detection of marine debris in coastal areas with Sentinel-2, iScience 26(12) 108402",
RefinedFloatingObjects,neworleans_20200202,16RCU,2020-02-02,natural_accumulation,B,"marine debris point (refined, accurate)",Point (1 px),1 px per point,198,177.0,,"POLYGON((-89.07172 30.20931,-87.93923 30.20931,-87.93923 30.61833,-89.07172 30.61833,-89.07172 30.20931))",S2A_16RCU_20200202_0_L2A,yes: 19 cells x 10.24 km (L2A Earth Search),none,yes,MIT (github.com/MarcCoru/marinedebrisdetector); cite Russwurm et al. 2023,https://marinedebrisdetector.s3.eu-central-1.amazonaws.com/data/refinedfloatingobjects.zip,"Russwurm M., Venkatesa S.J., Tuia D. 2023, Large-scale detection of marine debris in coastal areas with Sentinel-2, iScience 26(12) 108402",
RefinedFloatingObjects,neworleans_20200202,16RCU,2020-02-02,verified_negative,D,"no-debris point (refined: water/ships/wakes/coast, annotated as negative)",Point (1 px),1 px per point,373,217.0,,"POLYGON((-89.07835 29.84765,-87.94071 29.84765,-87.94071 30.58832,-89.07835 30.58832,-89.07835 29.84765))",S2A_16RCU_20200202_0_L2A,yes: 19 cells x 10.24 km (L2A Earth Search),none,yes,MIT (github.com/MarcCoru/marinedebrisdetector); cite Russwurm et al. 2023,https://marinedebrisdetector.s3.eu-central-1.amazonaws.com/data/refinedfloatingobjects.zip,"Russwurm M., Venkatesa S.J., Tuia D. 2023, Large-scale detection of marine debris in coastal areas with Sentinel-2, iScience 26(12) 108402",
RefinedFloatingObjects,venice_20180630,32TQR,2018-06-30,natural_accumulation,B,"marine debris point (refined, accurate)",Point (1 px),1 px per point,275,246.0,,"POLYGON((12.25037 45.03145,12.80053 45.03145,12.80053 45.54002,12.25037 45.54002,12.25037 45.03145))",S2B_32TQR_20180630_0_L2A,yes: 16 cells x 10.24 km (L2A Earth Search),none,yes,MIT (github.com/MarcCoru/marinedebrisdetector); cite Russwurm et al. 2023,https://marinedebrisdetector.s3.eu-central-1.amazonaws.com/data/refinedfloatingobjects.zip,"Russwurm M., Venkatesa S.J., Tuia D. 2023, Large-scale detection of marine debris in coastal areas with Sentinel-2, iScience 26(12) 108402",
RefinedFloatingObjects,venice_20180630,32TQR,2018-06-30,verified_negative,D,"no-debris point (refined: water/ships/wakes/coast, annotated as negative)",Point (1 px),1 px per point,758,474.0,,"POLYGON((12.20309 45.00585,12.95015 45.00585,12.95015 45.63619,12.20309 45.63619,12.20309 45.00585))",S2B_32TQR_20180630_0_L2A,yes: 16 cells x 10.24 km (L2A Earth Search),none,yes,MIT (github.com/MarcCoru/marinedebrisdetector); cite Russwurm et al. 2023,https://marinedebrisdetector.s3.eu-central-1.amazonaws.com/data/refinedfloatingobjects.zip,"Russwurm M., Venkatesa S.J., Tuia D. 2023, Large-scale detection of marine debris in coastal areas with Sentinel-2, iScience 26(12) 108402",
