zone_id,scene_key,scene_kind,scene_id,datetime,detection_status,detection_label,concentration_status,flags,zone_area_km2,suspicious_area_m2,n_pixels,n_objects,water_km2,lwd_m2_km2,valid_water_fraction,cloud_fraction,glint_fraction,prob_max,prob_mean,foam_sign,glint_sign,ship_sign,n_cozar_filaments,verification,quantity_status,quantity_label,quantity_detail,field_nearest_km,field_nearest_c_items_km2,field_nearest_ci95,field_nearest_date,model_weights,model_sha256,threshold,centroid_lon,centroid_lat,kind
SZ-demo-cozar-2021-03-11-001,demo-cozar-2021-03-11,demo,S2B_30SXE_20210311_0_L2A,2021-03-11T11:01:15.637000Z,detected,обнаружено детектором · совпадает с разметкой Cózar (B),unavailable,,0.2136,2300,23,9,0.2151,10692.7,1.0,0.0,0.0,0.953,0.793,false,false,false,1,level_B_cozar,not_confirmed,концентрация по снимку не подтверждена,перевод площади в штуки не показываем: нет калибровочных пар (см. docs/QUANTITY.md),521.2,0.0,0.0–13.18,2023-05-09,weights/lgbm,0eeebf43fcccd8c7c07f053b7ec723229d1a3c9b92d12eec1bdb269258c51470,0.63,-1.612144,35.524082,detection_zone
SZ-demo-cozar-2021-03-11-002,demo-cozar-2021-03-11,demo,S2B_30SXE_20210311_0_L2A,2021-03-11T11:01:15.637000Z,detected,"обнаружено детектором · вероятный плавающий материал, требует проверки",unavailable,,0.09,1000,10,1,0.0897,11148.3,1.0,0.0,0.0,0.992,0.875,false,false,false,0,unverified,not_confirmed,концентрация по снимку не подтверждена,перевод площади в штуки не показываем: нет калибровочных пар (см. docs/QUANTITY.md),521.2,0.0,0.0–13.18,2023-05-09,weights/lgbm,0eeebf43fcccd8c7c07f053b7ec723229d1a3c9b92d12eec1bdb269258c51470,0.63,-1.564604,35.521722,detection_zone
SZ-demo-cozar-2021-03-11-003,demo-cozar-2021-03-11,demo,S2B_30SXE_20210311_0_L2A,2021-03-11T11:01:15.637000Z,detected,обнаружено детектором · совпадает с разметкой Cózar (B),unavailable,,0.1315,900,9,4,0.133,6766.9,1.0,0.0,0.0,0.945,0.766,false,false,false,1,level_B_cozar,not_confirmed,концентрация по снимку не подтверждена,перевод площади в штуки не показываем: нет калибровочных пар (см. docs/QUANTITY.md),521.2,0.0,0.0–13.18,2023-05-09,weights/lgbm,0eeebf43fcccd8c7c07f053b7ec723229d1a3c9b92d12eec1bdb269258c51470,0.63,-1.606238,35.52113,detection_zone
SZ-demo-cozar-2021-03-11-004,demo-cozar-2021-03-11,demo,S2B_30SXE_20210311_0_L2A,2021-03-11T11:01:15.637000Z,detected,обнаружено детектором · совпадает с разметкой Cózar (B),unavailable,,0.5803,6000,60,22,0.5811,10325.2,1.0,0.0,0.0,0.984,0.818,false,false,false,1,level_B_cozar,not_confirmed,концентрация по снимку не подтверждена,перевод площади в штуки не показываем: нет калибровочных пар (см. docs/QUANTITY.md),521.2,0.0,0.0–13.18,2023-05-09,weights/lgbm,0eeebf43fcccd8c7c07f053b7ec723229d1a3c9b92d12eec1bdb269258c51470,0.63,-1.659516,35.516616,detection_zone
SZ-demo-cozar-2021-03-11-005,demo-cozar-2021-03-11,demo,S2B_30SXE_20210311_0_L2A,2021-03-11T11:01:15.637000Z,detected,"обнаружено детектором · вероятный плавающий материал, требует проверки",unavailable,,0.1947,1200,12,4,0.1949,6157.0,1.0,0.0,0.0,0.925,0.816,false,false,false,0,unverified,not_confirmed,концентрация по снимку не подтверждена,перевод площади в штуки не показываем: нет калибровочных пар (см. docs/QUANTITY.md),521.2,0.0,0.0–13.18,2023-05-09,weights/lgbm,0eeebf43fcccd8c7c07f053b7ec723229d1a3c9b92d12eec1bdb269258c51470,0.63,-1.573187,35.513913,detection_zone
SZ-demo-cozar-2021-03-11-006,demo-cozar-2021-03-11,demo,S2B_30SXE_20210311_0_L2A,2021-03-11T11:01:15.637000Z,detected,обнаружено детектором · совпадает с разметкой Cózar (B),unavailable,,0.6082,9200,92,17,0.6029,15259.6,1.0,0.0,0.0,0.988,0.82,false,false,false,1,level_B_cozar,not_confirmed,концентрация по снимку не подтверждена,перевод площади в штуки не показываем: нет калибровочных пар (см. docs/QUANTITY.md),521.2,0.0,0.0–13.18,2023-05-09,weights/lgbm,0eeebf43fcccd8c7c07f053b7ec723229d1a3c9b92d12eec1bdb269258c51470,0.63,-1.546091,35.510509,detection_zone
SZ-demo-cozar-2021-03-11-007,demo-cozar-2021-03-11,demo,S2B_30SXE_20210311_0_L2A,2021-03-11T11:01:15.637000Z,detected,обнаружено детектором · совпадает с разметкой Cózar (B),unavailable,,1.4461,41300,413,35,1.4418,28644.7,1.0,0.0,0.0,1.0,0.891,false,false,false,1,level_B_cozar,not_confirmed,концентрация по снимку не подтверждена,перевод площади в штуки не показываем: нет калибровочных пар (см. docs/QUANTITY.md),521.2,0.0,0.0–13.18,2023-05-09,weights/lgbm,0eeebf43fcccd8c7c07f053b7ec723229d1a3c9b92d12eec1bdb269258c51470,0.63,-1.567851,35.503069,detection_zone
SZ-demo-cozar-2021-03-11-008,demo-cozar-2021-03-11,demo,S2B_30SXE_20210311_0_L2A,2021-03-11T11:01:15.637000Z,detected,"обнаружено детектором · вероятный плавающий материал, требует проверки",unavailable,,0.0826,700,7,1,0.0835,8383.2,1.0,0.0,0.0,0.988,0.803,false,false,false,0,unverified,not_confirmed,концентрация по снимку не подтверждена,перевод площади в штуки не показываем: нет калибровочных пар (см. docs/QUANTITY.md),521.2,0.0,0.0–13.18,2023-05-09,weights/lgbm,0eeebf43fcccd8c7c07f053b7ec723229d1a3c9b92d12eec1bdb269258c51470,0.63,-1.554536,35.51119,detection_zone
SZ-demo-cozar-2021-03-11-009,demo-cozar-2021-03-11,demo,S2B_30SXE_20210311_0_L2A,2021-03-11T11:01:15.637000Z,detected,"обнаружено детектором · вероятный плавающий материал, требует проверки",unavailable,,0.1381,1100,11,5,0.1359,8094.2,1.0,0.0,0.0,0.98,0.832,false,false,false,0,unverified,not_confirmed,концентрация по снимку не подтверждена,перевод площади в штуки не показываем: нет калибровочных пар (см. docs/QUANTITY.md),521.2,0.0,0.0–13.18,2023-05-09,weights/lgbm,0eeebf43fcccd8c7c07f053b7ec723229d1a3c9b92d12eec1bdb269258c51470,0.63,-1.643841,35.508575,detection_zone
SZ-demo-cozar-2021-03-11-010,demo-cozar-2021-03-11,demo,S2B_30SXE_20210311_0_L2A,2021-03-11T11:01:15.637000Z,detected,обнаружено детектором · совпадает с разметкой Cózar (B),unavailable,,0.3814,5500,55,13,0.3824,14382.8,1.0,0.0,0.0,0.996,0.859,false,false,false,2,level_B_cozar,not_confirmed,концентрация по снимку не подтверждена,перевод площади в штуки не показываем: нет калибровочных пар (см. docs/QUANTITY.md),521.2,0.0,0.0–13.18,2023-05-09,weights/lgbm,0eeebf43fcccd8c7c07f053b7ec723229d1a3c9b92d12eec1bdb269258c51470,0.63,-1.653695,35.504723,detection_zone
SZ-demo-cozar-2021-03-11-011,demo-cozar-2021-03-11,demo,S2B_30SXE_20210311_0_L2A,2021-03-11T11:01:15.637000Z,detected,"обнаружено детектором · вероятный плавающий материал, требует проверки",unavailable,,0.0836,800,8,1,0.0836,9569.4,1.0,0.0,0.0,0.973,0.839,false,false,false,0,unverified,not_confirmed,концентрация по снимку не подтверждена,перевод площади в штуки не показываем: нет калибровочных пар (см. docs/QUANTITY.md),521.2,0.0,0.0–13.18,2023-05-09,weights/lgbm,0eeebf43fcccd8c7c07f053b7ec723229d1a3c9b92d12eec1bdb269258c51470,0.63,-1.58662,35.501967,detection_zone
SZ-demo-cozar-2021-03-11-012,demo-cozar-2021-03-11,demo,S2B_30SXE_20210311_0_L2A,2021-03-11T11:01:15.637000Z,detected,обнаружено детектором · совпадает с разметкой Cózar (B),unavailable,,1.168,24300,243,36,1.168,20804.8,1.0,0.0,0.0,1.0,0.862,false,false,false,1,level_B_cozar,not_confirmed,концентрация по снимку не подтверждена,перевод площади в штуки не показываем: нет калибровочных пар (см. docs/QUANTITY.md),521.2,0.0,0.0–13.18,2023-05-09,weights/lgbm,0eeebf43fcccd8c7c07f053b7ec723229d1a3c9b92d12eec1bdb269258c51470,0.63,-1.55368,35.495518,detection_zone
SZ-demo-cozar-2021-03-11-013,demo-cozar-2021-03-11,demo,S2B_30SXE_20210311_0_L2A,2021-03-11T11:01:15.637000Z,detected,обнаружено детектором · совпадает с разметкой Cózar (B),unavailable,,0.2634,3000,30,10,0.2658,11286.7,1.0,0.0,0.0,0.957,0.802,false,false,false,2,level_B_cozar,not_confirmed,концентрация по снимку не подтверждена,перевод площади в штуки не показываем: нет калибровочных пар (см. docs/QUANTITY.md),521.2,0.0,0.0–13.18,2023-05-09,weights/lgbm,0eeebf43fcccd8c7c07f053b7ec723229d1a3c9b92d12eec1bdb269258c51470,0.63,-1.646966,35.49644,detection_zone
SZ-demo-cozar-2021-03-11-014,demo-cozar-2021-03-11,demo,S2B_30SXE_20210311_0_L2A,2021-03-11T11:01:15.637000Z,detected,"обнаружено детектором · вероятный плавающий материал, требует проверки",unavailable,,0.1488,2400,24,3,0.1493,16075.0,1.0,0.0,0.0,0.992,0.883,false,false,false,0,unverified,not_confirmed,концентрация по снимку не подтверждена,перевод площади в штуки не показываем: нет калибровочных пар (см. docs/QUANTITY.md),521.2,0.0,0.0–13.18,2023-05-09,weights/lgbm,0eeebf43fcccd8c7c07f053b7ec723229d1a3c9b92d12eec1bdb269258c51470,0.63,-1.588688,35.497338,detection_zone
SZ-demo-cozar-2021-03-11-015,demo-cozar-2021-03-11,demo,S2B_30SXE_20210311_0_L2A,2021-03-11T11:01:15.637000Z,detected,обнаружено детектором · совпадает с разметкой Cózar (B),unavailable,,0.1453,1100,11,3,0.1456,7554.9,1.0,0.0,0.0,0.937,0.823,false,false,false,1,level_B_cozar,not_confirmed,концентрация по снимку не подтверждена,перевод площади в штуки не показываем: нет калибровочных пар (см. docs/QUANTITY.md),521.2,0.0,0.0–13.18,2023-05-09,weights/lgbm,0eeebf43fcccd8c7c07f053b7ec723229d1a3c9b92d12eec1bdb269258c51470,0.63,-1.633561,35.497144,detection_zone
SZ-demo-cozar-2021-03-11-016,demo-cozar-2021-03-11,demo,S2B_30SXE_20210311_0_L2A,2021-03-11T11:01:15.637000Z,detected,обнаружено детектором · совпадает с разметкой Cózar (B),unavailable,,4.1767,69100,691,133,4.1933,16478.7,1.0,0.0,0.0,1.0,0.874,false,false,false,2,level_B_cozar,not_confirmed,концентрация по снимку не подтверждена,перевод площади в штуки не показываем: нет калибровочных пар (см. docs/QUANTITY.md),521.2,0.0,0.0–13.18,2023-05-09,weights/lgbm,0eeebf43fcccd8c7c07f053b7ec723229d1a3c9b92d12eec1bdb269258c51470,0.63,-1.57964,35.4859,detection_zone
SZ-demo-cozar-2021-03-11-017,demo-cozar-2021-03-11,demo,S2B_30SXE_20210311_0_L2A,2021-03-11T11:01:15.637000Z,detected,обнаружено детектором · совпадает с разметкой Cózar (B),unavailable,,0.2508,2800,28,8,0.2513,11142.1,1.0,0.0,0.0,1.0,0.831,false,false,false,1,level_B_cozar,not_confirmed,концентрация по снимку не подтверждена,перевод площади в штуки не показываем: нет калибровочных пар (см. docs/QUANTITY.md),521.2,0.0,0.0–13.18,2023-05-09,weights/lgbm,0eeebf43fcccd8c7c07f053b7ec723229d1a3c9b92d12eec1bdb269258c51470,0.63,-1.62807,35.493151,detection_zone
SZ-demo-cozar-2021-03-11-018,demo-cozar-2021-03-11,demo,S2B_30SXE_20210311_0_L2A,2021-03-11T11:01:15.637000Z,detected,"обнаружено детектором · вероятный плавающий материал, требует проверки",unavailable,,0.1244,1200,12,3,0.1241,9669.6,1.0,0.0,0.0,0.937,0.791,false,false,false,0,unverified,not_confirmed,концентрация по снимку не подтверждена,перевод площади в штуки не показываем: нет калибровочных пар (см. docs/QUANTITY.md),521.2,0.0,0.0–13.18,2023-05-09,weights/lgbm,0eeebf43fcccd8c7c07f053b7ec723229d1a3c9b92d12eec1bdb269258c51470,0.63,-1.544888,35.492862,detection_zone
SZ-demo-cozar-2021-03-11-019,demo-cozar-2021-03-11,demo,S2B_30SXE_20210311_0_L2A,2021-03-11T11:01:15.637000Z,detected,"обнаружено детектором · вероятный плавающий материал, требует проверки",unavailable,,0.1168,1800,18,3,0.118,15254.2,1.0,0.0,0.0,0.996,0.928,false,false,false,0,unverified,not_confirmed,концентрация по снимку не подтверждена,перевод площади в штуки не показываем: нет калибровочных пар (см. docs/QUANTITY.md),521.2,0.0,0.0–13.18,2023-05-09,weights/lgbm,0eeebf43fcccd8c7c07f053b7ec723229d1a3c9b92d12eec1bdb269258c51470,0.63,-1.56606,35.492304,detection_zone
SZ-demo-cozar-2021-03-11-020,demo-cozar-2021-03-11,demo,S2B_30SXE_20210311_0_L2A,2021-03-11T11:01:15.637000Z,detected,"обнаружено детектором · вероятный плавающий материал, требует проверки",unavailable,,0.1229,1200,12,5,0.1242,9661.8,1.0,0.0,0.0,0.98,0.841,false,false,false,0,unverified,not_confirmed,концентрация по снимку не подтверждена,перевод площади в штуки не показываем: нет калибровочных пар (см. docs/QUANTITY.md),521.2,0.0,0.0–13.18,2023-05-09,weights/lgbm,0eeebf43fcccd8c7c07f053b7ec723229d1a3c9b92d12eec1bdb269258c51470,0.63,-1.601707,35.490333,detection_zone
SZ-demo-cozar-2021-03-11-021,demo-cozar-2021-03-11,demo,S2B_30SXE_20210311_0_L2A,2021-03-11T11:01:15.637000Z,detected,обнаружено детектором · совпадает с разметкой Cózar (B),unavailable,,0.4775,6100,61,20,0.4767,12796.3,1.0,0.0,0.0,0.957,0.788,false,false,false,1,level_B_cozar,not_confirmed,концентрация по снимку не подтверждена,перевод площади в штуки не показываем: нет калибровочных пар (см. docs/QUANTITY.md),521.2,0.0,0.0–13.18,2023-05-09,weights/lgbm,0eeebf43fcccd8c7c07f053b7ec723229d1a3c9b92d12eec1bdb269258c51470,0.63,-1.623137,35.481516,detection_zone
SZ-demo-cozar-2021-03-11-022,demo-cozar-2021-03-11,demo,S2B_30SXE_20210311_0_L2A,2021-03-11T11:01:15.637000Z,detected,обнаружено детектором · совпадает с разметкой Cózar (B),unavailable,,0.4285,3900,39,14,0.4332,9002.8,1.0,0.0,0.0,0.98,0.789,false,false,false,1,level_B_cozar,not_confirmed,концентрация по снимку не подтверждена,перевод площади в штуки не показываем: нет калибровочных пар (см. docs/QUANTITY.md),521.2,0.0,0.0–13.18,2023-05-09,weights/lgbm,0eeebf43fcccd8c7c07f053b7ec723229d1a3c9b92d12eec1bdb269258c51470,0.63,-1.601652,35.477305,detection_zone
SZ-demo-cozar-2021-03-11-023,demo-cozar-2021-03-11,demo,S2B_30SXE_20210311_0_L2A,2021-03-11T11:01:15.637000Z,detected,обнаружено детектором · совпадает с разметкой Cózar (B),unavailable,,0.3648,3400,34,11,0.3688,9219.1,1.0,0.0,0.0,0.969,0.817,false,false,false,1,level_B_cozar,not_confirmed,концентрация по снимку не подтверждена,перевод площади в штуки не показываем: нет калибровочных пар (см. docs/QUANTITY.md),521.2,0.0,0.0–13.18,2023-05-09,weights/lgbm,0eeebf43fcccd8c7c07f053b7ec723229d1a3c9b92d12eec1bdb269258c51470,0.63,-1.590012,35.472038,detection_zone
