event_id,transect,date,items_km2,hard_window_utc,hard_window_h,plausible_window_utc,plausible_reason,best_scene,best_scene_time,dt_min_abs_h,dt_max_abs_h,dt_plausible_h,n_same_day_scenes,quality,n_det_strip,det_px_drift_zone_high,drift_p95_km,level,why
S4:DOORS3:T1,T1,2024-06-02,192.54,02:30-06:10; 07:40-07:55; 08:40-14:25; 15:35-16:30,14.0,08:40-14:25,"after station BS066 (06:32-08:18, 6.8 km W), before AOT 15:01 at 29.733E (T1 west of it)",S2A_35TQJ_20240602_0_L2A,2024-06-02 08:58:16.484000,0.0,7.53,-5.45..0.3,2,35TQJ:accept,0.0,0.0,5.78,C,"same-day S2, pixels usable; NOT A: transect length/width/area and start-end times not published (mid-point + date only), item size 2.5 cm-? << 10 m pixel; detector 0 in strip"
S4:DOORS3:T2,T2,2024-06-02,439.84,03:25-05:20; 09:30-14:35; 15:25-17:25,14.0,15:25-17:25,AOT 15:01 at 29.733E lies between T1 and T2 mid-points; ship heading east -> T2 after it,S2A_35TQJ_20240602_0_L2A,2024-06-02 08:58:16.484000,0.53,8.45,-8.45..-6.45,2,35TQJ:accept,0.0,0.0,4.26,C,"same-day S2, pixels usable; NOT A: transect length/width/area and start-end times not published (mid-point + date only), item size 2.5 cm-? << 10 m pixel; detector 0 in strip"
S4:DOORS3:T3,T3,2024-06-03,686.06,02:20-06:45,4.42,,,,,,,,0,,,,,D,no optical scene on the survey day (nearest >= 15 h; drift over >=15 h at 0.2-0.5 m/s = 11-27+ km)
S4:DOORS3:T4,T4,2024-06-03,269.64,02:55-07:20,4.42,,,,,,,,0,,,,,D,no optical scene on the survey day (nearest >= 15 h; drift over >=15 h at 0.2-0.5 m/s = 11-27+ km)
S4:DOORS3:T5,T5,2024-06-03,389.72,03:55-08:20; 10:45-11:50,7.92,,,,,,,,0,,,,,D,no optical scene on the survey day (nearest >= 15 h; drift over >=15 h at 0.2-0.5 m/s = 11-27+ km)
S4:DOORS3:T6,T6,2024-06-03,268.24,05:25-07:55; 09:55-13:20,7.92,,,,,,,,0,,,,,D,no optical scene on the survey day (nearest >= 15 h; drift over >=15 h at 0.2-0.5 m/s = 11-27+ km)
S4:DOORS3:T7,T7,2024-06-03,131.17,06:25-07:00; 10:50-14:20,7.92,,,,,,,,0,,,,,D,no optical scene on the survey day (nearest >= 15 h; drift over >=15 h at 0.2-0.5 m/s = 11-27+ km)
S4:DOORS3:T8,T8,2024-06-03,217.98,11:30-15:05,3.58,,,,,,,,0,,,,,D,no optical scene on the survey day (nearest >= 15 h; drift over >=15 h at 0.2-0.5 m/s = 11-27+ km)
S4:DOORS3:T9,T9,2024-06-03,164.29,12:35-16:10,3.58,,,,,,,,0,,,,,D,no optical scene on the survey day (nearest >= 15 h; drift over >=15 h at 0.2-0.5 m/s = 11-27+ km)
S4:DOORS3:T10,T10,2024-06-03,256.07,13:35-17:10,3.58,,,,,,,,0,,,,,D,no optical scene on the survey day (nearest >= 15 h; drift over >=15 h at 0.2-0.5 m/s = 11-27+ km)
S4:DOORS3:T11,T11,2024-06-04,62.52,02:05-06:50,4.75,,,,,,,,0,,,,,D,no optical scene on the survey day (nearest >= 15 h; drift over >=15 h at 0.2-0.5 m/s = 11-27+ km)
S4:DOORS3:T12,T12,2024-06-04,48.97,03:35-08:20,4.75,,,,,,,,0,,,,,D,no optical scene on the survey day (nearest >= 15 h; drift over >=15 h at 0.2-0.5 m/s = 11-27+ km)
S4:DOORS3:T13,T13,2024-06-04,263.57,04:50-09:35,4.75,,,,,,,,0,,,,,D,no optical scene on the survey day (nearest >= 15 h; drift over >=15 h at 0.2-0.5 m/s = 11-27+ km)
S4:DOORS3:T14,T14,2024-06-04,89.39,06:15-11:00,4.75,,,,,,,,0,,,,,D,no optical scene on the survey day (nearest >= 15 h; drift over >=15 h at 0.2-0.5 m/s = 11-27+ km)
S4:DOORS3:T15,T15,2024-06-04,127.14,07:10-11:55,4.75,,,,,,,,0,,,,,D,no optical scene on the survey day (nearest >= 15 h; drift over >=15 h at 0.2-0.5 m/s = 11-27+ km)
S4:DOORS3:T16,T16,2024-06-04,64.91,08:15-13:00; 13:45-15:40,7.42,,,,,,,,0,,,,,D,no optical scene on the survey day (nearest >= 15 h; drift over >=15 h at 0.2-0.5 m/s = 11-27+ km)
S4:DOORS3:T17,T17,2024-06-04,89.61,09:25-12:30; 14:15-16:50,7.42,,,,,,,,0,,,,,D,no optical scene on the survey day (nearest >= 15 h; drift over >=15 h at 0.2-0.5 m/s = 11-27+ km)
S4:DOORS3:T18,T18,2024-06-05,348.74,01:50-05:00; 05:55-15:55,14.08,01:50-05:00,AOT 05:29 at 41.167E lies between T18 (41.069E) and T19 (41.248E); eastbound -> T18 before it,S2B_37TFG_20240605_0_L2A,2024-06-05 08:18:24.671000,0.0,7.61,3.31..6.47,1,37TFG:accept,0.0,0.0,7.01,C,"same-day S2, pixels usable; NOT A: transect length/width/area and start-end times not published (mid-point + date only), item size 2.5 cm-? << 10 m pixel; detector 0 in strip"
S4:DOORS3:T19,T19,2024-06-05,544.69,02:35-05:05; 05:50-16:40,14.08,05:50-08:00,after AOT 05:29 (eastbound); upper bound = assumption (no fix until 06.06 07:12),S2B_37TFG_20240605_0_L2A,2024-06-05 08:18:24.671000,0.0,8.36,0.31..2.47,1,37TFG:accept,0.0,0.0,7.48,C,"same-day S2, pixels usable; NOT A: transect length/width/area and start-end times not published (mid-point + date only), item size 2.5 cm-? << 10 m pixel; detector 0 in strip"
S4:DOORS3:T20,T20,2024-06-07,224.92,01:45-05:05; 07:00-08:45; 10:30-10:55; 12:30-13:05; 14:40-15:45,14.0,,,S2A_38TKM_20240607_0_L2A,2024-06-07 08:08:28.034000,0.0,7.61,,2,37TGG:reject(glint);38TKM:reject(glint),,,2.88,D,same-day scene rejected by quality mask: glint
S4:DOORS3:T21,T21,2024-06-07,67.34,02:35-04:30; 07:30-09:35; 09:45-11:35; 11:45-13:30; 14:10-16:35,14.0,,,S2A_38TKM_20240607_0_L2A,2024-06-07 08:08:28.034000,0.0,8.44,,2,37TGG:reject(glint);38TKM:reject(glint),,,3.2,D,same-day scene rejected by quality mask: glint
S4:DOORS3:T22,T22,2024-06-09,814.08,01:45-05:30; 05:55-06:15; 06:40-16:40,14.92,,,,,,,,0,,,,,D,no optical scene on the survey day (nearest >= 15 h; drift over >=15 h at 0.2-0.5 m/s = 11-27+ km)
S4:DOORS3:T23,T23,2024-06-10,102.37,01:45-06:35; 08:00-09:35; 10:10-13:05; 13:50-15:50,14.08,,,S2A_37TGG_20240610_0_L2A,2024-06-10 08:18:24.417000,0.0,7.53,,5,37TGG:reject(cloud);37TGH:reject(cloud);38TKM:reject(cloud),,,5.14,D,same-day scene rejected by quality mask: cloud
S4:DOORS3:T24,T24,2024-06-10,600.49,02:35-07:00; 07:35-08:50; 10:55-12:55; 14:00-16:40,14.08,,,S2A_37TGG_20240610_0_L2A,2024-06-10 08:18:24.417000,0.0,8.36,,3,37TGG:reject(cloud);38TKM:reject(cloud),,,3.78,D,same-day scene rejected by quality mask: cloud
S4:DOORS3:T25,T25,2024-06-11,976.01,01:45-03:40; 05:15-05:40; 08:20-12:30; 13:20-16:40,14.92,,,,,,,,0,,,,,D,no optical scene on the survey day (nearest >= 15 h; drift over >=15 h at 0.2-0.5 m/s = 11-27+ km)
S4:DOORS3:T26,T26,2024-06-14,85.69,01:50-05:10; 09:55-11:30,9.67,,,,,,,,0,,,,,D,no optical scene on the survey day (nearest >= 15 h; drift over >=15 h at 0.2-0.5 m/s = 11-27+ km)
S4:DOORS3:T27,T27,2024-06-14,144.3,03:05-03:55; 11:10-12:45; 14:05-15:20,12.25,,,,,,,,0,,,,,D,no optical scene on the survey day (nearest >= 15 h; drift over >=15 h at 0.2-0.5 m/s = 11-27+ km)
S4:DOORS3:T28,T28,2024-06-14,356.56,14:20-16:45,2.42,,,,,,,,0,,,,,D,no optical scene on the survey day (nearest >= 15 h; drift over >=15 h at 0.2-0.5 m/s = 11-27+ km)
S4:DOORS3:T29,T29,2024-06-15,85.96,02:00-16:55,14.92,,,,,,,,0,,,,,D,no optical scene on the survey day (nearest >= 15 h; drift over >=15 h at 0.2-0.5 m/s = 11-27+ km)
S4:DOORS3:T30,T30,2024-06-17,587.41,02:25-05:05; 08:35-11:15,8.83,08:35-11:15,"west of station BS088 (06:17-07:23, 31.80E), westbound to BS089 (14:37, 30.69E); order T30<T31<T32",S2B_36TUN_20240617_0_L2A,2024-06-17 08:58:25.997000,0.0,6.56,-2.28..0.39,1,36TUN:accept,0.0,0.0,6.06,C,"same-day S2, pixels usable; NOT A: transect length/width/area and start-end times not published (mid-point + date only), item size 2.5 cm-? << 10 m pixel; detector 0 in strip"
S4:DOORS3:T31,T31,2024-06-17,345.29,03:25-04:05; 09:35-12:15,8.83,09:35-12:15,same leg BS088 -> BS089,S2B_36TUN_20240617_0_L2A,2024-06-17 08:58:25.997000,0.61,5.56,-3.28..-0.61,1,36TUN:accept,0.0,0.0,5.47,C,"same-day S2, pixels usable; NOT A: transect length/width/area and start-end times not published (mid-point + date only), item size 2.5 cm-? << 10 m pixel; detector 0 in strip"
S4:DOORS3:T32,T32,2024-06-17,198.51,10:50-13:30; 15:55-17:25,6.58,10:50-13:30,same leg BS088 -> BS089,S2B_36TUN_20240617_0_L2A,2024-06-17 08:58:25.997000,1.86,8.44,-4.53..-1.86,1,36TUN:accept,0.0,0.0,11.52,C,"same-day S2, pixels usable; NOT A: transect length/width/area and start-end times not published (mid-point + date only), item size 2.5 cm-? << 10 m pixel; detector 0 in strip"
S4:DOORS3:T33,T33,2024-06-18,340.86,02:30-03:35; 16:45-17:35,15.08,,,LC09_L2SP_180030_20240618_02_T1,2024-06-18 08:44:09.153463,5.15,8.85,,1,,,,4.39,C,"same-day Landsat only (QA mask, no detector)"
