obj,acq,n_px,n_flag,fil_idx,tile,date,rel_orbit,lat_centroid,lon_centroid,n_pixels_fil,hit,cell1,year,dt_orbit,frac
features_cozar2024_l2a:30STE_20180328:cozar:52,30STE_20180328,93,24,52,30STE,2018-03-28,137,35.730305,-5.20642,93,True,35_-6,2018,2018-03-28_R137,0.25806451612903225
features_cozar2024_l2a:30SVD_20200326:cozar:9193,30SVD_20200326,7,0,9193,30SVD,2020-03-26,51,35.229623,-3.182699,7,False,35_-4,2020,2020-03-26_R51,0.0
features_cozar2024_l2a:30SVE_20150924:cozar:160,30SVE_20150924,15,10,160,30SVE,2015-09-24,51,35.356522,-3.106052,15,True,35_-4,2015,2015-09-24_R51,0.6666666666666666
features_cozar2024_l2a:30SVF_20191016:cozar:260,30SVF_20191016,18,0,260,30SVF,2019-10-16,94,36.712207,-2.895977,18,False,36_-3,2019,2019-10-16_R94,0.0
features_cozar2024_l2a:30SWE_20180921:cozar:289,30SWE_20180921,22,2,289,30SWE,2018-09-21,94,35.958142,-2.900293,22,True,35_-3,2018,2018-09-21_R94,0.09090909090909091
features_cozar2024_l2a:30SWE_20190208:cozar:290,30SWE_20190208,22,0,290,30SWE,2019-02-08,94,35.560534,-2.777711,22,False,35_-3,2019,2019-02-08_R94,0.0
features_cozar2024_l2a:30SWE_20210324:cozar:9560,30SWE_20210324,93,70,9560,30SWE,2021-03-24,94,35.377538,-2.939265,93,True,35_-3,2021,2021-03-24_R94,0.7526881720430108
features_cozar2024_l2a:30SYE_20180905:cozar:456,30SYE_20180905,90,0,456,30SYE,2018-09-05,8,35.815193,-0.180668,90,False,35_-1,2018,2018-09-05_R8,0.0
features_cozar2024_l2a:30SYE_20181122:cozar:9637,30SYE_20181122,19,2,9637,30SYE,2018-11-22,51,36.092882,-0.66092,19,True,36_-1,2018,2018-11-22_R51,0.10526315789473684
features_cozar2024_l2a:30SYH_20200126:cozar:9678,30SYH_20200126,14,0,9678,30SYH,2020-01-26,51,38.696424,0.181215,14,False,38_0,2020,2020-01-26_R51,0.0
features_cozar2024_l2a:31SBC_20180622:cozar:9731,31SBC_20180622,23,2,9731,31SBC,2018-06-22,8,38.172787,-0.045469,23,True,38_-1,2018,2018-06-22_R8,0.08695652173913043
features_cozar2024_l2a:31SBC_20200517:cozar:574,31SBC_20200517,13,0,574,31SBC,2020-05-17,8,38.573557,0.13814,13,False,38_0,2020,2020-05-17_R8,0.0
features_cozar2024_l2a:31SBD_20200131:cozar:606,31SBD_20200131,48,0,606,31SBD,2020-01-31,51,39.529002,0.784204,48,False,39_0,2020,2020-01-31_R51,0.0
features_cozar2024_l2a:31SDA_20181005:cozar:678,31SDA_20181005,30,0,678,31SDA,2018-10-05,8,36.65465,2.11517,30,False,36_2,2018,2018-10-05_R8,0.0
features_cozar2024_l2a:31SDA_20190425:cozar:9788,31SDA_20190425,28,3,9788,31SDA,2019-04-25,108,36.600184,2.46903,28,True,36_2,2019,2019-04-25_R108,0.10714285714285714
features_cozar2024_l2a:31SDC_20190428:cozar:9899,31SDC_20190428,32,2,9899,31SDC,2019-04-28,8,38.622858,2.580798,32,True,38_2,2019,2019-04-28_R8,0.0625
features_cozar2024_l2a:31SDD_20200929:cozar:9909,31SDD_20200929,38,23,9909,31SDD,2020-09-29,8,39.730538,2.245729,38,True,39_2,2020,2020-09-29_R8,0.6052631578947368
features_cozar2024_l2a:31SED_20150928:cozar:765,31SED_20150928,11,0,765,31SED,2015-09-28,108,39.576333,3.769811,11,False,39_3,2015,2015-09-28_R108,0.0
features_cozar2024_l2a:31SED_20190309:cozar:9993,31SED_20190309,126,25,9993,31SED,2019-03-09,8,39.399702,3.771413,126,True,39_3,2019,2019-03-09_R8,0.1984126984126984
features_cozar2024_l2a:31SED_20200409:cozar:9996,31SED_20200409,26,4,9996,31SED,2020-04-09,108,39.623559,3.543125,26,True,39_3,2020,2020-04-09_R108,0.15384615384615385
features_cozar2024_l2a:31SFA_20191101:cozar:10017,31SFA_20191101,10,0,10017,31SFA,2019-11-01,108,36.841502,4.9524,10,False,36_4,2019,2019-11-01_R108,0.0
features_cozar2024_l2a:31SFA_20201222:cozar:10013,31SFA_20201222,36,0,10013,31SFA,2020-12-22,65,36.936878,5.199794,36,False,36_5,2020,2020-12-22_R65,0.0
features_cozar2024_l2a:31SFD_20160624:cozar:865,31SFD_20160624,64,15,865,31SFD,2016-06-24,108,39.278329,4.444497,64,True,39_4,2016,2016-06-24_R108,0.234375
features_cozar2024_l2a:31SGD_20190402:cozar:10210,31SGD_20190402,74,0,10210,31SGD,2019-04-02,65,39.224326,5.950073,74,False,39_5,2019,2019-04-02_R65,0.0
features_cozar2024_l2a:31TCE_20170307:cozar:982,31TCE_20170307,46,0,982,31TCE,2017-03-07,51,40.577694,0.749188,46,False,40_0,2017,2017-03-07_R51,0.0
features_cozar2024_l2a:31TCE_20200929:cozar:10259,31TCE_20200929,14,0,10259,31TCE,2020-09-29,8,40.173422,1.162929,14,False,40_1,2020,2020-09-29_R8,0.0
features_cozar2024_l2a:31TCE_20210323:cozar:978,31TCE_20210323,32,0,978,31TCE,2021-03-23,8,40.512781,1.361759,32,False,40_1,2021,2021-03-23_R8,0.0
features_cozar2024_l2a:31TCF_20180329:cozar:1015,31TCF_20180329,57,0,1015,31TCF,2018-03-29,8,40.71258,0.917052,57,False,40_0,2018,2018-03-29_R8,0.0
features_cozar2024_l2a:31TCF_20210313:cozar:1035,31TCF_20210313,51,11,1035,31TCF,2021-03-13,8,40.720923,1.053715,51,True,40_1,2021,2021-03-13_R8,0.21568627450980393
features_cozar2024_l2a:31TDH_20161015:cozar:1161,31TDH_20161015,111,1,1161,31TDH,2016-10-15,8,42.968964,3.07946,111,True,42_3,2016,2016-10-15_R8,0.009009009009009009
features_cozar2024_l2a:31TEF_20160823:cozar:1177,31TEF_20160823,33,0,1177,31TEF,2016-08-23,108,41.308914,3.670985,33,False,41_3,2016,2016-08-23_R108,0.0
features_cozar2024_l2a:31TEG_20200424:cozar:1195,31TEG_20200424,99,0,1195,31TEG,2020-04-24,108,42.201286,3.747755,99,False,42_3,2020,2020-04-24_R108,0.0
features_cozar2024_l2a:31TEH_20181025:cozar:1213,31TEH_20181025,17,6,1213,31TEH,2018-10-25,8,42.814029,3.011561,17,True,42_3,2018,2018-10-25_R8,0.35294117647058826
features_cozar2024_l2a:31TEJ_20180420:cozar:10346,31TEJ_20180420,53,0,10346,31TEJ,2018-04-20,108,43.407853,4.179002,53,False,43_4,2018,2018-04-20_R108,0.0
features_cozar2024_l2a:31TFE_20171119:cozar:1232,31TFE_20171119,65,0,1232,31TFE,2017-11-19,8,40.577421,4.228755,65,False,40_4,2017,2017-11-19_R8,0.0
features_cozar2024_l2a:31TFF_20150812:cozar:1242,31TFF_20150812,96,0,1242,31TFF,2015-08-12,8,41.453336,4.246682,96,False,41_4,2015,2015-08-12_R8,0.0
features_cozar2024_l2a:31TGH_20200807:cozar:10608,31TGH_20200807,18,0,10608,31TGH,2020-08-07,108,43.010725,6.037901,18,False,43_6,2020,2020-08-07_R108,0.0
features_cozar2024_l2a:32SKF_20180407:cozar:10633,32SKF_20180407,74,7,10633,32SKF,2018-04-07,65,36.822044,5.876009,74,True,36_5,2018,2018-04-07_R65,0.0945945945945946
features_cozar2024_l2a:32SKF_20181218:cozar:1561,32SKF_20181218,15,2,1561,32SKF,2018-12-18,65,36.933277,6.793765,15,True,36_6,2018,2018-12-18_R65,0.13333333333333333
features_cozar2024_l2a:32SKF_20200216:cozar:10642,32SKF_20200216,14,0,10642,32SKF,2020-02-16,65,36.836579,5.883273,14,False,36_5,2020,2020-02-16_R65,0.0
features_cozar2024_l2a:32SLG_20191225:cozar:10704,32SLG_20191225,92,1,10704,32SLG,2019-12-25,22,37.058626,7.192317,92,True,37_7,2019,2019-12-25_R22,0.010869565217391304
features_cozar2024_l2a:32SMF_20171128:cozar:10721,32SMF_20171128,12,0,10721,32SMF,2017-11-28,65,36.872641,7.9345,12,False,36_7,2017,2017-11-28_R65,0.0
features_cozar2024_l2a:32SMF_20190310:cozar:10716,32SMF_20190310,39,19,10716,32SMF,2019-03-10,22,36.952944,8.120816,39,True,36_8,2019,2019-03-10_R22,0.48717948717948717
features_cozar2024_l2a:32SND_20170913:cozar:10743,32SND_20170913,49,0,10743,32SND,2017-09-13,122,34.264648,10.165033,49,False,34_10,2017,2017-09-13_R122,0.0
features_cozar2024_l2a:32SND_20180126:cozar:1691,32SND_20180126,83,7,1691,32SND,2018-01-26,122,34.305042,10.126232,83,True,34_10,2018,2018-01-26_R122,0.08433734939759036
features_cozar2024_l2a:32SND_20201101:cozar:1695,32SND_20201101,10,0,1695,32SND,2020-11-01,122,34.300939,10.179496,10,False,34_10,2020,2020-11-01_R122,0.0
features_cozar2024_l2a:32SPB_20200830:cozar:1740,32SPB_20200830,49,0,1740,32SPB,2020-08-30,79,33.278347,11.216896,49,False,33_11,2020,2020-08-30_R79,0.0
features_cozar2024_l2a:32SPC_20181212:cozar:1783,32SPC_20181212,215,0,1783,32SPC,2018-12-12,122,34.285707,10.369269,215,False,34_10,2018,2018-12-12_R122,0.0
features_cozar2024_l2a:32SPD_20150929:cozar:1850,32SPD_20150929,40,0,1850,32SPD,2015-09-29,122,34.305824,10.175254,40,False,34_10,2015,2015-09-29_R122,0.0
features_cozar2024_l2a:32SPD_20160307:cozar:1855,32SPD_20160307,11,0,1855,32SPD,2016-03-07,122,34.286397,10.33954,11,False,34_10,2016,2016-03-07_R122,0.0
features_cozar2024_l2a:32SPD_20180829:cozar:10840,32SPD_20180829,51,0,10840,32SPD,2018-08-29,122,34.939261,11.028797,51,False,34_11,2018,2018-08-29_R122,0.0
features_cozar2024_l2a:32SPD_20190824:cozar:10895,32SPD_20190824,30,0,10895,32SPD,2019-08-24,122,34.964316,10.931243,30,False,34_10,2019,2019-08-24_R122,0.0
features_cozar2024_l2a:32SPD_20201126:cozar:11001,32SPD_20201126,70,0,11001,32SPD,2020-11-26,122,34.285476,11.177417,70,False,34_11,2020,2020-11-26_R122,0.0
features_cozar2024_l2a:32SQB_20180821:cozar:2272,32SQB_20180821,41,1,2272,32SQB,2018-08-21,79,33.256598,11.360649,41,True,33_11,2018,2018-08-21_R79,0.024390243902439025
features_cozar2024_l2a:32SQB_20191005:cozar:2305,32SQB_20191005,32,0,2305,32SQB,2019-10-05,79,33.316014,11.329147,32,False,33_11,2019,2019-10-05_R79,0.0
features_cozar2024_l2a:32SQB_20191102:cozar:11056,32SQB_20191102,92,2,11056,32SQB,2019-11-02,122,33.225264,11.343697,92,True,33_11,2019,2019-11-02_R122,0.021739130434782608
features_cozar2024_l2a:32SQC_20160712:cozar:2331,32SQC_20160712,25,0,2331,32SQC,2016-07-12,79,33.314669,11.262625,25,False,33_11,2016,2016-07-12_R79,0.0
features_cozar2024_l2a:32SQC_20181005:cozar:11066,32SQC_20181005,11,0,11066,32SQC,2018-10-05,79,33.340963,11.634261,11,False,33_11,2018,2018-10-05_R79,0.0
features_cozar2024_l2a:32SQC_20191114:cozar:2360,32SQC_20191114,34,0,2360,32SQC,2019-11-14,79,33.873036,11.435765,34,False,33_11,2019,2019-11-14_R79,0.0
features_cozar2024_l2a:32SQD_20171023:cozar:11106,32SQD_20171023,121,0,11106,32SQD,2017-10-23,122,34.915246,11.284917,121,False,34_11,2017,2017-10-23_R122,0.0
features_cozar2024_l2a:32SQD_20181104:cozar:11105,32SQD_20181104,48,0,11105,32SQD,2018-11-04,79,35.023558,11.619573,48,False,35_11,2018,2018-11-04_R79,0.0
features_cozar2024_l2a:32SQH_20170210:cozar:2431,32SQH_20170210,61,0,2431,32SQH,2017-02-10,122,38.057758,12.392308,61,False,38_12,2017,2017-02-10_R122,0.0
features_cozar2024_l2a:32TKK_20170410:cozar:2441,32TKK_20170410,52,0,2441,32TKK,2017-04-10,108,40.302041,5.749632,52,False,40_5,2017,2017-04-10_R108,0.0
features_cozar2024_l2a:32TLN_20170407:cozar:2546,32TLN_20170407,24,4,2546,32TLN,2017-04-07,65,42.731665,7.143814,24,True,42_7,2017,2017-04-07_R65,0.16666666666666666
features_cozar2024_l2a:32TLN_20180326:cozar:2660,32TLN_20180326,20,0,2660,32TLN,2018-03-26,108,43.278344,7.652661,20,False,43_7,2018,2018-03-26_R108,0.0
features_cozar2024_l2a:32TLN_20201122:cozar:11235,32TLN_20201122,35,0,11235,32TLN,2020-11-22,65,43.20646,6.756311,35,False,43_6,2020,2020-11-22_R65,0.0
features_cozar2024_l2a:32TML_20190206:cozar:2768,32TML_20190206,41,2,2768,32TML,2019-02-06,65,40.869855,8.434868,41,True,40_8,2019,2019-02-06_R65,0.04878048780487805
features_cozar2024_l2a:32TMN_20151124:cozar:2804,32TMN_20151124,95,10,2804,32TMN,2015-11-24,65,42.453051,8.651468,95,True,42_8,2015,2015-11-24_R65,0.10526315789473684
features_cozar2024_l2a:32TMN_20190726:cozar:2828,32TMN_20190726,29,1,2828,32TMN,2019-07-26,65,42.525146,8.65538,29,True,42_8,2019,2019-07-26_R65,0.034482758620689655
features_cozar2024_l2a:32TMP_20191009:cozar:11326,32TMP_20191009,21,0,11326,32TMP,2019-10-09,65,43.979902,8.481914,21,False,43_8,2019,2019-10-09_R65,0.0
features_cozar2024_l2a:32TNK_20160519:cozar:2955,32TNK_20160519,20,0,2955,32TNK,2016-05-19,22,39.72699,10.189908,20,False,39_10,2016,2016-05-19_R22,0.0
features_cozar2024_l2a:32TNL_20181021:cozar:11357,32TNL_20181021,18,0,11357,32TNL,2018-10-21,22,41.383098,9.680166,18,False,41_9,2018,2018-10-21_R22,0.0
features_cozar2024_l2a:32TNM_20200722:cozar:11361,32TNM_20200722,13,0,11361,32TNM,2020-07-22,22,42.381233,9.648764,13,False,42_9,2020,2020-07-22_R22,0.0
features_cozar2024_l2a:32TNN_20150724:cozar:2996,32TNN_20150724,296,0,2996,32TNN,2015-07-24,22,42.861058,9.671115,296,False,42_9,2015,2015-07-24_R22,0.0
features_cozar2024_l2a:32TNN_20171031:cozar:3011,32TNN_20171031,21,6,3011,32TNN,2017-10-31,22,42.81739,9.17357,21,True,42_9,2017,2017-10-31_R22,0.2857142857142857
features_cozar2024_l2a:32TNP_20190216:cozar:3103,32TNP_20190216,18,7,3103,32TNP,2019-02-16,65,43.812172,10.150848,18,True,43_10,2019,2019-02-16_R65,0.3888888888888889
features_cozar2024_l2a:32TNP_20210324:cozar:3057,32TNP_20210324,20,0,3057,32TNP,2021-03-24,22,43.848257,10.215258,20,False,43_10,2021,2021-03-24_R22,0.0
features_cozar2024_l2a:32TPP_20201018:cozar:3191,32TPP_20201018,20,0,3191,32TPP,2020-10-18,65,43.57307,10.27187,20,False,43_10,2020,2020-10-18_R65,0.0
features_cozar2024_l2a:32TQL_20210311:cozar:3198,32TQL_20210311,21,1,3198,32TQL,2021-03-11,122,41.501929,12.520031,21,True,41_12,2021,2021-03-11_R122,0.047619047619047616
features_cozar2024_l2a:32TQM_20161115:cozar:3208,32TQM_20161115,15,0,3208,32TQM,2016-11-15,22,42.035931,11.804303,15,False,42_11,2016,2016-11-15_R22,0.0
features_cozar2024_l2a:32TQM_20210319:cozar:11392,32TQM_20210319,23,1,11392,32TQM,2021-03-19,22,42.351397,11.508034,23,True,42_11,2021,2021-03-19_R22,0.043478260869565216
features_cozar2024_l2a:32TQP_20200220:cozar:11429,32TQP_20200220,46,7,11429,32TQP,2020-02-20,122,44.195529,12.427752,46,True,44_12,2020,2020-02-20_R122,0.15217391304347827
features_cozar2024_l2a:32TQP_20200709:cozar:11431,32TQP_20200709,14,0,11431,32TQP,2020-07-09,122,44.136901,12.547714,14,False,44_12,2020,2020-07-09_R122,0.0
features_cozar2024_l2a:32TQQ_20160429:cozar:3298,32TQQ_20160429,16,0,3298,32TQQ,2016-04-29,22,44.820392,12.568881,16,False,44_12,2016,2016-04-29_R22,0.0
features_cozar2024_l2a:32TQQ_20160605:cozar:3547,32TQQ_20160605,9,0,3547,32TQQ,2016-06-05,122,45.009911,12.622074,9,False,45_12,2016,2016-06-05_R122,0.0
features_cozar2024_l2a:32TQQ_20160625:cozar:3551,32TQQ_20160625,33,10,3551,32TQQ,2016-06-25,122,45.104617,12.411729,33,True,45_12,2016,2016-06-25_R122,0.30303030303030304
features_cozar2024_l2a:32TQQ_20160804:cozar:3565,32TQQ_20160804,13,0,3565,32TQQ,2016-08-04,122,44.771278,12.248987,13,False,44_12,2016,2016-08-04_R122,0.0
features_cozar2024_l2a:32TQQ_20170725:cozar:11526,32TQQ_20170725,34,0,11526,32TQQ,2017-07-25,122,45.082067,12.373958,34,False,45_12,2017,2017-07-25_R122,0.0
features_cozar2024_l2a:32TQQ_20180620:cozar:11585,32TQQ_20180620,56,0,11585,32TQQ,2018-06-20,122,44.7128,12.232253,56,False,44_12,2018,2018-06-20_R122,0.0
features_cozar2024_l2a:32TQQ_20180908:cozar:11623,32TQQ_20180908,45,0,11623,32TQQ,2018-09-08,122,44.896931,12.455208,45,False,44_12,2018,2018-09-08_R122,0.0
features_cozar2024_l2a:32TQQ_20181003:cozar:3790,32TQQ_20181003,91,3,3790,32TQQ,2018-10-03,122,45.074641,12.533178,91,True,45_12,2018,2018-10-03_R122,0.03296703296703297
features_cozar2024_l2a:32TQQ_20181013:cozar:3795,32TQQ_20181013,264,14,3795,32TQQ,2018-10-13,122,44.37126,12.377677,264,True,44_12,2018,2018-10-13_R122,0.05303030303030303
features_cozar2024_l2a:32TQQ_20190302:cozar:3800,32TQQ_20190302,406,129,3800,32TQQ,2019-03-02,122,44.666133,12.52362,406,True,44_12,2019,2019-03-02_R122,0.31773399014778325
features_cozar2024_l2a:32TQQ_20190630:cozar:3855,32TQQ_20190630,199,0,3855,32TQQ,2019-06-30,122,44.770532,12.360519,199,False,44_12,2019,2019-06-30_R122,0.0
features_cozar2024_l2a:32TQQ_20200719:cozar:11730,32TQQ_20200719,75,0,11730,32TQQ,2020-07-19,122,44.845076,12.798527,75,False,44_12,2020,2020-07-19_R122,0.0
features_cozar2024_l2a:32TQQ_20200808:cozar:11732,32TQQ_20200808,52,1,11732,32TQQ,2020-08-08,122,44.743397,12.412088,52,True,44_12,2020,2020-08-08_R122,0.019230769230769232
features_cozar2024_l2a:32TQQ_20200907:cozar:11740,32TQQ_20200907,36,1,11740,32TQQ,2020-09-07,122,44.548493,12.51645,36,True,44_12,2020,2020-09-07_R122,0.027777777777777776
features_cozar2024_l2a:32TQR_20150711:cozar:4136,32TQR_20150711,30,0,4136,32TQR,2015-07-11,122,45.492014,12.705924,30,False,45_12,2015,2015-07-11_R122,0.0
features_cozar2024_l2a:32TQR_20150803:cozar:3976,32TQR_20150803,34,19,3976,32TQR,2015-08-03,22,45.308701,12.379671,34,True,45_12,2015,2015-08-03_R22,0.5588235294117647
features_cozar2024_l2a:32TQR_20150830:cozar:4163,32TQR_20150830,51,10,4163,32TQR,2015-08-30,122,45.010035,12.617065,51,True,45_12,2015,2015-08-30_R122,0.19607843137254902
features_cozar2024_l2a:32TQR_20180720:cozar:11860,32TQR_20180720,18,0,11860,32TQR,2018-07-20,122,45.49323,12.61646,18,False,45_12,2018,2018-07-20_R122,0.0
features_cozar2024_l2a:32TQR_20180804:cozar:4287,32TQR_20180804,27,2,4287,32TQR,2018-08-04,122,45.201139,12.331765,27,True,45_12,2018,2018-08-04_R122,0.07407407407407407
features_cozar2024_l2a:32TQR_20190703:cozar:4073,32TQR_20190703,119,0,4073,32TQR,2019-07-03,22,45.312734,12.300771,119,False,45_12,2019,2019-07-03_R22,0.0
features_cozar2024_l2a:32TQR_20190916:cozar:11796,32TQR_20190916,29,0,11796,32TQR,2019-09-16,22,45.030278,12.638241,29,False,45_12,2019,2019-09-16_R22,0.0
features_cozar2024_l2a:32TQR_20200614:cozar:4376,32TQR_20200614,10,0,4376,32TQR,2020-06-14,122,45.423689,12.546915,10,False,45_12,2020,2020-06-14_R122,0.0
features_cozar2024_l2a:32TQR_20200702:cozar:11801,32TQR_20200702,21,2,11801,32TQR,2020-07-02,22,45.359049,12.503718,21,True,45_12,2020,2020-07-02_R22,0.09523809523809523
features_cozar2024_l2a:32TQR_20200709:cozar:11951,32TQR_20200709,74,0,11951,32TQR,2020-07-09,122,45.577188,12.906072,74,False,45_12,2020,2020-07-09_R122,0.0
features_cozar2024_l2a:32TQR_20200905:cozar:4100,32TQR_20200905,14,0,4100,32TQR,2020-09-05,22,45.263574,12.361637,14,False,45_12,2020,2020-09-05_R22,0.0
features_cozar2024_l2a:32TQR_20210425:cozar:12000,32TQR_20210425,27,4,12000,32TQR,2021-04-25,122,45.324831,12.705199,27,True,45_12,2021,2021-04-25_R122,0.14814814814814814
features_cozar2024_l2a:33STU_20201106:cozar:12101,33STU_20201106,18,0,12101,33STU,2020-11-06,122,34.494486,11.765134,18,False,34_11,2020,2020-11-06_R122,0.0
features_cozar2024_l2a:33STV_20180809:cozar:12109,33STV_20180809,10,0,12109,33STV,2018-08-09,122,35.788682,11.707024,10,False,35_11,2018,2018-08-09_R122,0.0
features_cozar2024_l2a:33SUB_20161129:cozar:4565,33SUB_20161129,27,0,4565,33SUB,2016-11-29,79,37.009726,13.019527,27,False,37_13,2016,2016-11-29_R79,0.0
features_cozar2024_l2a:33SVA_20190108:cozar:4659,33SVA_20190108,11,0,4659,33SVA,2019-01-08,79,37.022199,14.122961,11,False,37_14,2019,2019-01-08_R79,0.0
features_cozar2024_l2a:33SVA_20200919:cozar:4662,33SVA_20200919,42,0,4662,33SVA,2020-09-19,79,36.895403,14.055963,42,False,36_14,2020,2020-09-19_R79,0.0
features_cozar2024_l2a:33SVB_20200207:cozar:12178,33SVB_20200207,8,0,12178,33SVB,2020-02-07,79,37.085875,13.947335,8,False,37_13,2020,2020-02-07_R79,0.0
features_cozar2024_l2a:33SVC_20160821:cozar:4668,33SVC_20160821,18,2,4668,33SVC,2016-08-21,79,38.536575,14.428085,18,True,38_14,2016,2016-08-21_R79,0.1111111111111111
features_cozar2024_l2a:33SWB_20190217:cozar:4776,33SWB_20190217,15,0,4776,33SWB,2019-02-17,79,37.229998,15.272584,15,False,37_15,2019,2019-02-17_R79,0.0
features_cozar2024_l2a:33SWS_20190929:cozar:4883,33SWS_20190929,12,0,4883,33SWS,2019-09-29,136,32.866865,16.106779,12,False,32_16,2019,2019-09-29_R136,0.0
features_cozar2024_l2a:33SXC_20170709:cozar:12259,33SXC_20170709,33,1,12259,33SXC,2017-07-09,36,38.027033,16.166726,33,True,38_16,2017,2017-07-09_R36,0.030303030303030304
features_cozar2024_l2a:33SXD_20190420:cozar:12286,33SXD_20190420,26,0,12286,33SXD,2019-04-20,36,38.773759,17.093112,26,False,38_17,2019,2019-04-20_R36,0.0
features_cozar2024_l2a:33SXD_20200812:cozar:12291,33SXD_20200812,21,0,12291,33SXD,2020-08-12,36,38.982906,17.184896,21,False,38_17,2020,2020-08-12_R36,0.0
features_cozar2024_l2a:33TTG_20181008:cozar:12313,33TTG_20181008,54,0,12313,33TTG,2018-10-08,122,42.239826,11.651788,54,False,42_11,2018,2018-10-08_R122,0.0
features_cozar2024_l2a:33TTG_20200311:cozar:12314,33TTG_20200311,36,13,12314,33TTG,2020-03-11,122,41.675525,12.067316,36,True,41_12,2020,2020-03-11_R122,0.3611111111111111
features_cozar2024_l2a:33TUF_20170806:cozar:5125,33TUF_20170806,111,1,5125,33TUF,2017-08-06,79,40.760403,13.838576,111,True,40_13,2017,2017-08-06_R79,0.009009009009009009
features_cozar2024_l2a:33TUF_20200606:cozar:12331,33TUF_20200606,16,0,12331,33TUF,2020-06-06,79,41.232279,13.73323,16,False,41_13,2020,2020-06-06_R79,0.0
features_cozar2024_l2a:33TUJ_20170315:cozar:5212,33TUJ_20170315,21,8,5212,33TUJ,2017-03-15,22,44.03607,12.799049,21,True,44_12,2017,2017-03-15_R22,0.38095238095238093
features_cozar2024_l2a:33TUJ_20180824:cozar:5243,33TUJ_20180824,23,7,5243,33TUJ,2018-08-24,122,44.092152,12.971467,23,True,44_12,2018,2018-08-24_R122,0.30434782608695654
features_cozar2024_l2a:33TUJ_20181107:cozar:12376,33TUJ_20181107,31,0,12376,33TUJ,2018-11-07,122,43.873421,13.220104,31,False,43_13,2018,2018-11-07_R122,0.0
features_cozar2024_l2a:33TUJ_20201119:cozar:12352,33TUJ_20201119,29,19,12352,33TUJ,2020-11-19,22,43.999553,12.956977,29,True,43_12,2020,2020-11-19_R22,0.6551724137931034
features_cozar2024_l2a:33TUK_20160618:cozar:5264,33TUK_20160618,26,0,5264,33TUK,2016-06-18,22,44.862851,12.684851,26,False,44_12,2016,2016-06-18_R22,0.0
features_cozar2024_l2a:33TUK_20160824:cozar:5564,33TUK_20160824,40,11,5564,33TUK,2016-08-24,122,44.81352,12.491384,40,True,44_12,2016,2016-08-24_R122,0.275
features_cozar2024_l2a:33TUK_20160827:cozar:5269,33TUK_20160827,30,0,5269,33TUK,2016-08-27,22,45.082002,12.593303,30,False,45_12,2016,2016-08-27_R22,0.0
features_cozar2024_l2a:33TUK_20170926:cozar:12393,33TUK_20170926,23,8,12393,33TUK,2017-09-26,22,45.007666,12.519821,23,True,45_12,2017,2017-09-26_R22,0.34782608695652173
features_cozar2024_l2a:33TUK_20180824:cozar:5649,33TUK_20180824,74,8,5649,33TUK,2018-08-24,122,44.405004,12.51617,74,True,44_12,2018,2018-08-24_R122,0.10810810810810811
features_cozar2024_l2a:33TUK_20181031:cozar:12408,33TUK_20181031,59,0,12408,33TUK,2018-10-31,22,45.086884,12.507692,59,False,45_12,2018,2018-10-31_R22,0.0
features_cozar2024_l2a:33TUK_20190916:cozar:12425,33TUK_20190916,27,2,12425,33TUK,2019-09-16,22,44.860662,12.613866,27,True,44_12,2019,2019-09-16_R22,0.07407407407407407
features_cozar2024_l2a:33TUK_20200811:cozar:12442,33TUK_20200811,69,2,12442,33TUK,2020-08-11,22,45.09499,13.063143,69,True,45_13,2020,2020-08-11_R22,0.028985507246376812
features_cozar2024_l2a:33TUK_20210331:cozar:5807,33TUK_20210331,51,3,5807,33TUK,2021-03-31,122,44.702585,12.87978,51,True,44_12,2021,2021-03-31_R122,0.058823529411764705
features_cozar2024_l2a:33TUK_20210423:cozar:5458,33TUK_20210423,43,9,5458,33TUK,2021-04-23,22,45.086273,13.206858,43,True,45_13,2021,2021-04-23_R22,0.20930232558139536
features_cozar2024_l2a:33TUL_20160824:cozar:6426,33TUL_20160824,36,0,6426,33TUL,2016-08-24,122,45.63716,13.429551,36,False,45_13,2016,2016-08-24_R122,0.0
features_cozar2024_l2a:33TUL_20180401:cozar:12921,33TUL_20180401,34,2,12921,33TUL,2018-04-01,122,45.625493,13.737267,34,True,45_13,2018,2018-04-01_R122,0.058823529411764705
features_cozar2024_l2a:33TUL_20180414:cozar:12665,33TUL_20180414,10,0,12665,33TUL,2018-04-14,22,45.408916,12.484997,10,False,45_12,2018,2018-04-14_R22,0.0
features_cozar2024_l2a:33TUL_20180605:cozar:6513,33TUL_20180605,23,0,6513,33TUL,2018-06-05,122,45.149692,12.678135,23,False,45_12,2018,2018-06-05_R122,0.0
features_cozar2024_l2a:33TUL_20180928:cozar:13025,33TUL_20180928,92,44,13025,33TUL,2018-09-28,122,45.667238,13.227838,92,True,45_13,2018,2018-09-28_R122,0.4782608695652174
features_cozar2024_l2a:33TUL_20190516:cozar:13046,33TUL_20190516,26,0,13046,33TUL,2019-05-16,122,45.715252,13.260656,26,False,45_13,2019,2019-05-16_R122,0.0
features_cozar2024_l2a:33TUL_20190827:cozar:12725,33TUL_20190827,82,1,12725,33TUL,2019-08-27,22,45.503209,12.853314,82,True,45_12,2019,2019-08-27_R22,0.012195121951219513
features_cozar2024_l2a:33TUL_20200617:cozar:6148,33TUL_20200617,83,0,6148,33TUL,2020-06-17,22,45.133746,12.865142,83,False,45_12,2020,2020-06-17_R22,0.0
features_cozar2024_l2a:33TUL_20200727:cozar:6151,33TUL_20200727,21,4,6151,33TUL,2020-07-27,22,45.652508,13.131972,21,True,45_13,2020,2020-07-27_R22,0.19047619047619047
features_cozar2024_l2a:33TUL_20200811:cozar:12762,33TUL_20200811,26,0,12762,33TUL,2020-08-11,22,45.117263,13.040468,26,False,45_13,2020,2020-08-11_R22,0.0
features_cozar2024_l2a:33TUL_20200828:cozar:13228,33TUL_20200828,15,0,13228,33TUL,2020-08-28,122,45.098913,12.519986,15,False,45_12,2020,2020-08-28_R122,0.0
features_cozar2024_l2a:33TUL_20201012:cozar:6832,33TUL_20201012,29,0,6832,33TUL,2020-10-12,122,45.659084,13.358827,29,False,45_13,2020,2020-10-12_R122,0.0
features_cozar2024_l2a:33TUL_20210408:cozar:12814,33TUL_20210408,12,0,12814,33TUL,2021-04-08,22,45.619175,13.108983,12,False,45_13,2021,2021-04-08_R22,0.0
features_cozar2024_l2a:33TUL_20210712:cozar:6262,33TUL_20210712,29,0,6262,33TUL,2021-07-12,22,45.65207,13.220802,29,False,45_13,2021,2021-07-12_R22,0.0
features_cozar2024_l2a:33TUL_20210729:cozar:6995,33TUL_20210729,58,0,6995,33TUL,2021-07-29,122,45.484822,12.762127,58,False,45_12,2021,2021-07-29_R122,0.0
features_cozar2024_l2a:33TVE_20170806:cozar:7011,33TVE_20170806,28,0,7011,33TVE,2017-08-06,79,39.778103,14.916809,28,False,39_14,2017,2017-08-06_R79,0.0
features_cozar2024_l2a:33TVE_20190930:cozar:13320,33TVE_20190930,164,0,13320,33TVE,2019-09-30,79,39.68816,14.453078,164,False,39_14,2019,2019-09-30_R79,0.0
features_cozar2024_l2a:33TVF_20150830:cozar:7050,33TVF_20150830,24,0,7050,33TVF,2015-08-30,122,41.026789,13.897404,24,False,41_13,2015,2015-08-30_R122,0.0
features_cozar2024_l2a:33TVH_20190324:cozar:13369,33TVH_20190324,51,0,13369,33TVH,2019-03-24,79,42.938508,14.073328,51,False,42_14,2019,2019-03-24_R79,0.0
features_cozar2024_l2a:33TVK_20170918:cozar:7179,33TVK_20170918,31,0,7179,33TVK,2017-09-18,122,45.088183,14.423918,31,False,45_14,2017,2017-09-18_R122,0.0
features_cozar2024_l2a:33TVK_20180508:cozar:13400,33TVK_20180508,33,12,13400,33TVK,2018-05-08,79,44.728249,14.705041,33,True,44_14,2018,2018-05-08_R79,0.36363636363636365
features_cozar2024_l2a:33TWE_20180103:cozar:7224,33TWE_20180103,22,0,7224,33TWE,2018-01-03,79,39.907313,15.72991,22,False,39_15,2018,2018-01-03_R79,0.0
features_cozar2024_l2a:33TWE_20181027:cozar:7200,33TWE_20181027,52,14,7200,33TWE,2018-10-27,36,39.881449,15.762844,52,True,39_15,2018,2018-10-27_R36,0.2692307692307692
features_cozar2024_l2a:33TWE_20190614:cozar:7204,33TWE_20190614,23,6,7204,33TWE,2019-06-14,36,39.923337,15.738958,23,True,39_15,2019,2019-06-14_R36,0.2608695652173913
features_cozar2024_l2a:33TWE_20190826:cozar:7228,33TWE_20190826,36,0,7228,33TWE,2019-08-26,79,40.009494,15.5333,36,False,40_15,2019,2019-08-26_R79,0.0
features_cozar2024_l2a:33TWG_20190217:cozar:7257,33TWG_20190217,35,0,7257,33TWG,2019-02-17,79,41.935462,15.416243,35,False,41_15,2019,2019-02-17_R79,0.0
features_cozar2024_l2a:33TWH_20180408:cozar:13445,33TWH_20180408,11,1,13445,33TWH,2018-04-08,79,43.340698,15.924897,11,True,43_15,2018,2018-04-08_R79,0.09090909090909091
features_cozar2024_l2a:33TWJ_20190806:cozar:7273,33TWJ_20190806,55,2,7273,33TWJ,2019-08-06,79,43.477817,16.261047,55,True,43_16,2019,2019-08-06_R79,0.03636363636363636
features_cozar2024_l2a:33TXG_20210218:cozar:13472,33TXG_20210218,22,0,13472,33TXG,2021-02-18,36,41.851399,16.278547,22,False,41_16,2021,2021-02-18_R36,0.0
features_cozar2024_l2a:33TXH_20170729:cozar:13481,33TXH_20170729,18,0,13481,33TXH,2017-07-29,36,43.106814,17.150039,18,False,43_17,2017,2017-07-29_R36,0.0
features_cozar2024_l2a:33TXH_20180828:cozar:7320,33TXH_20180828,12,0,7320,33TXH,2018-08-28,36,43.025723,17.34087,12,False,43_17,2018,2018-08-28_R36,0.0
features_cozar2024_l2a:33TXH_20190415:cozar:7323,33TXH_20190415,25,2,7323,33TXH,2019-04-15,36,43.167752,16.790039,25,True,43_16,2019,2019-04-15_R36,0.08
features_cozar2024_l2a:33TXJ_20160821:cozar:7353,33TXJ_20160821,15,3,7353,33TXJ,2016-08-21,79,43.236951,16.585249,15,True,43_16,2016,2016-08-21_R79,0.2
features_cozar2024_l2a:33TXJ_20170309:cozar:7354,33TXJ_20170309,10,0,7354,33TXJ,2017-03-09,79,43.444286,16.430641,10,False,43_16,2017,2017-03-09_R79,0.0
features_cozar2024_l2a:33TXJ_20190530:cozar:13523,33TXJ_20190530,14,0,13523,33TXJ,2019-05-30,36,43.394058,16.692487,14,False,43_16,2019,2019-05-30_R36,0.0
features_cozar2024_l2a:33TXJ_20210815:cozar:7363,33TXJ_20210815,20,2,7363,33TXJ,2021-08-15,79,43.274313,16.931725,20,True,43_16,2021,2021-08-15_R79,0.1
features_cozar2024_l2a:33TYE_20200730:cozar:13538,33TYE_20200730,13,0,13538,33TYE,2020-07-30,136,40.426977,18.341906,13,False,40_18,2020,2020-07-30_R136,0.0
features_cozar2024_l2a:34SBJ_20190326:cozar:7386,34SBJ_20190326,31,0,7386,34SBJ,2019-03-26,36,39.687579,18.259048,31,False,39_18,2019,2019-03-26_R36,0.0
features_cozar2024_l2a:34SDH_20191014:cozar:13566,34SDH_20191014,36,0,13566,34SDH,2019-10-14,136,38.252842,20.926489,36,False,38_20,2019,2019-10-14_R136,0.0
features_cozar2024_l2a:34SDH_20200801:cozar:7437,34SDH_20200801,47,0,7437,34SDH,2020-08-01,93,38.632676,20.970019,47,False,38_20,2020,2020-08-01_R93,0.0
features_cozar2024_l2a:34SDH_20200920:cozar:7440,34SDH_20200920,35,0,7440,34SDH,2020-09-20,93,38.472193,20.380023,35,False,38_20,2020,2020-09-20_R93,0.0
features_cozar2024_l2a:34SDJ_20150828:cozar:7463,34SDJ_20150828,49,2,7463,34SDJ,2015-08-28,93,38.973248,21.092889,49,True,38_21,2015,2015-08-28_R93,0.04081632653061224
features_cozar2024_l2a:34SDJ_20151116:cozar:7465,34SDJ_20151116,72,10,7465,34SDJ,2015-11-16,93,38.944096,20.805231,72,True,38_20,2015,2015-11-16_R93,0.1388888888888889
features_cozar2024_l2a:34SDJ_20161031:cozar:7481,34SDJ_20161031,214,49,7481,34SDJ,2016-10-31,93,38.991057,20.966196,214,True,38_20,2016,2016-10-31_R93,0.22897196261682243
features_cozar2024_l2a:34SEE_20180814:cozar:13601,34SEE_20180814,18,0,13601,34SEE,2018-08-14,50,35.376445,21.913421,18,False,35_21,2018,2018-08-14_R50,0.0
features_cozar2024_l2a:34SEF_20170119:cozar:7674,34SEF_20170119,53,0,7674,34SEF,2017-01-19,93,36.88632,21.931869,53,False,36_21,2017,2017-01-19_R93,0.0
features_cozar2024_l2a:34SEF_20171110:cozar:13605,34SEF_20171110,19,0,13605,34SEF,2017-11-10,93,36.828937,22.155346,19,False,36_22,2017,2017-11-10_R93,0.0
features_cozar2024_l2a:34SEG_20191215:cozar:7691,34SEG_20191215,38,0,7691,34SEG,2019-12-15,93,37.476348,21.572534,38,False,37_21,2019,2019-12-15_R93,0.0
features_cozar2024_l2a:34SEJ_20151209:cozar:7736,34SEJ_20151209,49,10,7736,34SEJ,2015-12-09,136,38.949358,21.030139,49,True,38_21,2015,2015-12-09_R136,0.20408163265306123
features_cozar2024_l2a:34SFF_20190210:cozar:13629,34SFF_20190210,15,0,13629,34SFF,2019-02-10,50,36.510606,23.237905,15,False,36_23,2019,2019-02-10_R50,0.0
features_cozar2024_l2a:34SFG_20181011:cozar:7768,34SFG_20181011,63,4,7768,34SFG,2018-10-11,93,37.593563,23.263371,63,True,37_23,2018,2018-10-11_R93,0.06349206349206349
features_cozar2024_l2a:34SFH_20180414:cozar:7798,34SFH_20180414,33,12,7798,34SFH,2018-04-14,93,38.184649,23.096147,33,True,38_23,2018,2018-04-14_R93,0.36363636363636365
features_cozar2024_l2a:34SFH_20200609:cozar:7796,34SFH_20200609,15,0,7796,34SFH,2020-06-09,50,38.067754,22.658424,15,False,38_22,2020,2020-06-09_R50,0.0
features_cozar2024_l2a:34SFH_20200712:cozar:7809,34SFH_20200712,17,0,7809,34SFH,2020-07-12,93,38.299362,22.403718,17,False,38_22,2020,2020-07-12_R93,0.0
features_cozar2024_l2a:34SFJ_20190310:cozar:7840,34SFJ_20190310,56,2,7840,34SFJ,2019-03-10,93,38.847993,22.641171,56,True,38_22,2019,2019-03-10_R93,0.03571428571428571
features_cozar2024_l2a:34SFJ_20210222:cozar:13732,34SFJ_20210222,19,13,13732,34SFJ,2021-02-22,93,38.859067,22.710429,19,True,38_22,2021,2021-02-22_R93,0.6842105263157895
features_cozar2024_l2a:34SFJ_20210719:cozar:13710,34SFJ_20210719,294,0,13710,34SFJ,2021-07-19,50,39.63556,23.206774,294,False,39_23,2021,2021-07-19_R50,0.0
features_cozar2024_l2a:34TBK_20160828:cozar:7912,34TBK_20160828,18,0,7912,34TBK,2016-08-28,36,39.732528,18.514345,18,False,39_18,2016,2016-08-28_R36,0.0
features_cozar2024_l2a:34TBL_20200320:cozar:7952,34TBL_20200320,14,0,7952,34TBL,2020-03-20,36,40.723823,17.813639,14,False,40_17,2020,2020-03-20_R36,0.0
features_cozar2024_l2a:34TCL_20180402:cozar:13821,34TCL_20180402,10,0,13821,34TCL,2018-04-02,136,40.924873,19.336931,10,False,40_19,2018,2018-04-02_R136,0.0
features_cozar2024_l2a:34TCL_20210223:cozar:7996,34TCL_20210223,42,0,7996,34TCL,2021-02-23,36,41.094261,19.449823,42,False,41_19,2021,2021-02-23_R36,0.0
features_cozar2024_l2a:34TCM_20201021:cozar:13847,34TCM_20201021,23,0,13847,34TCM,2020-10-21,36,41.628146,19.522687,23,False,41_19,2020,2020-10-21_R36,0.0
features_cozar2024_l2a:34TGL_20210729:cozar:13950,34TGL_20210729,13,0,13950,34TGL,2021-07-29,50,40.64534,23.881704,13,False,40_23,2021,2021-07-29_R50,0.0
features_cozar2024_l2a:35SKC_20190307:cozar:8205,35SKC_20190307,64,0,8205,35SKC,2019-03-07,50,38.357909,23.73446,64,False,38_23,2019,2019-03-07_R50,0.0
features_cozar2024_l2a:35SKC_20200813:cozar:13991,35SKC_20200813,409,0,13991,35SKC,2020-08-13,50,38.280053,23.995104,409,False,38_23,2020,2020-08-13_R50,0.0
features_cozar2024_l2a:35SKD_20181026:cozar:14015,35SKD_20181026,15,0,14015,35SKD,2018-10-26,93,38.803745,23.636691,15,False,38_23,2018,2018-10-26_R93,0.0
features_cozar2024_l2a:35SKV_20200917:cozar:8312,35SKV_20200917,16,2,8312,35SKV,2020-09-17,50,35.397645,24.427202,16,True,35_24,2020,2020-09-17_R50,0.125
features_cozar2024_l2a:35SKV_20201113:cozar:8306,35SKV_20201113,53,0,8306,35SKV,2020-11-13,7,35.380155,24.520051,53,False,35_24,2020,2020-11-13_R7,0.0
features_cozar2024_l2a:35SLD_20170503:cozar:8335,35SLD_20170503,11,8,8335,35SLD,2017-05-03,7,38.959324,25.951154,11,True,38_25,2017,2017-05-03_R7,0.7272727272727273
features_cozar2024_l2a:35SNB_20180925:cozar:8409,35SNB_20180925,21,0,8409,35SNB,2018-09-25,7,37.542528,27.091189,21,False,37_27,2018,2018-09-25_R7,0.0
features_cozar2024_l2a:35SNB_20190113:cozar:8410,35SNB_20190113,24,0,8410,35SNB,2019-01-13,7,37.943443,27.132528,24,False,37_27,2019,2019-01-13_R7,0.0
features_cozar2024_l2a:35SNV_20191106:cozar:8434,35SNV_20191106,17,0,8434,35SNV,2019-11-06,107,35.884094,28.166917,17,False,35_28,2019,2019-11-06_R107,0.0
features_cozar2024_l2a:35SPA_20190326:cozar:14138,35SPA_20190326,47,0,14138,35SPA,2019-03-26,107,36.444056,28.711462,47,False,36_28,2019,2019-03-26_R107,0.0
features_cozar2024_l2a:35SPA_20210213:cozar:14145,35SPA_20210213,124,0,14145,35SPA,2021-02-13,107,36.49005,29.063226,124,False,36_29,2021,2021-02-13_R107,0.0
features_cozar2024_l2a:35TKF_20161110:cozar:8604,35TKF_20161110,28,3,8604,35TKF,2016-11-10,93,40.816691,24.335762,28,True,40_24,2016,2016-11-10_R93,0.10714285714285714
features_cozar2024_l2a:35TKF_20171013:cozar:8567,35TKF_20171013,60,0,8567,35TKF,2017-10-13,50,40.66582,24.403522,60,False,40_24,2017,2017-10-13_R50,0.0
features_cozar2024_l2a:35TKF_20180315:cozar:8605,35TKF_20180315,17,0,8605,35TKF,2018-03-15,93,40.753806,23.796279,17,False,40_23,2018,2018-03-15_R93,0.0
features_cozar2024_l2a:35TKF_20180715:cozar:14192,35TKF_20180715,47,0,14192,35TKF,2018-07-15,50,40.709131,24.390148,47,False,40_24,2018,2018-07-15_R50,0.0
features_cozar2024_l2a:35TKF_20190928:cozar:14196,35TKF_20190928,28,0,14196,35TKF,2019-09-28,50,40.655316,24.495578,28,False,40_24,2019,2019-09-28_R50,0.0
features_cozar2024_l2a:35TKF_20210629:cozar:14204,35TKF_20210629,11,4,14204,35TKF,2021-06-29,50,40.811366,24.539599,11,True,40_24,2021,2021-06-29_R50,0.36363636363636365
features_cozar2024_l2a:35TLE_20210120:cozar:14234,35TLE_20210120,38,1,14234,35TLE,2021-01-20,50,40.320942,24.735189,38,True,40_24,2021,2021-01-20_R50,0.02631578947368421
features_cozar2024_l2a:35TLF_20180101:cozar:8628,35TLF_20180101,40,0,8628,35TLF,2018-01-01,50,40.732282,25.589345,40,False,40_25,2018,2018-01-01_R50,0.0
features_cozar2024_l2a:35TME_20150911:cozar:8638,35TME_20150911,27,0,8638,35TME,2015-09-11,7,40.097702,26.180314,27,False,40_26,2015,2015-09-11_R7,0.0
features_cozar2024_l2a:36RTV_20201202:cozar:14264,36RTV_20201202,59,2,14264,36RTV,2020-12-02,64,31.312583,30.223279,59,True,31_30,2020,2020-12-02_R64,0.03389830508474576
features_cozar2024_l2a:36RXV_20170220:cozar:8733,36RXV_20170220,32,1,8733,36RXV,2017-02-20,121,31.499142,34.334579,32,True,31_34,2017,2017-02-20_R121,0.03125
features_cozar2024_l2a:36STE_20201220:cozar:8749,36STE_20201220,17,9,8749,36STE,2020-12-20,107,36.013809,30.007449,17,True,36_30,2020,2020-12-20_R107,0.5294117647058824
features_cozar2024_l2a:36STF_20181223:cozar:14299,36STF_20181223,75,0,14299,36STF,2018-12-23,64,36.099121,29.882581,75,False,36_29,2018,2018-12-23_R64,0.0
features_cozar2024_l2a:36SUF_20180102:cozar:8790,36SUF_20180102,138,0,8790,36SUF,2018-01-02,64,36.478539,31.864411,138,False,36_31,2018,2018-01-02_R64,0.0
features_cozar2024_l2a:36SWF_20190203:cozar:8825,36SWF_20190203,52,0,8825,36SWF,2019-02-03,21,36.073628,33.539362,52,False,36_33,2019,2019-02-03_R21,0.0
features_cozar2024_l2a:36SXF_20170305:cozar:8830,36SXF_20170305,43,0,8830,36SXF,2017-03-05,21,36.513818,34.263857,43,False,36_34,2017,2017-03-05_R21,0.0
features_cozar2024_l2a:36SXF_20181222:cozar:8846,36SXF_20181222,111,0,8846,36SXF,2018-12-22,121,36.402724,34.765828,111,False,36_34,2018,2018-12-22_R121,0.0
features_cozar2024_l2a:36SYC_20200205:cozar:8860,36SYC_20200205,12,0,8860,36SYC,2020-02-05,121,33.980133,35.586422,12,False,33_35,2020,2020-02-05_R121,0.0
features_cozar2024_l2a:36SYD_20180824:cozar:8868,36SYD_20180824,64,0,8868,36SYD,2018-08-24,121,34.659379,35.919203,64,False,34_35,2018,2018-08-24_R121,0.0
features_cozar2024_l2a:36SYF_20190317:cozar:14363,36SYF_20190317,13,1,14363,36SYF,2019-03-17,121,36.467089,35.249148,13,True,36_35,2019,2019-03-17_R121,0.07692307692307693
features_cozar2024_l2a:36SYF_20201106:cozar:14365,36SYF_20201106,133,0,14365,36SYF,2020-11-06,121,36.236412,35.732001,133,False,36_35,2020,2020-11-06_R121,0.0
