scene,lon0,lat0,lon1,lat1,splits
Scene_0,0.0,240.0,240.0,0.0,train
Scene_1,0.0,240.0,240.0,0.0,train
Scene_10,0.0,240.0,240.0,0.0,train
Scene_100,0.0,240.0,240.0,0.0,val
Scene_101,0.0,240.0,240.0,0.0,val
Scene_102,0.0,240.0,240.0,0.0,val
Scene_103,0.0,240.0,240.0,0.0,val
Scene_104,0.0,240.0,240.0,0.0,val
Scene_105,0.0,240.0,240.0,0.0,val
Scene_106,0.0,240.0,240.0,0.0,val
Scene_107,0.0,240.0,240.0,0.0,val
Scene_108,0.0,240.0,240.0,0.0,val
Scene_109,0.0,240.0,240.0,0.0,val
Scene_11,0.0,240.0,240.0,0.0,train
Scene_110,0.0,240.0,240.0,0.0,val
Scene_111,0.0,240.0,240.0,0.0,val
Scene_112,0.0,240.0,240.0,0.0,val
Scene_113,0.0,240.0,240.0,0.0,val
Scene_114,0.0,240.0,240.0,0.0,val
Scene_115,0.0,240.0,240.0,0.0,val
Scene_116,0.0,240.0,240.0,0.0,val
Scene_117,0.0,240.0,240.0,0.0,val
Scene_118,0.0,240.0,240.0,0.0,val
Scene_119,0.0,240.0,240.0,0.0,val
Scene_12,0.0,240.0,240.0,0.0,train
Scene_120,0.0,240.0,240.0,0.0,val
Scene_121,0.0,240.0,240.0,0.0,val
Scene_122,0.0,240.0,240.0,0.0,val
Scene_123,0.0,240.0,240.0,0.0,val
Scene_124,0.0,240.0,240.0,0.0,val
Scene_125,0.0,240.0,240.0,0.0,val
Scene_126,0.0,240.0,240.0,0.0,val
Scene_127,0.0,240.0,240.0,0.0,val
Scene_128,0.0,240.0,240.0,0.0,val
Scene_129,0.0,240.0,240.0,0.0,val
Scene_13,0.0,240.0,240.0,0.0,train
Scene_130,0.0,240.0,240.0,0.0,val
Scene_131,0.0,240.0,240.0,0.0,val
Scene_132,0.0,240.0,240.0,0.0,test
Scene_133,0.0,240.0,240.0,0.0,test
Scene_134,0.0,240.0,240.0,0.0,test
Scene_135,0.0,240.0,240.0,0.0,test
Scene_136,0.0,240.0,240.0,0.0,test
Scene_137,0.0,240.0,240.0,0.0,test
Scene_138,0.0,240.0,240.0,0.0,test
Scene_139,0.0,240.0,240.0,0.0,test
Scene_14,0.0,240.0,240.0,0.0,train
Scene_140,0.0,240.0,240.0,0.0,test
Scene_141,0.0,240.0,240.0,0.0,test
Scene_142,0.0,240.0,240.0,0.0,test
Scene_143,0.0,240.0,240.0,0.0,test
Scene_144,0.0,240.0,240.0,0.0,test
Scene_145,0.0,240.0,240.0,0.0,test
Scene_146,0.0,240.0,240.0,0.0,test
Scene_147,0.0,240.0,240.0,0.0,test
Scene_148,0.0,240.0,240.0,0.0,test
Scene_149,0.0,240.0,240.0,0.0,test
Scene_15,0.0,240.0,240.0,0.0,train
Scene_150,0.0,240.0,240.0,0.0,test
Scene_151,0.0,240.0,240.0,0.0,test
Scene_152,0.0,240.0,240.0,0.0,test
Scene_153,0.0,240.0,240.0,0.0,test
Scene_154,0.0,240.0,240.0,0.0,test
Scene_155,0.0,240.0,240.0,0.0,test
Scene_156,0.0,240.0,240.0,0.0,test
Scene_157,0.0,240.0,240.0,0.0,test
Scene_158,0.0,240.0,240.0,0.0,test
Scene_159,0.0,240.0,240.0,0.0,test
Scene_16,0.0,240.0,240.0,0.0,train
Scene_160,0.0,240.0,240.0,0.0,test
Scene_161,0.0,240.0,240.0,0.0,test
Scene_162,0.0,240.0,240.0,0.0,test
Scene_163,0.0,240.0,240.0,0.0,test
Scene_164,0.0,240.0,240.0,0.0,test
Scene_165,0.0,240.0,240.0,0.0,test
Scene_166,0.0,240.0,240.0,0.0,test
Scene_167,0.0,240.0,240.0,0.0,test
Scene_168,0.0,240.0,240.0,0.0,test
Scene_169,0.0,240.0,240.0,0.0,test
Scene_17,0.0,240.0,240.0,0.0,train
Scene_170,0.0,240.0,240.0,0.0,test
Scene_171,0.0,240.0,240.0,0.0,test
Scene_172,0.0,240.0,240.0,0.0,test
Scene_173,0.0,240.0,240.0,0.0,test
Scene_18,0.0,240.0,240.0,0.0,train
Scene_19,0.0,240.0,240.0,0.0,train
Scene_2,0.0,240.0,240.0,0.0,train
Scene_20,0.0,240.0,240.0,0.0,train
Scene_21,0.0,240.0,240.0,0.0,train
Scene_22,0.0,240.0,240.0,0.0,train
Scene_23,0.0,240.0,240.0,0.0,train
Scene_24,0.0,240.0,240.0,0.0,train
Scene_25,0.0,240.0,240.0,0.0,train
Scene_26,0.0,240.0,240.0,0.0,train
Scene_27,0.0,240.0,240.0,0.0,train
Scene_28,0.0,240.0,240.0,0.0,train
Scene_29,0.0,240.0,240.0,0.0,train
Scene_3,0.0,240.0,240.0,0.0,train
Scene_30,0.0,240.0,240.0,0.0,train
Scene_31,0.0,240.0,240.0,0.0,train
Scene_32,0.0,240.0,240.0,0.0,train
Scene_33,0.0,240.0,240.0,0.0,train
Scene_34,0.0,240.0,240.0,0.0,train
Scene_35,0.0,240.0,240.0,0.0,train
Scene_36,0.0,240.0,240.0,0.0,train
Scene_37,0.0,240.0,240.0,0.0,train
Scene_38,0.0,240.0,240.0,0.0,train
Scene_39,0.0,240.0,240.0,0.0,train
Scene_4,0.0,240.0,240.0,0.0,train
Scene_40,0.0,240.0,240.0,0.0,train
Scene_41,0.0,240.0,240.0,0.0,train
Scene_42,0.0,240.0,240.0,0.0,train
Scene_43,0.0,240.0,240.0,0.0,train
Scene_44,0.0,240.0,240.0,0.0,train
Scene_45,0.0,240.0,240.0,0.0,train
Scene_46,0.0,240.0,240.0,0.0,train
Scene_47,0.0,240.0,240.0,0.0,train
Scene_48,0.0,240.0,240.0,0.0,train
Scene_49,0.0,240.0,240.0,0.0,train
Scene_5,0.0,240.0,240.0,0.0,train
Scene_50,0.0,240.0,240.0,0.0,train
Scene_51,0.0,240.0,240.0,0.0,train
Scene_52,0.0,240.0,240.0,0.0,train
Scene_53,0.0,240.0,240.0,0.0,train
Scene_54,0.0,240.0,240.0,0.0,train
Scene_55,0.0,240.0,240.0,0.0,train
Scene_56,0.0,240.0,240.0,0.0,train
Scene_57,0.0,240.0,240.0,0.0,train
Scene_58,0.0,240.0,240.0,0.0,train
Scene_59,0.0,240.0,240.0,0.0,train
Scene_6,0.0,240.0,240.0,0.0,train
Scene_60,0.0,240.0,240.0,0.0,train
Scene_61,0.0,240.0,240.0,0.0,train
Scene_62,0.0,240.0,240.0,0.0,train
Scene_63,0.0,240.0,240.0,0.0,train
Scene_64,0.0,240.0,240.0,0.0,train
Scene_65,0.0,240.0,240.0,0.0,train
Scene_66,0.0,240.0,240.0,0.0,train
Scene_67,0.0,240.0,240.0,0.0,train
Scene_68,0.0,240.0,240.0,0.0,train
Scene_69,0.0,240.0,240.0,0.0,train
Scene_7,0.0,240.0,240.0,0.0,train
Scene_70,0.0,240.0,240.0,0.0,train
Scene_71,0.0,240.0,240.0,0.0,train
Scene_72,0.0,240.0,240.0,0.0,train
Scene_73,0.0,240.0,240.0,0.0,train
Scene_74,0.0,240.0,240.0,0.0,train
Scene_75,0.0,240.0,240.0,0.0,train
Scene_76,0.0,240.0,240.0,0.0,train
Scene_77,0.0,240.0,240.0,0.0,train
Scene_78,0.0,240.0,240.0,0.0,train
Scene_79,0.0,240.0,240.0,0.0,train
Scene_8,0.0,240.0,240.0,0.0,train
Scene_80,0.0,240.0,240.0,0.0,train
Scene_81,0.0,240.0,240.0,0.0,train
Scene_82,0.0,240.0,240.0,0.0,train
Scene_83,0.0,240.0,240.0,0.0,train
Scene_84,0.0,240.0,240.0,0.0,train
Scene_85,0.0,240.0,240.0,0.0,train
Scene_86,0.0,240.0,240.0,0.0,train
Scene_87,0.0,240.0,240.0,0.0,train
Scene_88,0.0,240.0,240.0,0.0,train
Scene_89,0.0,240.0,240.0,0.0,train
Scene_9,0.0,240.0,240.0,0.0,train
Scene_90,0.0,240.0,240.0,0.0,train
Scene_91,0.0,240.0,240.0,0.0,train
Scene_92,0.0,240.0,240.0,0.0,train
Scene_93,0.0,240.0,240.0,0.0,train
Scene_94,0.0,240.0,240.0,0.0,train
Scene_95,0.0,240.0,240.0,0.0,train
Scene_96,0.0,240.0,240.0,0.0,val
Scene_97,0.0,240.0,240.0,0.0,val
Scene_98,0.0,240.0,240.0,0.0,val
Scene_99,0.0,240.0,240.0,0.0,val
