sample_id,source_id,source_short,source_doi,source_license,region,sea_area,record_type,sampling_method,platform,latitude,longitude,lat_start,lon_start,lat_end,lon_end,date_utc,time_start_utc,time_end_utc,datetime_start_iso,litter_category,litter_item_type,material,size_class,items_count,concentration_value_orig,concentration_unit_orig,concentration_items_km2,concentration_g_km2,concentration_basis,transect_length_km,transect_width_m,sampled_area_km2,sea_state_beaufort,wind_speed_kn,optical_missions_available,notes,source_event_id,event_id,parent_sample_id,source_category_code,position_role,target_scope,quality_flags,provenance,calculation_method,measurement_profile,zero_scope,reported_concentration_items_km2,reported_concentration_g_km2,parent_concentration_items_km2,density_numerator_items,source_reported_total_items,source_object_filtered_items,source_row_refs,missions_calendar_eligible,kind,linked_scenes,field_estimate_items_km2,field_estimate_lo,field_estimate_hi,field_estimate_model,field_estimate_coverage_test,research_estimate_items_km2,research_estimate_lo,research_estimate_hi,research_estimate_model,research_estimate_fold
MPL-0779,S3_SE_NORTH_SEA,"Gutow et al. 2018, Mar Pollut Bull 131:763-772",10.1594/PANGAEA.890782,CC BY 3.0,South-eastern North Sea (German Bight),North Sea,transect_density,"ship-based visual transect (10 m strip), macrolitter >2 cm",RV Heincke,54.238,7.92,54.2381,7.9198,54.2381,7.9198,2016-04-08,16:17:00,17:00:00,2016-04-08T16:17:00Z,total floating marine macrolitter (all materials),total floating marine macrolitter,mixed (predominantly plastic),>2 cm (macro),3,19.9,items km-2,19.9,,transect,15.102,10,0.151,,,not_verified,Published all-material litter density; plastic fraction is not reconstructed and programme-average fraction must not be applied.,HE460_MarLitter_transect01,S3:HE460_MarLitter_transect01,,,published_transect_center,all_litter,all_litter_not_plastic,https://doi.pangaea.de/10.1594/PANGAEA.890782,"published concentration, source rounding retained",S3_visual_GT2,,19.9,,,3,,,890782 data row 71,Landsat-8; Sentinel-2,measurement,S2A_MSIL2A_20160408T104022_R008_T32UMF_20210211T022918,,,,,,,,,,
MPL-0780,S3_SE_NORTH_SEA,"Gutow et al. 2018, Mar Pollut Bull 131:763-772",10.1594/PANGAEA.890782,CC BY 3.0,South-eastern North Sea (German Bight),North Sea,transect_density,"ship-based visual transect (10 m strip), macrolitter >2 cm",RV Heincke,54.238,7.92,54.2381,7.9198,54.2381,7.9198,2016-04-08,16:17:00,17:00:00,2016-04-08T16:17:00Z,"fisheries-related litter (nets, ropes, floats)",fisheries-related litter,plastic (fishing gear),>2 cm (macro),0,0,items km-2,0,,transect,15.102,10,0.151,,,not_verified,subset of the total density in the same transect,HE460_MarLitter_transect01,S3:HE460_MarLitter_transect01,MPL-0779,,published_transect_center,fisheries_litter_category,zero_only_for_defined_scope,https://doi.pangaea.de/10.1594/PANGAEA.890782,"published concentration, source rounding retained",S3_visual_GT2,"fisheries_litter_category;S3_visual_GT2;fisheries-related litter (nets, ropes, floats)",0,,,0,,,890782 data row 71,Landsat-8; Sentinel-2,measurement,S2A_MSIL2A_20160408T104022_R008_T32UMF_20210211T022918,,,,,,,,,,
MPL-0781,S3_SE_NORTH_SEA,"Gutow et al. 2018, Mar Pollut Bull 131:763-772",10.1594/PANGAEA.890782,CC BY 3.0,South-eastern North Sea (German Bight),North Sea,item_observation,"ship-based visual transect, position at moment of sighting",RV Heincke,54.267,7.833,54.2381,7.9198,54.2381,7.9198,2016-04-08,16:17:00,17:00:00,2016-04-08T16:17:00Z,plastic,plastic foil,plastic,>2 cm (macro),1,19.9,items km-2,,,none; parent all-litter density stored separately,15.102,10,0.151,,,not_verified,"Subsampled object context; parent density describes all materials, not local plastic density.",HE460_MarLitter_transect01,S3:HE460_MarLitter_transect01,MPL-0779,,sighting_position,object_context,object_time_is_parent_interval;source_object_row_not_reconstructed,https://doi.pangaea.de/10.1594/PANGAEA.890782,"retained subsampled object context, source object row not reconstructed",S3_visual_GT2,,19.9,,19.9,,,,890782 data row 71,Landsat-8; Sentinel-2,measurement,S2A_MSIL2A_20160408T104022_R008_T32UMF_20210211T022918,,,,,,,,,,
MPL-0782,S3_SE_NORTH_SEA,"Gutow et al. 2018, Mar Pollut Bull 131:763-772",10.1594/PANGAEA.890782,CC BY 3.0,South-eastern North Sea (German Bight),North Sea,item_observation,"ship-based visual transect, position at moment of sighting",RV Heincke,54.277,7.804,54.2381,7.9198,54.2381,7.9198,2016-04-08,16:17:00,17:00:00,2016-04-08T16:17:00Z,plastic,plastic foil,plastic,>2 cm (macro),1,19.9,items km-2,,,none; parent all-litter density stored separately,15.102,10,0.151,,,not_verified,"Subsampled object context; parent density describes all materials, not local plastic density.",HE460_MarLitter_transect01,S3:HE460_MarLitter_transect01,MPL-0779,,sighting_position,object_context,object_time_is_parent_interval;source_object_row_not_reconstructed,https://doi.pangaea.de/10.1594/PANGAEA.890782,"retained subsampled object context, source object row not reconstructed",S3_visual_GT2,,19.9,,19.9,,,,890782 data row 71,Landsat-8; Sentinel-2,measurement,S2A_MSIL2A_20160408T104022_R008_T32UMF_20210211T022918,,,,,,,,,,
MPL-0783,S3_SE_NORTH_SEA,"Gutow et al. 2018, Mar Pollut Bull 131:763-772",10.1594/PANGAEA.890782,CC BY 3.0,South-eastern North Sea (German Bight),North Sea,item_observation,"ship-based visual transect, position at moment of sighting",RV Heincke,54.303,7.73,54.2381,7.9198,54.2381,7.9198,2016-04-08,16:17:00,17:00:00,2016-04-08T16:17:00Z,plastic,plastic item,plastic,>2 cm (macro),1,19.9,items km-2,,,none; parent all-litter density stored separately,15.102,10,0.151,,,not_verified,"Subsampled object context; parent density describes all materials, not local plastic density.",HE460_MarLitter_transect01,S3:HE460_MarLitter_transect01,MPL-0779,,sighting_position,object_context,object_time_is_parent_interval;source_object_row_not_reconstructed,https://doi.pangaea.de/10.1594/PANGAEA.890782,"retained subsampled object context, source object row not reconstructed",S3_visual_GT2,,19.9,,19.9,,,,890782 data row 71,Landsat-8; Sentinel-2,measurement,S2A_MSIL2A_20160408T104022_R008_T32UMF_20210211T022918,,,,,,,,,,
MPL-0784,S3_SE_NORTH_SEA,"Gutow et al. 2018, Mar Pollut Bull 131:763-772",10.1594/PANGAEA.890782,CC BY 3.0,South-eastern North Sea (German Bight),North Sea,item_observation,"ship-based visual transect, position at moment of sighting",RV Heincke,54.398,7.482,54.3924,7.5161,54.4415,7.193,2016-04-09,14:58:00,15:58:00,2016-04-09T14:58:00Z,plastic,chewing gum packaging,plastic,>2 cm (macro),1,32.3,items km-2,,,none; parent all-litter density stored separately,21.663,10,0.217,,,not_verified,"Subsampled object context; parent density describes all materials, not local plastic density.",HE460_MarLitter_transect02,S3:HE460_MarLitter_transect02,MPL-0787,,sighting_position,object_context,object_time_is_parent_interval;source_object_row_not_reconstructed,https://doi.pangaea.de/10.1594/PANGAEA.890782,"retained subsampled object context, source object row not reconstructed",S3_visual_GT2,,32.3,,32.3,,,,890782 data row 72,Landsat-8; Sentinel-2,measurement,,,,,,,,,,,
MPL-0785,S3_SE_NORTH_SEA,"Gutow et al. 2018, Mar Pollut Bull 131:763-772",10.1594/PANGAEA.890782,CC BY 3.0,South-eastern North Sea (German Bight),North Sea,item_observation,"ship-based visual transect, position at moment of sighting",RV Heincke,54.4,7.465,54.3924,7.5161,54.4415,7.193,2016-04-09,14:58:00,15:58:00,2016-04-09T14:58:00Z,plastic,plastic item,plastic,>2 cm (macro),1,32.3,items km-2,,,none; parent all-litter density stored separately,21.663,10,0.217,,,not_verified,"Subsampled object context; parent density describes all materials, not local plastic density.",HE460_MarLitter_transect02,S3:HE460_MarLitter_transect02,MPL-0787,,sighting_position,object_context,object_time_is_parent_interval;source_object_row_not_reconstructed,https://doi.pangaea.de/10.1594/PANGAEA.890782,"retained subsampled object context, source object row not reconstructed",S3_visual_GT2,,32.3,,32.3,,,,890782 data row 72,Landsat-8; Sentinel-2,measurement,,,,,,,,,,,
MPL-0786,S3_SE_NORTH_SEA,"Gutow et al. 2018, Mar Pollut Bull 131:763-772",10.1594/PANGAEA.890782,CC BY 3.0,South-eastern North Sea (German Bight),North Sea,item_observation,"ship-based visual transect, position at moment of sighting",RV Heincke,54.412,7.386,54.3924,7.5161,54.4415,7.193,2016-04-09,14:58:00,15:58:00,2016-04-09T14:58:00Z,expanded polystyrene (EPS),fragment,expanded polystyrene (EPS),>2 cm (macro),1,32.3,items km-2,,,none; parent all-litter density stored separately,21.663,10,0.217,,,not_verified,"Subsampled object context; parent density describes all materials, not local plastic density.",HE460_MarLitter_transect02,S3:HE460_MarLitter_transect02,MPL-0787,,sighting_position,object_context,object_time_is_parent_interval;source_object_row_not_reconstructed,https://doi.pangaea.de/10.1594/PANGAEA.890782,"retained subsampled object context, source object row not reconstructed",S3_visual_GT2,,32.3,,32.3,,,,890782 data row 72,Landsat-8; Sentinel-2,measurement,,,,,,,,,,,
MPL-0787,S3_SE_NORTH_SEA,"Gutow et al. 2018, Mar Pollut Bull 131:763-772",10.1594/PANGAEA.890782,CC BY 3.0,South-eastern North Sea (German Bight),North Sea,transect_density,"ship-based visual transect (10 m strip), macrolitter >2 cm",RV Heincke,54.417,7.354,54.3924,7.5161,54.4415,7.193,2016-04-09,14:58:00,15:58:00,2016-04-09T14:58:00Z,total floating marine macrolitter (all materials),total floating marine macrolitter,mixed (predominantly plastic),>2 cm (macro),7,32.3,items km-2,32.3,,transect,21.663,10,0.217,,,not_verified,Published all-material litter density; plastic fraction is not reconstructed and programme-average fraction must not be applied.,HE460_MarLitter_transect02,S3:HE460_MarLitter_transect02,,,published_transect_center,all_litter,all_litter_not_plastic,https://doi.pangaea.de/10.1594/PANGAEA.890782,"published concentration, source rounding retained",S3_visual_GT2,,32.3,,,7,,,890782 data row 72,Landsat-8; Sentinel-2,measurement,,,,,,,,,,,
MPL-0788,S3_SE_NORTH_SEA,"Gutow et al. 2018, Mar Pollut Bull 131:763-772",10.1594/PANGAEA.890782,CC BY 3.0,South-eastern North Sea (German Bight),North Sea,transect_density,"ship-based visual transect (10 m strip), macrolitter >2 cm",RV Heincke,54.417,7.354,54.3924,7.5161,54.4415,7.193,2016-04-09,14:58:00,15:58:00,2016-04-09T14:58:00Z,"fisheries-related litter (nets, ropes, floats)",fisheries-related litter,plastic (fishing gear),>2 cm (macro),0,0,items km-2,0,,transect,21.663,10,0.217,,,not_verified,subset of the total density in the same transect,HE460_MarLitter_transect02,S3:HE460_MarLitter_transect02,MPL-0787,,published_transect_center,fisheries_litter_category,zero_only_for_defined_scope,https://doi.pangaea.de/10.1594/PANGAEA.890782,"published concentration, source rounding retained",S3_visual_GT2,"fisheries_litter_category;S3_visual_GT2;fisheries-related litter (nets, ropes, floats)",0,,,0,,,890782 data row 72,Landsat-8; Sentinel-2,measurement,,,,,,,,,,,
MPL-0789,S3_SE_NORTH_SEA,"Gutow et al. 2018, Mar Pollut Bull 131:763-772",10.1594/PANGAEA.890782,CC BY 3.0,South-eastern North Sea (German Bight),North Sea,item_observation,"ship-based visual transect, position at moment of sighting",RV Heincke,54.418,7.341,54.3924,7.5161,54.4415,7.193,2016-04-09,14:58:00,15:58:00,2016-04-09T14:58:00Z,plastic,plastic bag,plastic,>2 cm (macro),1,32.3,items km-2,,,none; parent all-litter density stored separately,21.663,10,0.217,,,not_verified,"Subsampled object context; parent density describes all materials, not local plastic density.",HE460_MarLitter_transect02,S3:HE460_MarLitter_transect02,MPL-0787,,sighting_position,object_context,object_time_is_parent_interval;source_object_row_not_reconstructed,https://doi.pangaea.de/10.1594/PANGAEA.890782,"retained subsampled object context, source object row not reconstructed",S3_visual_GT2,,32.3,,32.3,,,,890782 data row 72,Landsat-8; Sentinel-2,measurement,,,,,,,,,,,
MPL-0790,S3_SE_NORTH_SEA,"Gutow et al. 2018, Mar Pollut Bull 131:763-772",10.1594/PANGAEA.890782,CC BY 3.0,South-eastern North Sea (German Bight),North Sea,item_observation,"ship-based visual transect, position at moment of sighting",RV Heincke,54.418,7.338,54.3924,7.5161,54.4415,7.193,2016-04-09,14:58:00,15:58:00,2016-04-09T14:58:00Z,plastic,item,plastic,>2 cm (macro),1,32.3,items km-2,,,none; parent all-litter density stored separately,21.663,10,0.217,,,not_verified,"Subsampled object context; parent density describes all materials, not local plastic density.",HE460_MarLitter_transect02,S3:HE460_MarLitter_transect02,MPL-0787,,sighting_position,object_context,object_time_is_parent_interval;source_object_row_not_reconstructed,https://doi.pangaea.de/10.1594/PANGAEA.890782,"retained subsampled object context, source object row not reconstructed",S3_visual_GT2,,32.3,,32.3,,,,890782 data row 72,Landsat-8; Sentinel-2,measurement,,,,,,,,,,,
MPL-0791,S3_SE_NORTH_SEA,"Gutow et al. 2018, Mar Pollut Bull 131:763-772",10.1594/PANGAEA.890782,CC BY 3.0,South-eastern North Sea (German Bight),North Sea,item_observation,"ship-based visual transect, position at moment of sighting",RV Heincke,54.419,7.335,54.3924,7.5161,54.4415,7.193,2016-04-09,14:58:00,15:58:00,2016-04-09T14:58:00Z,plastic,item,plastic,>2 cm (macro),1,32.3,items km-2,,,none; parent all-litter density stored separately,21.663,10,0.217,,,not_verified,"Subsampled object context; parent density describes all materials, not local plastic density.",HE460_MarLitter_transect02,S3:HE460_MarLitter_transect02,MPL-0787,,sighting_position,object_context,object_time_is_parent_interval;source_object_row_not_reconstructed,https://doi.pangaea.de/10.1594/PANGAEA.890782,"retained subsampled object context, source object row not reconstructed",S3_visual_GT2,,32.3,,32.3,,,,890782 data row 72,Landsat-8; Sentinel-2,measurement,,,,,,,,,,,
MPL-0792,S3_SE_NORTH_SEA,"Gutow et al. 2018, Mar Pollut Bull 131:763-772",10.1594/PANGAEA.890782,CC BY 3.0,South-eastern North Sea (German Bight),North Sea,item_observation,"ship-based visual transect, position at moment of sighting",RV Heincke,54.439,7.207,54.3924,7.5161,54.4415,7.193,2016-04-09,14:58:00,15:58:00,2016-04-09T14:58:00Z,plastic,plastic item,plastic,>2 cm (macro),1,32.3,items km-2,,,none; parent all-litter density stored separately,21.663,10,0.217,,,not_verified,"Subsampled object context; parent density describes all materials, not local plastic density.",HE460_MarLitter_transect02,S3:HE460_MarLitter_transect02,MPL-0787,,sighting_position,object_context,object_time_is_parent_interval;source_object_row_not_reconstructed,https://doi.pangaea.de/10.1594/PANGAEA.890782,"retained subsampled object context, source object row not reconstructed",S3_visual_GT2,,32.3,,32.3,,,,890782 data row 72,Landsat-8; Sentinel-2,measurement,,,,,,,,,,,
MPL-0793,S3_SE_NORTH_SEA,"Gutow et al. 2018, Mar Pollut Bull 131:763-772",10.1594/PANGAEA.890782,CC BY 3.0,South-eastern North Sea (German Bight),North Sea,item_observation,"ship-based visual transect, position at moment of sighting",RV Heincke,54.75,6.715,54.7483,6.7159,54.9341,6.56,2016-04-10,16:15:00,17:18:00,2016-04-10T16:15:00Z,plastic,beverage packaging,plastic,>2 cm (macro),1,52.3,items km-2,,,none; parent all-litter density stored separately,22.93,10,0.229,,,not_verified,"Subsampled object context; parent density describes all materials, not local plastic density.",HE460_MarLitter_transect03,S3:HE460_MarLitter_transect03,MPL-0798,,sighting_position,object_context,object_time_is_parent_interval;source_object_row_not_reconstructed,https://doi.pangaea.de/10.1594/PANGAEA.890782,"retained subsampled object context, source object row not reconstructed",S3_visual_GT2,,52.3,,52.3,,,,890782 data row 73,Landsat-8; Sentinel-2,measurement,S2A_MSIL2A_20160411T105022_R051_T32ULF_20210211T031140,,,,,,,,,,
MPL-0794,S3_SE_NORTH_SEA,"Gutow et al. 2018, Mar Pollut Bull 131:763-772",10.1594/PANGAEA.890782,CC BY 3.0,South-eastern North Sea (German Bight),North Sea,item_observation,"ship-based visual transect, position at moment of sighting",RV Heincke,54.764,6.703,54.7483,6.7159,54.9341,6.56,2016-04-10,16:15:00,17:18:00,2016-04-10T16:15:00Z,plastic,plastic pipe,plastic,>2 cm (macro),1,52.3,items km-2,,,none; parent all-litter density stored separately,22.93,10,0.229,,,not_verified,"Subsampled object context; parent density describes all materials, not local plastic density.",HE460_MarLitter_transect03,S3:HE460_MarLitter_transect03,MPL-0798,,sighting_position,object_context,object_time_is_parent_interval;source_object_row_not_reconstructed,https://doi.pangaea.de/10.1594/PANGAEA.890782,"retained subsampled object context, source object row not reconstructed",S3_visual_GT2,,52.3,,52.3,,,,890782 data row 73,Landsat-8; Sentinel-2,measurement,S2A_MSIL2A_20160411T105022_R051_T32ULF_20210211T031140,,,,,,,,,,
MPL-0795,S3_SE_NORTH_SEA,"Gutow et al. 2018, Mar Pollut Bull 131:763-772",10.1594/PANGAEA.890782,CC BY 3.0,South-eastern North Sea (German Bight),North Sea,item_observation,"ship-based visual transect, position at moment of sighting",RV Heincke,54.798,6.675,54.7483,6.7159,54.9341,6.56,2016-04-10,16:15:00,17:18:00,2016-04-10T16:15:00Z,plastic,plastic bag,plastic,>2 cm (macro),1,52.3,items km-2,,,none; parent all-litter density stored separately,22.93,10,0.229,,,not_verified,"Subsampled object context; parent density describes all materials, not local plastic density.",HE460_MarLitter_transect03,S3:HE460_MarLitter_transect03,MPL-0798,,sighting_position,object_context,object_time_is_parent_interval;source_object_row_not_reconstructed,https://doi.pangaea.de/10.1594/PANGAEA.890782,"retained subsampled object context, source object row not reconstructed",S3_visual_GT2,,52.3,,52.3,,,,890782 data row 73,Landsat-8; Sentinel-2,measurement,S2A_MSIL2A_20160411T105022_R051_T32ULF_20210211T031140,,,,,,,,,,
MPL-0796,S3_SE_NORTH_SEA,"Gutow et al. 2018, Mar Pollut Bull 131:763-772",10.1594/PANGAEA.890782,CC BY 3.0,South-eastern North Sea (German Bight),North Sea,item_observation,"ship-based visual transect, position at moment of sighting",RV Heincke,54.805,6.669,54.7483,6.7159,54.9341,6.56,2016-04-10,16:15:00,17:18:00,2016-04-10T16:15:00Z,plastic,plastic fragment,plastic,>2 cm (macro),1,52.3,items km-2,,,none; parent all-litter density stored separately,22.93,10,0.229,,,not_verified,"Subsampled object context; parent density describes all materials, not local plastic density.",HE460_MarLitter_transect03,S3:HE460_MarLitter_transect03,MPL-0798,,sighting_position,object_context,object_time_is_parent_interval;source_object_row_not_reconstructed,https://doi.pangaea.de/10.1594/PANGAEA.890782,"retained subsampled object context, source object row not reconstructed",S3_visual_GT2,,52.3,,52.3,,,,890782 data row 73,Landsat-8; Sentinel-2,measurement,S2A_MSIL2A_20160411T105022_R051_T32ULF_20210211T031140,,,,,,,,,,
MPL-0797,S3_SE_NORTH_SEA,"Gutow et al. 2018, Mar Pollut Bull 131:763-772",10.1594/PANGAEA.890782,CC BY 3.0,South-eastern North Sea (German Bight),North Sea,item_observation,"ship-based visual transect, position at moment of sighting",RV Heincke,54.833,6.646,54.7483,6.7159,54.9341,6.56,2016-04-10,16:15:00,17:18:00,2016-04-10T16:15:00Z,plastic,plastic fragment,plastic,>2 cm (macro),1,52.3,items km-2,,,none; parent all-litter density stored separately,22.93,10,0.229,,,not_verified,"Subsampled object context; parent density describes all materials, not local plastic density.",HE460_MarLitter_transect03,S3:HE460_MarLitter_transect03,MPL-0798,,sighting_position,object_context,object_time_is_parent_interval;source_object_row_not_reconstructed,https://doi.pangaea.de/10.1594/PANGAEA.890782,"retained subsampled object context, source object row not reconstructed",S3_visual_GT2,,52.3,,52.3,,,,890782 data row 73,Landsat-8; Sentinel-2,measurement,S2A_MSIL2A_20160411T105022_R051_T32ULF_20210211T031140,,,,,,,,,,
MPL-0798,S3_SE_NORTH_SEA,"Gutow et al. 2018, Mar Pollut Bull 131:763-772",10.1594/PANGAEA.890782,CC BY 3.0,South-eastern North Sea (German Bight),North Sea,transect_density,"ship-based visual transect (10 m strip), macrolitter >2 cm",RV Heincke,54.841,6.638,54.7483,6.7159,54.9341,6.56,2016-04-10,16:15:00,17:18:00,2016-04-10T16:15:00Z,total floating marine macrolitter (all materials),total floating marine macrolitter,mixed (predominantly plastic),>2 cm (macro),12,52.3,items km-2,52.3,,transect,22.93,10,0.229,,,not_verified,Published all-material litter density; plastic fraction is not reconstructed and programme-average fraction must not be applied.,HE460_MarLitter_transect03,S3:HE460_MarLitter_transect03,,,published_transect_center,all_litter,all_litter_not_plastic,https://doi.pangaea.de/10.1594/PANGAEA.890782,"published concentration, source rounding retained",S3_visual_GT2,,52.3,,,12,,,890782 data row 73,Landsat-8; Sentinel-2,measurement,S2A_MSIL2A_20160411T105022_R051_T32ULF_20210211T031140,,,,,,,,,,
MPL-0799,S3_SE_NORTH_SEA,"Gutow et al. 2018, Mar Pollut Bull 131:763-772",10.1594/PANGAEA.890782,CC BY 3.0,South-eastern North Sea (German Bight),North Sea,transect_density,"ship-based visual transect (10 m strip), macrolitter >2 cm",RV Heincke,54.841,6.638,54.7483,6.7159,54.9341,6.56,2016-04-10,16:15:00,17:18:00,2016-04-10T16:15:00Z,"fisheries-related litter (nets, ropes, floats)",fisheries-related litter,plastic (fishing gear),>2 cm (macro),1,4.361,items km-2,4.361,,transect,22.93,10,0.229,,,not_verified,subset of the total density in the same transect,HE460_MarLitter_transect03,S3:HE460_MarLitter_transect03,MPL-0798,,published_transect_center,fisheries_litter_category,,https://doi.pangaea.de/10.1594/PANGAEA.890782,"published concentration, source rounding retained",S3_visual_GT2,,4.361,,,1,,,890782 data row 73,Landsat-8; Sentinel-2,measurement,S2A_MSIL2A_20160411T105022_R051_T32ULF_20210211T031140,,,,,,,,,,
MPL-0800,S3_SE_NORTH_SEA,"Gutow et al. 2018, Mar Pollut Bull 131:763-772",10.1594/PANGAEA.890782,CC BY 3.0,South-eastern North Sea (German Bight),North Sea,item_observation,"ship-based visual transect, position at moment of sighting",RV Heincke,54.847,6.634,54.7483,6.7159,54.9341,6.56,2016-04-10,16:15:00,17:18:00,2016-04-10T16:15:00Z,plastic,ice packaging,plastic,>2 cm (macro),1,52.3,items km-2,,,none; parent all-litter density stored separately,22.93,10,0.229,,,not_verified,"Subsampled object context; parent density describes all materials, not local plastic density.",HE460_MarLitter_transect03,S3:HE460_MarLitter_transect03,MPL-0798,,sighting_position,object_context,object_time_is_parent_interval;source_object_row_not_reconstructed,https://doi.pangaea.de/10.1594/PANGAEA.890782,"retained subsampled object context, source object row not reconstructed",S3_visual_GT2,,52.3,,52.3,,,,890782 data row 73,Landsat-8; Sentinel-2,measurement,S2A_MSIL2A_20160411T105022_R051_T32ULF_20210211T031140,,,,,,,,,,
MPL-0801,S3_SE_NORTH_SEA,"Gutow et al. 2018, Mar Pollut Bull 131:763-772",10.1594/PANGAEA.890782,CC BY 3.0,South-eastern North Sea (German Bight),North Sea,item_observation,"ship-based visual transect, position at moment of sighting",RV Heincke,54.857,6.626,54.7483,6.7159,54.9341,6.56,2016-04-10,16:15:00,17:18:00,2016-04-10T16:15:00Z,plastic,plastic fragment,plastic,>2 cm (macro),1,52.3,items km-2,,,none; parent all-litter density stored separately,22.93,10,0.229,,,not_verified,"Subsampled object context; parent density describes all materials, not local plastic density.",HE460_MarLitter_transect03,S3:HE460_MarLitter_transect03,MPL-0798,,sighting_position,object_context,object_time_is_parent_interval;source_object_row_not_reconstructed,https://doi.pangaea.de/10.1594/PANGAEA.890782,"retained subsampled object context, source object row not reconstructed",S3_visual_GT2,,52.3,,52.3,,,,890782 data row 73,Landsat-8; Sentinel-2,measurement,S2A_MSIL2A_20160411T105022_R051_T32ULF_20210211T031140,,,,,,,,,,
MPL-0802,S3_SE_NORTH_SEA,"Gutow et al. 2018, Mar Pollut Bull 131:763-772",10.1594/PANGAEA.890782,CC BY 3.0,South-eastern North Sea (German Bight),North Sea,item_observation,"ship-based visual transect, position at moment of sighting",RV Heincke,54.899,6.591,54.7483,6.7159,54.9341,6.56,2016-04-10,16:15:00,17:18:00,2016-04-10T16:15:00Z,plastic,plastic fragment,plastic,>2 cm (macro),1,52.3,items km-2,,,none; parent all-litter density stored separately,22.93,10,0.229,,,not_verified,"Subsampled object context; parent density describes all materials, not local plastic density.",HE460_MarLitter_transect03,S3:HE460_MarLitter_transect03,MPL-0798,,sighting_position,object_context,object_time_is_parent_interval;source_object_row_not_reconstructed,https://doi.pangaea.de/10.1594/PANGAEA.890782,"retained subsampled object context, source object row not reconstructed",S3_visual_GT2,,52.3,,52.3,,,,890782 data row 73,Landsat-8; Sentinel-2,measurement,S2A_MSIL2A_20160411T105022_R051_T32ULF_20210211T031140,,,,,,,,,,
MPL-0803,S3_SE_NORTH_SEA,"Gutow et al. 2018, Mar Pollut Bull 131:763-772",10.1594/PANGAEA.890782,CC BY 3.0,South-eastern North Sea (German Bight),North Sea,item_observation,"ship-based visual transect, position at moment of sighting",RV Heincke,54.907,6.585,54.7483,6.7159,54.9341,6.56,2016-04-10,16:15:00,17:18:00,2016-04-10T16:15:00Z,plastic,float of fishing net,plastic,>2 cm (macro),1,52.3,items km-2,,,none; parent all-litter density stored separately,22.93,10,0.229,,,not_verified,"Subsampled object context; parent density describes all materials, not local plastic density.",HE460_MarLitter_transect03,S3:HE460_MarLitter_transect03,MPL-0798,,sighting_position,object_context,object_time_is_parent_interval;source_object_row_not_reconstructed,https://doi.pangaea.de/10.1594/PANGAEA.890782,"retained subsampled object context, source object row not reconstructed",S3_visual_GT2,,52.3,,52.3,,,,890782 data row 73,Landsat-8; Sentinel-2,measurement,S2A_MSIL2A_20160411T105022_R051_T32ULF_20210211T031140,,,,,,,,,,
MPL-0804,S3_SE_NORTH_SEA,"Gutow et al. 2018, Mar Pollut Bull 131:763-772",10.1594/PANGAEA.890782,CC BY 3.0,South-eastern North Sea (German Bight),North Sea,item_observation,"ship-based visual transect, position at moment of sighting",RV Heincke,54.909,6.582,54.7483,6.7159,54.9341,6.56,2016-04-10,16:15:00,17:18:00,2016-04-10T16:15:00Z,plastic,plastic fragment,plastic,>2 cm (macro),1,52.3,items km-2,,,none; parent all-litter density stored separately,22.93,10,0.229,,,not_verified,"Subsampled object context; parent density describes all materials, not local plastic density.",HE460_MarLitter_transect03,S3:HE460_MarLitter_transect03,MPL-0798,,sighting_position,object_context,object_time_is_parent_interval;source_object_row_not_reconstructed,https://doi.pangaea.de/10.1594/PANGAEA.890782,"retained subsampled object context, source object row not reconstructed",S3_visual_GT2,,52.3,,52.3,,,,890782 data row 73,Landsat-8; Sentinel-2,measurement,S2A_MSIL2A_20160411T105022_R051_T32ULF_20210211T031140,,,,,,,,,,
MPL-0805,S3_SE_NORTH_SEA,"Gutow et al. 2018, Mar Pollut Bull 131:763-772",10.1594/PANGAEA.890782,CC BY 3.0,South-eastern North Sea (German Bight),North Sea,item_observation,"ship-based visual transect, position at moment of sighting",RV Heincke,54.93,6.564,54.7483,6.7159,54.9341,6.56,2016-04-10,16:15:00,17:18:00,2016-04-10T16:15:00Z,plastic,plastic fragment,plastic,>2 cm (macro),1,52.3,items km-2,,,none; parent all-litter density stored separately,22.93,10,0.229,,,not_verified,"Subsampled object context; parent density describes all materials, not local plastic density.",HE460_MarLitter_transect03,S3:HE460_MarLitter_transect03,MPL-0798,,sighting_position,object_context,object_time_is_parent_interval;source_object_row_not_reconstructed,https://doi.pangaea.de/10.1594/PANGAEA.890782,"retained subsampled object context, source object row not reconstructed",S3_visual_GT2,,52.3,,52.3,,,,890782 data row 73,Landsat-8; Sentinel-2,measurement,S2A_MSIL2A_20160411T105022_R051_T32ULF_20210211T031140,,,,,,,,,,
