zone_id,scene_id,mission,datetime,status,area_km2,detected_area_m2,concentration_items_km2,conc_lo,conc_hi,interval,unit,measurement_profile,size_class,target_scope,prob_mean,valid_fraction,cloud_fraction,flags,n_linked_samples,linked_sample_ids,centroid_lon,centroid_lat,kind,detection_status,concentration_status,field_estimate_items_km2,layer_kind,detector_verdict,detection_reason,suspicious_n_objects,suspicious_area_m2,pair_status,pair_reject_reasons,strip_area_raster_km2,quality_decision,quality_reject_reason
Z-S3_HE419_MarLitter_transect29,LC08_L2SP_196022_20140412_02_T1,Landsat-8,2014-04-12T10:20:44Z,insufficient_data,0.4635,,,,,,items/km2,,,,,0.0,1.0,pair_rejected_drift,6,MPL-0162;MPL-0163;MPL-0164;MPL-0165;MPL-0166;MPL-0167,8.13625,54.7855,candidate_strip,insufficient_data,unavailable,,candidate_strip,insufficient_data,"связь снимка с полевым измерением не подтверждена: Облачность над точкой, Дрейф за разрыв времени больше допуска (несинхронно)",,,rejected,CLOUD;DRIFT_TOO_LARGE,1.1997,reject,cloud
Z-S3_HE419_MarLitter_transect30,LC08_L2SP_196022_20140412_02_T1,Landsat-8,2014-04-12T10:20:44Z,insufficient_data,0.3042,,,,,,items/km2,,,,,0.0,1.0,pair_rejected_drift,9,MPL-0153;MPL-0154;MPL-0155;MPL-0156;MPL-0157;MPL-0158;MPL-0159;MPL-0160;MPL-0161,8.0138,54.55375,candidate_strip,insufficient_data,unavailable,,candidate_strip,insufficient_data,"связь снимка с полевым измерением не подтверждена: Дрейф за разрыв времени больше допуска (несинхронно), Ошибка обработки снимка",,,rejected,DRIFT_TOO_LARGE;PROCESSING_ERROR,0.9504,reject,cloud(qa_suspect:red_sr<0.03)
Z-S3_HE419_MarLitter_transect32,LC08_L2SP_196022_20140412_02_T1,Landsat-8,2014-04-12T10:20:44Z,insufficient_data,0.6062,,,,,,items/km2,,,,,0.0,1.0,pair_rejected_drift,7,MPL-0143;MPL-0144;MPL-0145;MPL-0146;MPL-0147;MPL-0150;MPL-0151,7.9448,54.40885,candidate_strip,insufficient_data,unavailable,,candidate_strip,insufficient_data,"связь снимка с полевым измерением не подтверждена: Дрейф за разрыв времени больше допуска (несинхронно), Нет данных/край снимка",,,rejected,DRIFT_TOO_LARGE;NODATA,1.5408,reject,insufficient_coverage
Z-S3_HE460_MarLitter_transect01,S2A_MSIL2A_20160408T104022_R008_T32UMF_20210211T022918,Sentinel-2,2016-04-08T10:40:22Z,insufficient_data,0.3042,0.0,,,,,items/km2,,,,,0.0233,0.8939,pair_rejected_drift,5,MPL-0779;MPL-0780;MPL-0781;MPL-0782;MPL-0783,7.81944,54.27241,candidate_strip,insufficient_data,unavailable,,candidate_strip,insufficient_data,"связь снимка с полевым измерением не подтверждена: Облачность над точкой, Дрейф за разрыв времени больше допуска (несинхронно)",0,0.0,rejected,CLOUD;DRIFT_TOO_LARGE,0.5109,reject,cloud
Z-S3_HE460_MarLitter_transect03,S2A_MSIL2A_20160411T105022_R051_T32ULF_20210211T031140,Sentinel-2,2016-04-11T10:50:22Z,insufficient_data,0.459,0.0,,,,,items/km2,,,,,1.0,0.0,pair_rejected_drift,13,MPL-0793;MPL-0794;MPL-0795;MPL-0796;MPL-0797;MPL-0798;MPL-0799;MPL-0800;MPL-0801;MPL-0802;MPL-0803;MPL-0804;MPL-0805,6.63795,54.8412,candidate_strip,insufficient_data,unavailable,,candidate_strip,not_detected,связь снимка с полевым измерением не подтверждена: Дрейф за разрыв времени больше допуска (несинхронно),0,0.0,rejected,DRIFT_TOO_LARGE,0.7633,accept,
Z-S4_DOORS3_T1,S2A_35TQJ_20240602_0_L2A,Sentinel-2,2024-06-02T08:58:16Z,insufficient_data,0.7801,0.0,,,,,items/km2,,,,,1.0,0.0,pair_rejected_drift,1,MPL-0904,29.6227,43.60877,candidate_strip,insufficient_data,unavailable,,candidate_strip,not_detected,"связь снимка с полевым измерением не подтверждена: Дрейф за разрыв времени больше допуска (несинхронно), Время наблюдения неизвестно (окно по суткам)",0,0.0,rejected,DRIFT_TOO_LARGE;TIME_UNKNOWN,0.8049,accept,
Z-S4_DOORS3_T11,S2A_36TYN_20240603_0_L2A,Sentinel-2,2024-06-03T08:28:24Z,insufficient_data,0.7803,0.0,,,,,items/km2,,,,,0.9956,0.0,pair_rejected_drift,1,MPL-0919,36.67806,42.49278,candidate_strip,insufficient_data,unavailable,,candidate_strip,not_detected,"связь снимка с полевым измерением не подтверждена: Дрейф за разрыв времени больше допуска (несинхронно), Время наблюдения неизвестно (окно по суткам)",0,0.0,rejected,DRIFT_TOO_LARGE;TIME_UNKNOWN,0.8042,accept,
Z-S4_DOORS3_T12,S2A_37TCH_20240603_0_L2A,Sentinel-2,2024-06-03T08:28:19Z,insufficient_data,0.7805,0.0,,,,,items/km2,,,,,0.0,0.0,pair_rejected_drift,1,MPL-0918,37.03694,42.43722,candidate_strip,insufficient_data,unavailable,,candidate_strip,insufficient_data,"связь снимка с полевым измерением не подтверждена: Дрейф за разрыв времени больше допуска (несинхронно), Солнечные блики, Время наблюдения неизвестно (окно по суткам)",0,0.0,rejected,DRIFT_TOO_LARGE;GLINT;TIME_UNKNOWN,0.8041,reject,glint
Z-S4_DOORS3_T13,S2A_37TCH_20240603_0_L2A,Sentinel-2,2024-06-03T08:28:19Z,insufficient_data,0.7806,0.0,,,,,items/km2,,,,,0.0,0.0,pair_rejected_drift,1,MPL-0917,37.32999,42.39014,candidate_strip,insufficient_data,unavailable,,candidate_strip,insufficient_data,"связь снимка с полевым измерением не подтверждена: Дрейф за разрыв времени больше допуска (несинхронно), Солнечные блики, Время наблюдения неизвестно (окно по суткам)",0,0.0,rejected,DRIFT_TOO_LARGE;GLINT;TIME_UNKNOWN,0.8045,reject,glint
Z-S4_DOORS3_T14,S2A_37TCG_20240603_0_L2A,Sentinel-2,2024-06-03T08:28:34Z,insufficient_data,0.7807,0.0,,,,,items/km2,,,,,0.0,0.0,pair_rejected_drift,1,MPL-0916,37.66594,42.33851,candidate_strip,insufficient_data,unavailable,,candidate_strip,insufficient_data,"связь снимка с полевым измерением не подтверждена: Дрейф за разрыв времени больше допуска (несинхронно), Солнечные блики, Время наблюдения неизвестно (окно по суткам)",0,0.0,rejected,DRIFT_TOO_LARGE;GLINT;TIME_UNKNOWN,0.8045,reject,glint
Z-S4_DOORS3_T15,S2A_37TDG_20240603_0_L2A,Sentinel-2,2024-06-03T08:28:30Z,insufficient_data,0.7808,0.0,,,,,items/km2,,,,,0.0,0.0,pair_rejected_drift,1,MPL-0915,37.87974,42.30189,candidate_strip,insufficient_data,unavailable,,candidate_strip,insufficient_data,"связь снимка с полевым измерением не подтверждена: Дрейф за разрыв времени больше допуска (несинхронно), Солнечные блики, Время наблюдения неизвестно (окно по суткам)",0,0.0,rejected,DRIFT_TOO_LARGE;GLINT;TIME_UNKNOWN,0.8046,reject,glint
Z-S4_DOORS3_T16,S2A_37TDG_20240603_0_L2A,Sentinel-2,2024-06-03T08:28:30Z,insufficient_data,0.7809,0.0,,,,,items/km2,,,,,0.074,0.0,pair_rejected_drift,1,MPL-0914,38.13714,42.26162,candidate_strip,insufficient_data,unavailable,,candidate_strip,insufficient_data,"связь снимка с полевым измерением не подтверждена: Дрейф за разрыв времени больше допуска (несинхронно), Солнечные блики, Время наблюдения неизвестно (окно по суткам)",0,0.0,rejected,DRIFT_TOO_LARGE;GLINT;TIME_UNKNOWN,0.8045,reject,glint
Z-S4_DOORS3_T17,S2A_37TDG_20240603_0_L2A,Sentinel-2,2024-06-03T08:28:30Z,insufficient_data,0.7809,0.0,,,,,items/km2,,,,,1.0,0.0,pair_rejected_drift,1,MPL-0913,38.41583,42.21806,candidate_strip,insufficient_data,unavailable,,candidate_strip,not_detected,"связь снимка с полевым измерением не подтверждена: Дрейф за разрыв времени больше допуска (несинхронно), Время наблюдения неизвестно (окно по суткам)",0,0.0,rejected,DRIFT_TOO_LARGE;TIME_UNKNOWN,0.8046,accept,
Z-S4_DOORS3_T18,S2B_37TFG_20240605_0_L2A,Sentinel-2,2024-06-05T08:18:24Z,insufficient_data,0.7804,0.0,,,,,items/km2,,,,,1.0,0.0,pair_rejected_drift,1,MPL-0921,41.069,41.80211,candidate_strip,insufficient_data,unavailable,,candidate_strip,not_detected,"связь снимка с полевым измерением не подтверждена: Дрейф за разрыв времени больше допуска (несинхронно), Время наблюдения неизвестно (окно по суткам)",0,0.0,rejected,DRIFT_TOO_LARGE;TIME_UNKNOWN,0.8044,accept,
Z-S4_DOORS3_T19,S2B_37TFG_20240605_0_L2A,Sentinel-2,2024-06-05T08:18:24Z,insufficient_data,0.7803,0.0,,,,,items/km2,,,,,1.0,0.0,pair_rejected_drift,1,MPL-0920,41.24776,41.77479,candidate_strip,insufficient_data,unavailable,,candidate_strip,not_detected,"связь снимка с полевым измерением не подтверждена: Дрейф за разрыв времени больше допуска (несинхронно), Время наблюдения неизвестно (окно по суткам)",0,0.0,rejected,DRIFT_TOO_LARGE;TIME_UNKNOWN,0.8043,accept,
Z-S4_DOORS3_T2,S2A_35TQJ_20240602_0_L2A,Sentinel-2,2024-06-02T08:58:16Z,insufficient_data,0.78,0.0,,,,,items/km2,,,,,1.0,0.0,pair_rejected_drift,1,MPL-0903,29.83056,43.55139,candidate_strip,insufficient_data,unavailable,,candidate_strip,not_detected,"связь снимка с полевым измерением не подтверждена: Дрейф за разрыв времени больше допуска (несинхронно), Время наблюдения неизвестно (окно по суткам)",0,0.0,rejected,DRIFT_TOO_LARGE;TIME_UNKNOWN,0.8042,accept,
Z-S4_DOORS3_T20,S2A_37TGG_20240607_0_L2A,Sentinel-2,2024-06-07T08:08:27Z,insufficient_data,0.7801,0.0,,,,,items/km2,,,,,0.0,0.0432,pair_rejected_drift,1,MPL-0923,41.63597,41.72292,candidate_strip,insufficient_data,unavailable,,candidate_strip,insufficient_data,"связь снимка с полевым измерением не подтверждена: Дрейф за разрыв времени больше допуска (несинхронно), Солнечные блики, Время наблюдения неизвестно (окно по суткам)",0,0.0,rejected,DRIFT_TOO_LARGE;GLINT;TIME_UNKNOWN,0.804,reject,glint
Z-S4_DOORS3_T21,S2A_37TGG_20240607_0_L2A,Sentinel-2,2024-06-07T08:08:27Z,insufficient_data,0.7801,0.0,,,,,items/km2,,,,,0.0,0.0,pair_rejected_drift,1,MPL-0922,41.54911,41.5955,candidate_strip,insufficient_data,unavailable,,candidate_strip,insufficient_data,"связь снимка с полевым измерением не подтверждена: Дрейф за разрыв времени больше допуска (несинхронно), Солнечные блики, Время наблюдения неизвестно (окно по суткам)",0,0.0,rejected,DRIFT_TOO_LARGE;GLINT;TIME_UNKNOWN,0.804,reject,glint
Z-S4_DOORS3_T25,S2B_37TGG_20240612_0_L2A,Sentinel-2,2024-06-12T08:08:25Z,insufficient_data,0.78,0.0,,,,,items/km2,,,,,1.0,0.0,pair_rejected_drift,1,MPL-0927,41.67792,42.037,candidate_strip,insufficient_data,unavailable,,candidate_strip,not_detected,"связь снимка с полевым измерением не подтверждена: Дрейф за разрыв времени больше допуска (несинхронно), Время наблюдения неизвестно (окно по суткам)",0,0.0,rejected,DRIFT_TOO_LARGE;TIME_UNKNOWN,0.8041,accept,
Z-S4_DOORS3_T3,S2A_36TVN_20240602_0_L2A,Sentinel-2,2024-06-02T08:58:21Z,insufficient_data,0.7809,0.0,,,,,items/km2,,,,,0.0,0.0,pair_rejected_drift,1,MPL-0912,32.45125,43.13,candidate_strip,insufficient_data,unavailable,,candidate_strip,insufficient_data,"связь снимка с полевым измерением не подтверждена: Дрейф за разрыв времени больше допуска (несинхронно), Солнечные блики, Время наблюдения неизвестно (окно по суткам)",0,0.0,rejected,DRIFT_TOO_LARGE;GLINT;TIME_UNKNOWN,0.8046,reject,glint
Z-S4_DOORS3_T30,S2B_36TUN_20240617_0_L2A,Sentinel-2,2024-06-17T08:58:25Z,insufficient_data,0.7807,0.0,,,,,items/km2,,,,,1.0,0.0,pair_rejected_drift,1,MPL-0934,31.50876,42.51907,candidate_strip,insufficient_data,unavailable,,candidate_strip,not_detected,"связь снимка с полевым измерением не подтверждена: Дрейф за разрыв времени больше допуска (несинхронно), Время наблюдения неизвестно (окно по суткам)",0,0.0,rejected,DRIFT_TOO_LARGE;TIME_UNKNOWN,0.8045,accept,
Z-S4_DOORS3_T31,S2B_36TUN_20240617_0_L2A,Sentinel-2,2024-06-17T08:58:25Z,insufficient_data,0.7806,0.0,,,,,items/km2,,,,,1.0,0.0,pair_rejected_drift,1,MPL-0933,31.26427,42.49174,candidate_strip,insufficient_data,unavailable,,candidate_strip,not_detected,"связь снимка с полевым измерением не подтверждена: Дрейф за разрыв времени больше допуска (несинхронно), Время наблюдения неизвестно (окно по суткам)",0,0.0,rejected,DRIFT_TOO_LARGE;TIME_UNKNOWN,0.8041,accept,
Z-S4_DOORS3_T32,S2B_36TUN_20240617_0_L2A,Sentinel-2,2024-06-17T08:58:25Z,insufficient_data,0.7804,0.0,,,,,items/km2,,,,,1.0,0.0,pair_rejected_drift,1,MPL-0932,30.95665,42.46465,candidate_strip,insufficient_data,unavailable,,candidate_strip,not_detected,"связь снимка с полевым измерением не подтверждена: Дрейф за разрыв времени больше допуска (несинхронно), Время наблюдения неизвестно (окно по суткам)",0,0.0,rejected,DRIFT_TOO_LARGE;TIME_UNKNOWN,0.8039,accept,
Z-S4_DOORS3_T33,LC09_L2SP_180030_20240618_02_T1,Landsat-9,2024-06-18T08:44:09Z,insufficient_data,0.7804,,,,,,items/km2,,,,,1.0,0.0,pair_rejected_drift,1,MPL-0935,29.214749,43.35643,candidate_strip,insufficient_data,unavailable,,candidate_strip,insufficient_data,"связь снимка с полевым измерением не подтверждена: Дрейф за разрыв времени больше допуска (несинхронно), Время наблюдения неизвестно (окно по суткам)",,,rejected,DRIFT_TOO_LARGE;TIME_UNKNOWN,0.8451,accept,
Z-S4_DOORS3_T4,S2A_36TVN_20240602_0_L2A,Sentinel-2,2024-06-02T08:58:21Z,insufficient_data,0.781,0.0,,,,,items/km2,,,,,0.0,0.0,pair_rejected_drift,1,MPL-0911,32.59565,43.11612,candidate_strip,insufficient_data,unavailable,,candidate_strip,insufficient_data,"связь снимка с полевым измерением не подтверждена: Дрейф за разрыв времени больше допуска (несинхронно), Солнечные блики, Время наблюдения неизвестно (окно по суткам)",0,0.0,rejected,DRIFT_TOO_LARGE;GLINT;TIME_UNKNOWN,0.8045,reject,glint
Z-S4_DOORS3_T5,S2A_36TVN_20240602_0_L2A,Sentinel-2,2024-06-02T08:58:21Z,insufficient_data,0.781,0.0,,,,,items/km2,,,,,0.0,0.0,pair_rejected_drift,1,MPL-0910,32.83359,43.08425,candidate_strip,insufficient_data,unavailable,,candidate_strip,insufficient_data,"связь снимка с полевым измерением не подтверждена: Дрейф за разрыв времени больше допуска (несинхронно), Солнечные блики, Время наблюдения неизвестно (окно по суткам)",0,0.0,rejected,DRIFT_TOO_LARGE;GLINT;TIME_UNKNOWN,0.8045,reject,glint
Z-S4_DOORS3_T6,LC09_L2SP_178030_20240604_02_T2,Landsat-9,2024-06-04T08:32:00Z,insufficient_data,0.781,,,,,,items/km2,,,,,0.0,1.0,pair_rejected_drift,1,MPL-0909,33.19144,43.02454,candidate_strip,insufficient_data,unavailable,,candidate_strip,insufficient_data,"связь снимка с полевым измерением не подтверждена: Дрейф за разрыв времени больше допуска (несинхронно), Ошибка обработки снимка, Время наблюдения неизвестно (окно по суткам)",,,rejected,DRIFT_TOO_LARGE;PROCESSING_ERROR;TIME_UNKNOWN,0.8496,reject,cloud(qa_suspect:red_sr<0.03)
Z-S4_DOORS3_T7,LC09_L2SP_178030_20240604_02_T2,Landsat-9,2024-06-04T08:32:00Z,insufficient_data,0.7809,,,,,,items/km2,,,,,0.0,1.0,pair_rejected_drift,1,MPL-0908,33.42236,42.98847,candidate_strip,insufficient_data,unavailable,,candidate_strip,insufficient_data,"связь снимка с полевым измерением не подтверждена: Дрейф за разрыв времени больше допуска (несинхронно), Ошибка обработки снимка, Время наблюдения неизвестно (окно по суткам)",,,rejected,DRIFT_TOO_LARGE;PROCESSING_ERROR;TIME_UNKNOWN,0.8442,reject,cloud(qa_suspect:red_sr<0.03)
Z-S4_DOORS3_T8,LC09_L2SP_178030_20240604_02_T2,Landsat-9,2024-06-04T08:32:00Z,insufficient_data,0.7809,,,,,,items/km2,,,,,0.0,1.0,pair_rejected_drift,1,MPL-0907,33.58861,42.97347,candidate_strip,insufficient_data,unavailable,,candidate_strip,insufficient_data,"связь снимка с полевым измерением не подтверждена: Дрейф за разрыв времени больше допуска (несинхронно), Ошибка обработки снимка, Время наблюдения неизвестно (окно по суткам)",,,rejected,DRIFT_TOO_LARGE;PROCESSING_ERROR;TIME_UNKNOWN,0.8469,reject,cloud(qa_suspect:red_sr<0.03)
