SegmentID,ship,field_datetime,latitude,longitude,n_objects_gt50cm,area_scanned_km2,dhat_50cm_calibrated,scene_id,acquisition_datetime,delta_hours,cloud_cover_percent,stac_item,catalog
335525,Gaia Blu,2023-05-04T09:37:53+00:00,45.1672676568133,12.7326338718422,1,0.499935660221125,5.80395862709454,S2B_32TQR_20230508_0_L2A,2023-05-08T10:18:13.047000+00:00,96.672,95.876735,https://earth-search.aws.element84.com/v1/collections/sentinel-2-l2a/items/S2B_32TQR_20230508_0_L2A,https://earth-search.aws.element84.com/v1/search
335525,Gaia Blu,2023-05-04T09:37:53+00:00,45.1672676568133,12.7326338718422,1,0.499935660221125,5.80395862709454,S2B_33TUL_20230508_0_L2A,2023-05-08T10:18:09.365000+00:00,96.671,98.783779,https://earth-search.aws.element84.com/v1/collections/sentinel-2-l2a/items/S2B_33TUL_20230508_0_L2A,https://earth-search.aws.element84.com/v1/search
335525,Gaia Blu,2023-05-04T09:37:53+00:00,45.1672676568133,12.7326338718422,1,0.499935660221125,5.80395862709454,S2B_32TQR_20230505_0_L2A,2023-05-05T10:08:15.807000+00:00,24.506,0.028472,https://earth-search.aws.element84.com/v1/collections/sentinel-2-l2a/items/S2B_32TQR_20230505_0_L2A,https://earth-search.aws.element84.com/v1/search
335525,Gaia Blu,2023-05-04T09:37:53+00:00,45.1672676568133,12.7326338718422,1,0.499935660221125,5.80395862709454,S2B_33TUL_20230505_0_L2A,2023-05-05T10:08:13.219000+00:00,24.506,13.405026,https://earth-search.aws.element84.com/v1/collections/sentinel-2-l2a/items/S2B_33TUL_20230505_0_L2A,https://earth-search.aws.element84.com/v1/search
335525,Gaia Blu,2023-05-04T09:37:53+00:00,45.1672676568133,12.7326338718422,1,0.499935660221125,5.80395862709454,S2A_32TQR_20230503_0_L2A,2023-05-03T10:18:10.840000+00:00,-23.328,90.679991,https://earth-search.aws.element84.com/v1/collections/sentinel-2-l2a/items/S2A_32TQR_20230503_0_L2A,https://earth-search.aws.element84.com/v1/search
335525,Gaia Blu,2023-05-04T09:37:53+00:00,45.1672676568133,12.7326338718422,1,0.499935660221125,5.80395862709454,S2A_33TUL_20230503_0_L2A,2023-05-03T10:18:07.154000+00:00,-23.329,93.482292,https://earth-search.aws.element84.com/v1/collections/sentinel-2-l2a/items/S2A_33TUL_20230503_0_L2A,https://earth-search.aws.element84.com/v1/search
335525,Gaia Blu,2023-05-04T09:37:53+00:00,45.1672676568133,12.7326338718422,1,0.499935660221125,5.80395862709454,S2A_32TQR_20230430_1_L2A,2023-04-30T10:08:13.535000+00:00,-95.494,62.351829,https://earth-search.aws.element84.com/v1/collections/sentinel-2-l2a/items/S2A_32TQR_20230430_1_L2A,https://earth-search.aws.element84.com/v1/search
335525,Gaia Blu,2023-05-04T09:37:53+00:00,45.1672676568133,12.7326338718422,1,0.499935660221125,5.80395862709454,S2A_33TUL_20230430_0_L2A,2023-04-30T10:08:10.947000+00:00,-95.495,69.092321,https://earth-search.aws.element84.com/v1/collections/sentinel-2-l2a/items/S2A_33TUL_20230430_0_L2A,https://earth-search.aws.element84.com/v1/search
335563,Gaia Blu,2023-11-14T08:48:03+00:00,37.1641717756097,13.4704554072084,1,0.499647081663189,6.16222545949559,S2B_33SUB_20231118_0_L2A,2023-11-18T10:00:21.654000+00:00,97.205,13.356963,https://earth-search.aws.element84.com/v1/collections/sentinel-2-l2a/items/S2B_33SUB_20231118_0_L2A,https://earth-search.aws.element84.com/v1/search
335563,Gaia Blu,2023-11-14T08:48:03+00:00,37.1641717756097,13.4704554072084,1,0.499647081663189,6.16222545949559,S2A_33SUB_20231113_0_L2A,2023-11-13T10:00:22.706000+00:00,-22.795,27.219504,https://earth-search.aws.element84.com/v1/collections/sentinel-2-l2a/items/S2A_33SUB_20231113_0_L2A,https://earth-search.aws.element84.com/v1/search
335694,Dallaporta,2023-03-24T15:34:03+00:00,42.8714493195193,9.53959706693443,1,0.156833582271937,21.9209031195094,S2B_32TNN_20230329_0_L2A,2023-03-29T10:19:04.174000+00:00,114.75,99.992245,https://earth-search.aws.element84.com/v1/collections/sentinel-2-l2a/items/S2B_32TNN_20230329_0_L2A,https://earth-search.aws.element84.com/v1/search
335694,Dallaporta,2023-03-24T15:34:03+00:00,42.8714493195193,9.53959706693443,1,0.156833582271937,21.9209031195094,S2A_32TNN_20230327_0_L2A,2023-03-27T10:28:55.025000+00:00,66.914,3.931225,https://earth-search.aws.element84.com/v1/collections/sentinel-2-l2a/items/S2A_32TNN_20230327_0_L2A,https://earth-search.aws.element84.com/v1/search
335694,Dallaporta,2023-03-24T15:34:03+00:00,42.8714493195193,9.53959706693443,1,0.156833582271937,21.9209031195094,S2A_32TNN_20230324_0_L2A,2023-03-24T10:18:59.403000+00:00,-5.251,24.839345,https://earth-search.aws.element84.com/v1/collections/sentinel-2-l2a/items/S2A_32TNN_20230324_0_L2A,https://earth-search.aws.element84.com/v1/search
335694,Dallaporta,2023-03-24T15:34:03+00:00,42.8714493195193,9.53959706693443,1,0.156833582271937,21.9209031195094,S2B_32TNN_20230322_0_L2A,2023-03-22T10:28:59.465000+00:00,-53.084,49.879175,https://earth-search.aws.element84.com/v1/collections/sentinel-2-l2a/items/S2B_32TNN_20230322_0_L2A,https://earth-search.aws.element84.com/v1/search
335727,Dallaporta,2023-03-29T11:47:50+00:00,38.2438072673803,13.4574280959256,1,0.399904199812844,8.5099932626174,S2B_33SUC_20230402_0_L2A,2023-04-02T10:00:12.571000+00:00,94.206,99.34684,https://earth-search.aws.element84.com/v1/collections/sentinel-2-l2a/items/S2B_33SUC_20230402_0_L2A,https://earth-search.aws.element84.com/v1/search
335727,Dallaporta,2023-03-29T11:47:50+00:00,38.2438072673803,13.4574280959256,1,0.399904199812844,8.5099932626174,S2A_33SUC_20230331_0_L2A,2023-03-31T10:10:03.492000+00:00,46.37,57.023668,https://earth-search.aws.element84.com/v1/collections/sentinel-2-l2a/items/S2A_33SUC_20230331_0_L2A,https://earth-search.aws.element84.com/v1/search
335727,Dallaporta,2023-03-29T11:47:50+00:00,38.2438072673803,13.4574280959256,1,0.399904199812844,8.5099932626174,S2A_33SUC_20230328_0_L2A,2023-03-28T10:00:07.075000+00:00,-25.795,8.104528,https://earth-search.aws.element84.com/v1/collections/sentinel-2-l2a/items/S2A_33SUC_20230328_0_L2A,https://earth-search.aws.element84.com/v1/search
335727,Dallaporta,2023-03-29T11:47:50+00:00,38.2438072673803,13.4574280959256,1,0.399904199812844,8.5099932626174,S2B_33SUC_20230326_0_L2A,2023-03-26T10:10:07.928000+00:00,-73.628,0.006316,https://earth-search.aws.element84.com/v1/collections/sentinel-2-l2a/items/S2B_33SUC_20230326_0_L2A,https://earth-search.aws.element84.com/v1/search
335729,Dallaporta,2023-03-29T12:49:48+00:00,38.2018496830692,13.6793290534378,1,0.399583377584233,8.67747614040681,S2B_33SUC_20230402_0_L2A,2023-04-02T10:00:12.571000+00:00,93.173,99.34684,https://earth-search.aws.element84.com/v1/collections/sentinel-2-l2a/items/S2B_33SUC_20230402_0_L2A,https://earth-search.aws.element84.com/v1/search
335729,Dallaporta,2023-03-29T12:49:48+00:00,38.2018496830692,13.6793290534378,1,0.399583377584233,8.67747614040681,S2A_33SUC_20230328_0_L2A,2023-03-28T10:00:07.075000+00:00,-26.828,8.104528,https://earth-search.aws.element84.com/v1/collections/sentinel-2-l2a/items/S2A_33SUC_20230328_0_L2A,https://earth-search.aws.element84.com/v1/search
335730,Dallaporta,2023-03-29T13:16:40+00:00,38.1830597926346,13.773034196976,1,0.277876745062299,11.7878872398159,S2B_33SUC_20230402_0_L2A,2023-04-02T10:00:12.571000+00:00,92.726,99.34684,https://earth-search.aws.element84.com/v1/collections/sentinel-2-l2a/items/S2B_33SUC_20230402_0_L2A,https://earth-search.aws.element84.com/v1/search
335730,Dallaporta,2023-03-29T13:16:40+00:00,38.1830597926346,13.773034196976,1,0.277876745062299,11.7878872398159,S2A_33SUC_20230328_0_L2A,2023-03-28T10:00:07.075000+00:00,-27.276,8.104528,https://earth-search.aws.element84.com/v1/collections/sentinel-2-l2a/items/S2A_33SUC_20230328_0_L2A,https://earth-search.aws.element84.com/v1/search
335733,Dallaporta,2023-04-05T06:34:03+00:00,36.8900212092866,14.1671512272851,1,0.399587209226923,8.570491302239,S2A_33SVA_20230407_0_L2A,2023-04-07T10:00:34.310000+00:00,51.442,35.620514,https://earth-search.aws.element84.com/v1/collections/sentinel-2-l2a/items/S2A_33SVA_20230407_0_L2A,https://earth-search.aws.element84.com/v1/search
335733,Dallaporta,2023-04-05T06:34:03+00:00,36.8900212092866,14.1671512272851,1,0.399587209226923,8.570491302239,S2B_33SVA_20230402_0_L2A,2023-04-02T10:00:37.743000+00:00,-68.557,96.611148,https://earth-search.aws.element84.com/v1/collections/sentinel-2-l2a/items/S2B_33SVA_20230402_0_L2A,https://earth-search.aws.element84.com/v1/search
335737,Dallaporta,2023-04-05T08:13:59+00:00,37.0333622065516,13.8649479353292,1,0.399957635285289,8.06224294973021,S2A_33SUA_20230407_0_L2A,2023-04-07T10:00:38.142000+00:00,49.778,46.650168,https://earth-search.aws.element84.com/v1/collections/sentinel-2-l2a/items/S2A_33SUA_20230407_0_L2A,https://earth-search.aws.element84.com/v1/search
335737,Dallaporta,2023-04-05T08:13:59+00:00,37.0333622065516,13.8649479353292,1,0.399957635285289,8.06224294973021,S2A_33SUB_20230407_0_L2A,2023-04-07T10:00:23.587000+00:00,49.773,36.528409,https://earth-search.aws.element84.com/v1/collections/sentinel-2-l2a/items/S2A_33SUB_20230407_0_L2A,https://earth-search.aws.element84.com/v1/search
335737,Dallaporta,2023-04-05T08:13:59+00:00,37.0333622065516,13.8649479353292,1,0.399957635285289,8.06224294973021,S2B_33SUA_20230402_0_L2A,2023-04-02T10:00:41.572000+00:00,-70.222,78.639805,https://earth-search.aws.element84.com/v1/collections/sentinel-2-l2a/items/S2B_33SUA_20230402_0_L2A,https://earth-search.aws.element84.com/v1/search
335737,Dallaporta,2023-04-05T08:13:59+00:00,37.0333622065516,13.8649479353292,1,0.399957635285289,8.06224294973021,S2B_33SUB_20230402_0_L2A,2023-04-02T10:00:30.304000+00:00,-70.225,76.466906,https://earth-search.aws.element84.com/v1/collections/sentinel-2-l2a/items/S2B_33SUB_20230402_0_L2A,https://earth-search.aws.element84.com/v1/search
335764,Dallaporta,2023-04-09T09:09:51+00:00,39.6284273880436,18.3213600715854,1,0.399772427939995,8.7478327468785,S2A_33SYD_20230411_0_L2A,2023-04-11T09:39:47.805000+00:00,48.499,6.948304,https://earth-search.aws.element84.com/v1/collections/sentinel-2-l2a/items/S2A_33SYD_20230411_0_L2A,https://earth-search.aws.element84.com/v1/search
335764,Dallaporta,2023-04-09T09:09:51+00:00,39.6284273880436,18.3213600715854,1,0.399772427939995,8.7478327468785,S2A_34SBJ_20230411_0_L2A,2023-04-11T09:39:47.390000+00:00,48.499,6.517259,https://earth-search.aws.element84.com/v1/collections/sentinel-2-l2a/items/S2A_34SBJ_20230411_0_L2A,https://earth-search.aws.element84.com/v1/search
335764,Dallaporta,2023-04-09T09:09:51+00:00,39.6284273880436,18.3213600715854,1,0.399772427939995,8.7478327468785,S2A_33TYE_20230411_0_L2A,2023-04-11T09:39:33.056000+00:00,48.495,24.401152,https://earth-search.aws.element84.com/v1/collections/sentinel-2-l2a/items/S2A_33TYE_20230411_0_L2A,https://earth-search.aws.element84.com/v1/search
335764,Dallaporta,2023-04-09T09:09:51+00:00,39.6284273880436,18.3213600715854,1,0.399772427939995,8.7478327468785,S2B_33SYD_20230409_0_L2A,2023-04-09T09:49:46.414000+00:00,0.665,32.015821,https://earth-search.aws.element84.com/v1/collections/sentinel-2-l2a/items/S2B_33SYD_20230409_0_L2A,https://earth-search.aws.element84.com/v1/search
335764,Dallaporta,2023-04-09T09:09:51+00:00,39.6284273880436,18.3213600715854,1,0.399772427939995,8.7478327468785,S2B_34SBJ_20230409_0_L2A,2023-04-09T09:49:45.487000+00:00,0.665,40.214065,https://earth-search.aws.element84.com/v1/collections/sentinel-2-l2a/items/S2B_34SBJ_20230409_0_L2A,https://earth-search.aws.element84.com/v1/search
335764,Dallaporta,2023-04-09T09:09:51+00:00,39.6284273880436,18.3213600715854,1,0.399772427939995,8.7478327468785,S2B_33TYE_20230409_0_L2A,2023-04-09T09:49:31.968000+00:00,0.661,51.618791,https://earth-search.aws.element84.com/v1/collections/sentinel-2-l2a/items/S2B_33TYE_20230409_0_L2A,https://earth-search.aws.element84.com/v1/search
335764,Dallaporta,2023-04-09T09:09:51+00:00,39.6284273880436,18.3213600715854,1,0.399772427939995,8.7478327468785,S2B_33SYD_20230406_0_L2A,2023-04-06T09:39:50.506000+00:00,-71.5,82.282686,https://earth-search.aws.element84.com/v1/collections/sentinel-2-l2a/items/S2B_33SYD_20230406_0_L2A,https://earth-search.aws.element84.com/v1/search
335764,Dallaporta,2023-04-09T09:09:51+00:00,39.6284273880436,18.3213600715854,1,0.399772427939995,8.7478327468785,S2B_34SBJ_20230406_0_L2A,2023-04-06T09:39:50.102000+00:00,-71.5,84.293413,https://earth-search.aws.element84.com/v1/collections/sentinel-2-l2a/items/S2B_34SBJ_20230406_0_L2A,https://earth-search.aws.element84.com/v1/search
335764,Dallaporta,2023-04-09T09:09:51+00:00,39.6284273880436,18.3213600715854,1,0.399772427939995,8.7478327468785,S2B_33TYE_20230406_0_L2A,2023-04-06T09:39:35.779000+00:00,-71.504,90.063232,https://earth-search.aws.element84.com/v1/collections/sentinel-2-l2a/items/S2B_33TYE_20230406_0_L2A,https://earth-search.aws.element84.com/v1/search
335764,Dallaporta,2023-04-09T09:09:51+00:00,39.6284273880436,18.3213600715854,1,0.399772427939995,8.7478327468785,S2A_33SYD_20230404_0_L2A,2023-04-04T09:49:43.849000+00:00,-119.335,49.962386,https://earth-search.aws.element84.com/v1/collections/sentinel-2-l2a/items/S2A_33SYD_20230404_0_L2A,https://earth-search.aws.element84.com/v1/search
335764,Dallaporta,2023-04-09T09:09:51+00:00,39.6284273880436,18.3213600715854,1,0.399772427939995,8.7478327468785,S2A_34SBJ_20230404_0_L2A,2023-04-04T09:49:42.920000+00:00,-119.336,44.311216,https://earth-search.aws.element84.com/v1/collections/sentinel-2-l2a/items/S2A_34SBJ_20230404_0_L2A,https://earth-search.aws.element84.com/v1/search
335764,Dallaporta,2023-04-09T09:09:51+00:00,39.6284273880436,18.3213600715854,1,0.399772427939995,8.7478327468785,S2A_33TYE_20230404_0_L2A,2023-04-04T09:49:29.400000+00:00,-119.339,44.558465,https://earth-search.aws.element84.com/v1/collections/sentinel-2-l2a/items/S2A_33TYE_20230404_0_L2A,https://earth-search.aws.element84.com/v1/search
335765,Dallaporta,2023-04-09T09:40:11+00:00,39.7059286334616,18.3804950216777,3,0.399931332224598,26.1620946394912,S2A_34SBJ_20230411_0_L2A,2023-04-11T09:39:47.390000+00:00,47.993,6.517259,https://earth-search.aws.element84.com/v1/collections/sentinel-2-l2a/items/S2A_34SBJ_20230411_0_L2A,https://earth-search.aws.element84.com/v1/search
335765,Dallaporta,2023-04-09T09:40:11+00:00,39.7059286334616,18.3804950216777,3,0.399931332224598,26.1620946394912,S2A_33TYE_20230411_0_L2A,2023-04-11T09:39:33.056000+00:00,47.989,24.401152,https://earth-search.aws.element84.com/v1/collections/sentinel-2-l2a/items/S2A_33TYE_20230411_0_L2A,https://earth-search.aws.element84.com/v1/search
335765,Dallaporta,2023-04-09T09:40:11+00:00,39.7059286334616,18.3804950216777,3,0.399931332224598,26.1620946394912,S2A_34TBK_20230411_0_L2A,2023-04-11T09:39:32.580000+00:00,47.989,24.783804,https://earth-search.aws.element84.com/v1/collections/sentinel-2-l2a/items/S2A_34TBK_20230411_0_L2A,https://earth-search.aws.element84.com/v1/search
335765,Dallaporta,2023-04-09T09:40:11+00:00,39.7059286334616,18.3804950216777,3,0.399931332224598,26.1620946394912,S2B_34SBJ_20230409_0_L2A,2023-04-09T09:49:45.487000+00:00,0.16,40.214065,https://earth-search.aws.element84.com/v1/collections/sentinel-2-l2a/items/S2B_34SBJ_20230409_0_L2A,https://earth-search.aws.element84.com/v1/search
335765,Dallaporta,2023-04-09T09:40:11+00:00,39.7059286334616,18.3804950216777,3,0.399931332224598,26.1620946394912,S2B_33TYE_20230409_0_L2A,2023-04-09T09:49:31.968000+00:00,0.156,51.618791,https://earth-search.aws.element84.com/v1/collections/sentinel-2-l2a/items/S2B_33TYE_20230409_0_L2A,https://earth-search.aws.element84.com/v1/search
335765,Dallaporta,2023-04-09T09:40:11+00:00,39.7059286334616,18.3804950216777,3,0.399931332224598,26.1620946394912,S2B_34TBK_20230409_0_L2A,2023-04-09T09:49:31.504000+00:00,0.156,52.922791,https://earth-search.aws.element84.com/v1/collections/sentinel-2-l2a/items/S2B_34TBK_20230409_0_L2A,https://earth-search.aws.element84.com/v1/search
335765,Dallaporta,2023-04-09T09:40:11+00:00,39.7059286334616,18.3804950216777,3,0.399931332224598,26.1620946394912,S2B_34SBJ_20230406_0_L2A,2023-04-06T09:39:50.102000+00:00,-72.006,84.293413,https://earth-search.aws.element84.com/v1/collections/sentinel-2-l2a/items/S2B_34SBJ_20230406_0_L2A,https://earth-search.aws.element84.com/v1/search
335765,Dallaporta,2023-04-09T09:40:11+00:00,39.7059286334616,18.3804950216777,3,0.399931332224598,26.1620946394912,S2B_33TYE_20230406_0_L2A,2023-04-06T09:39:35.779000+00:00,-72.01,90.063232,https://earth-search.aws.element84.com/v1/collections/sentinel-2-l2a/items/S2B_33TYE_20230406_0_L2A,https://earth-search.aws.element84.com/v1/search
335765,Dallaporta,2023-04-09T09:40:11+00:00,39.7059286334616,18.3804950216777,3,0.399931332224598,26.1620946394912,S2B_34TBK_20230406_0_L2A,2023-04-06T09:39:35.290000+00:00,-72.01,92.068201,https://earth-search.aws.element84.com/v1/collections/sentinel-2-l2a/items/S2B_34TBK_20230406_0_L2A,https://earth-search.aws.element84.com/v1/search
335765,Dallaporta,2023-04-09T09:40:11+00:00,39.7059286334616,18.3804950216777,3,0.399931332224598,26.1620946394912,S2A_34SBJ_20230404_0_L2A,2023-04-04T09:49:42.920000+00:00,-119.841,44.311216,https://earth-search.aws.element84.com/v1/collections/sentinel-2-l2a/items/S2A_34SBJ_20230404_0_L2A,https://earth-search.aws.element84.com/v1/search
335765,Dallaporta,2023-04-09T09:40:11+00:00,39.7059286334616,18.3804950216777,3,0.399931332224598,26.1620946394912,S2A_33TYE_20230404_0_L2A,2023-04-04T09:49:29.400000+00:00,-119.845,44.558465,https://earth-search.aws.element84.com/v1/collections/sentinel-2-l2a/items/S2A_33TYE_20230404_0_L2A,https://earth-search.aws.element84.com/v1/search
335765,Dallaporta,2023-04-09T09:40:11+00:00,39.7059286334616,18.3804950216777,3,0.399931332224598,26.1620946394912,S2A_34TBK_20230404_0_L2A,2023-04-04T09:49:28.933000+00:00,-119.845,41.642228,https://earth-search.aws.element84.com/v1/collections/sentinel-2-l2a/items/S2A_34TBK_20230404_0_L2A,https://earth-search.aws.element84.com/v1/search
335766,Dallaporta,2023-04-09T10:10:30+00:00,39.7853018853647,18.4338972883161,3,0.399831590749387,26.2666271421486,S2A_33TYE_20230414_0_L2A,2023-04-14T09:49:29.796000+00:00,119.65,51.799148,https://earth-search.aws.element84.com/v1/collections/sentinel-2-l2a/items/S2A_33TYE_20230414_0_L2A,https://earth-search.aws.element84.com/v1/search
335766,Dallaporta,2023-04-09T10:10:30+00:00,39.7853018853647,18.4338972883161,3,0.399831590749387,26.2666271421486,S2A_34TBK_20230414_0_L2A,2023-04-14T09:49:29.328000+00:00,119.65,44.540942,https://earth-search.aws.element84.com/v1/collections/sentinel-2-l2a/items/S2A_34TBK_20230414_0_L2A,https://earth-search.aws.element84.com/v1/search
335766,Dallaporta,2023-04-09T10:10:30+00:00,39.7853018853647,18.4338972883161,3,0.399831590749387,26.2666271421486,S2A_33TYE_20230411_0_L2A,2023-04-11T09:39:33.056000+00:00,47.484,24.401152,https://earth-search.aws.element84.com/v1/collections/sentinel-2-l2a/items/S2A_33TYE_20230411_0_L2A,https://earth-search.aws.element84.com/v1/search
335766,Dallaporta,2023-04-09T10:10:30+00:00,39.7853018853647,18.4338972883161,3,0.399831590749387,26.2666271421486,S2A_34TBK_20230411_0_L2A,2023-04-11T09:39:32.580000+00:00,47.484,24.783804,https://earth-search.aws.element84.com/v1/collections/sentinel-2-l2a/items/S2A_34TBK_20230411_0_L2A,https://earth-search.aws.element84.com/v1/search
335766,Dallaporta,2023-04-09T10:10:30+00:00,39.7853018853647,18.4338972883161,3,0.399831590749387,26.2666271421486,S2B_33TYE_20230409_0_L2A,2023-04-09T09:49:31.968000+00:00,-0.349,51.618791,https://earth-search.aws.element84.com/v1/collections/sentinel-2-l2a/items/S2B_33TYE_20230409_0_L2A,https://earth-search.aws.element84.com/v1/search
335766,Dallaporta,2023-04-09T10:10:30+00:00,39.7853018853647,18.4338972883161,3,0.399831590749387,26.2666271421486,S2B_34TBK_20230409_0_L2A,2023-04-09T09:49:31.504000+00:00,-0.35,52.922791,https://earth-search.aws.element84.com/v1/collections/sentinel-2-l2a/items/S2B_34TBK_20230409_0_L2A,https://earth-search.aws.element84.com/v1/search
335766,Dallaporta,2023-04-09T10:10:30+00:00,39.7853018853647,18.4338972883161,3,0.399831590749387,26.2666271421486,S2B_33TYE_20230406_0_L2A,2023-04-06T09:39:35.779000+00:00,-72.515,90.063232,https://earth-search.aws.element84.com/v1/collections/sentinel-2-l2a/items/S2B_33TYE_20230406_0_L2A,https://earth-search.aws.element84.com/v1/search
335766,Dallaporta,2023-04-09T10:10:30+00:00,39.7853018853647,18.4338972883161,3,0.399831590749387,26.2666271421486,S2B_34TBK_20230406_0_L2A,2023-04-06T09:39:35.290000+00:00,-72.515,92.068201,https://earth-search.aws.element84.com/v1/collections/sentinel-2-l2a/items/S2B_34TBK_20230406_0_L2A,https://earth-search.aws.element84.com/v1/search
335767,Dallaporta,2023-04-09T10:40:30+00:00,39.8684304792498,18.4789086498684,2,0.399574534530321,17.7171475867686,S2A_33TYE_20230414_0_L2A,2023-04-14T09:49:29.796000+00:00,119.15,51.799148,https://earth-search.aws.element84.com/v1/collections/sentinel-2-l2a/items/S2A_33TYE_20230414_0_L2A,https://earth-search.aws.element84.com/v1/search
335767,Dallaporta,2023-04-09T10:40:30+00:00,39.8684304792498,18.4789086498684,2,0.399574534530321,17.7171475867686,S2A_34TBK_20230414_0_L2A,2023-04-14T09:49:29.328000+00:00,119.15,44.540942,https://earth-search.aws.element84.com/v1/collections/sentinel-2-l2a/items/S2A_34TBK_20230414_0_L2A,https://earth-search.aws.element84.com/v1/search
335767,Dallaporta,2023-04-09T10:40:30+00:00,39.8684304792498,18.4789086498684,2,0.399574534530321,17.7171475867686,S2A_33TYE_20230411_0_L2A,2023-04-11T09:39:33.056000+00:00,46.984,24.401152,https://earth-search.aws.element84.com/v1/collections/sentinel-2-l2a/items/S2A_33TYE_20230411_0_L2A,https://earth-search.aws.element84.com/v1/search
335767,Dallaporta,2023-04-09T10:40:30+00:00,39.8684304792498,18.4789086498684,2,0.399574534530321,17.7171475867686,S2A_34TBK_20230411_0_L2A,2023-04-11T09:39:32.580000+00:00,46.984,24.783804,https://earth-search.aws.element84.com/v1/collections/sentinel-2-l2a/items/S2A_34TBK_20230411_0_L2A,https://earth-search.aws.element84.com/v1/search
335767,Dallaporta,2023-04-09T10:40:30+00:00,39.8684304792498,18.4789086498684,2,0.399574534530321,17.7171475867686,S2B_33TYE_20230409_0_L2A,2023-04-09T09:49:31.968000+00:00,-0.849,51.618791,https://earth-search.aws.element84.com/v1/collections/sentinel-2-l2a/items/S2B_33TYE_20230409_0_L2A,https://earth-search.aws.element84.com/v1/search
335767,Dallaporta,2023-04-09T10:40:30+00:00,39.8684304792498,18.4789086498684,2,0.399574534530321,17.7171475867686,S2B_34TBK_20230409_0_L2A,2023-04-09T09:49:31.504000+00:00,-0.85,52.922791,https://earth-search.aws.element84.com/v1/collections/sentinel-2-l2a/items/S2B_34TBK_20230409_0_L2A,https://earth-search.aws.element84.com/v1/search
335767,Dallaporta,2023-04-09T10:40:30+00:00,39.8684304792498,18.4789086498684,2,0.399574534530321,17.7171475867686,S2B_33TYE_20230406_0_L2A,2023-04-06T09:39:35.779000+00:00,-73.015,90.063232,https://earth-search.aws.element84.com/v1/collections/sentinel-2-l2a/items/S2B_33TYE_20230406_0_L2A,https://earth-search.aws.element84.com/v1/search
335767,Dallaporta,2023-04-09T10:40:30+00:00,39.8684304792498,18.4789086498684,2,0.399574534530321,17.7171475867686,S2B_34TBK_20230406_0_L2A,2023-04-06T09:39:35.290000+00:00,-73.015,92.068201,https://earth-search.aws.element84.com/v1/collections/sentinel-2-l2a/items/S2B_34TBK_20230406_0_L2A,https://earth-search.aws.element84.com/v1/search
335769,Dallaporta,2023-04-09T11:31:29+00:00,40.0109917726784,18.5505103126425,1,0.161344265045902,22.4368764727721,S2A_33TYE_20230414_0_L2A,2023-04-14T09:49:29.796000+00:00,118.3,51.799148,https://earth-search.aws.element84.com/v1/collections/sentinel-2-l2a/items/S2A_33TYE_20230414_0_L2A,https://earth-search.aws.element84.com/v1/search
335769,Dallaporta,2023-04-09T11:31:29+00:00,40.0109917726784,18.5505103126425,1,0.161344265045902,22.4368764727721,S2A_34TBK_20230414_0_L2A,2023-04-14T09:49:29.328000+00:00,118.3,44.540942,https://earth-search.aws.element84.com/v1/collections/sentinel-2-l2a/items/S2A_34TBK_20230414_0_L2A,https://earth-search.aws.element84.com/v1/search
335769,Dallaporta,2023-04-09T11:31:29+00:00,40.0109917726784,18.5505103126425,1,0.161344265045902,22.4368764727721,S2A_33TYE_20230411_0_L2A,2023-04-11T09:39:33.056000+00:00,46.134,24.401152,https://earth-search.aws.element84.com/v1/collections/sentinel-2-l2a/items/S2A_33TYE_20230411_0_L2A,https://earth-search.aws.element84.com/v1/search
335769,Dallaporta,2023-04-09T11:31:29+00:00,40.0109917726784,18.5505103126425,1,0.161344265045902,22.4368764727721,S2A_34TBK_20230411_0_L2A,2023-04-11T09:39:32.580000+00:00,46.134,24.783804,https://earth-search.aws.element84.com/v1/collections/sentinel-2-l2a/items/S2A_34TBK_20230411_0_L2A,https://earth-search.aws.element84.com/v1/search
335769,Dallaporta,2023-04-09T11:31:29+00:00,40.0109917726784,18.5505103126425,1,0.161344265045902,22.4368764727721,S2B_33TYE_20230409_0_L2A,2023-04-09T09:49:31.968000+00:00,-1.699,51.618791,https://earth-search.aws.element84.com/v1/collections/sentinel-2-l2a/items/S2B_33TYE_20230409_0_L2A,https://earth-search.aws.element84.com/v1/search
335769,Dallaporta,2023-04-09T11:31:29+00:00,40.0109917726784,18.5505103126425,1,0.161344265045902,22.4368764727721,S2B_34TBK_20230409_0_L2A,2023-04-09T09:49:31.504000+00:00,-1.699,52.922791,https://earth-search.aws.element84.com/v1/collections/sentinel-2-l2a/items/S2B_34TBK_20230409_0_L2A,https://earth-search.aws.element84.com/v1/search
335769,Dallaporta,2023-04-09T11:31:29+00:00,40.0109917726784,18.5505103126425,1,0.161344265045902,22.4368764727721,S2B_33TYE_20230406_0_L2A,2023-04-06T09:39:35.779000+00:00,-73.865,90.063232,https://earth-search.aws.element84.com/v1/collections/sentinel-2-l2a/items/S2B_33TYE_20230406_0_L2A,https://earth-search.aws.element84.com/v1/search
335769,Dallaporta,2023-04-09T11:31:29+00:00,40.0109917726784,18.5505103126425,1,0.161344265045902,22.4368764727721,S2B_34TBK_20230406_0_L2A,2023-04-06T09:39:35.290000+00:00,-73.865,92.068201,https://earth-search.aws.element84.com/v1/collections/sentinel-2-l2a/items/S2B_34TBK_20230406_0_L2A,https://earth-search.aws.element84.com/v1/search
335772,Dallaporta,2023-03-24T15:06:17+00:00,42.9475601153966,9.56889905974348,1,0.218713867822139,28.8828029223306,S2B_32TNN_20230329_0_L2A,2023-03-29T10:19:04.174000+00:00,115.213,99.992245,https://earth-search.aws.element84.com/v1/collections/sentinel-2-l2a/items/S2B_32TNN_20230329_0_L2A,https://earth-search.aws.element84.com/v1/search
335772,Dallaporta,2023-03-24T15:06:17+00:00,42.9475601153966,9.56889905974348,1,0.218713867822139,28.8828029223306,S2A_32TNN_20230327_0_L2A,2023-03-27T10:28:55.025000+00:00,67.377,3.931225,https://earth-search.aws.element84.com/v1/collections/sentinel-2-l2a/items/S2A_32TNN_20230327_0_L2A,https://earth-search.aws.element84.com/v1/search
335772,Dallaporta,2023-03-24T15:06:17+00:00,42.9475601153966,9.56889905974348,1,0.218713867822139,28.8828029223306,S2A_32TNN_20230324_0_L2A,2023-03-24T10:18:59.403000+00:00,-4.788,24.839345,https://earth-search.aws.element84.com/v1/collections/sentinel-2-l2a/items/S2A_32TNN_20230324_0_L2A,https://earth-search.aws.element84.com/v1/search
335772,Dallaporta,2023-03-24T15:06:17+00:00,42.9475601153966,9.56889905974348,1,0.218713867822139,28.8828029223306,S2B_32TNN_20230322_0_L2A,2023-03-22T10:28:59.465000+00:00,-52.622,49.879175,https://earth-search.aws.element84.com/v1/collections/sentinel-2-l2a/items/S2B_32TNN_20230322_0_L2A,https://earth-search.aws.element84.com/v1/search
335780,Dallaporta,2023-03-25T09:56:34+00:00,39.6798643770611,9.73580389708937,2,0.399775323795732,20.4427598317601,S2B_32SNJ_20230329_0_L2A,2023-03-29T10:20:02.284000+00:00,96.391,4.163467,https://earth-search.aws.element84.com/v1/collections/sentinel-2-l2a/items/S2B_32SNJ_20230329_0_L2A,https://earth-search.aws.element84.com/v1/search
335780,Dallaporta,2023-03-25T09:56:34+00:00,39.6798643770611,9.73580389708937,2,0.399775323795732,20.4427598317601,S2B_32TNK_20230329_0_L2A,2023-03-29T10:19:47.691000+00:00,96.387,21.325217,https://earth-search.aws.element84.com/v1/collections/sentinel-2-l2a/items/S2B_32TNK_20230329_0_L2A,https://earth-search.aws.element84.com/v1/search
335780,Dallaporta,2023-03-25T09:56:34+00:00,39.6798643770611,9.73580389708937,2,0.399775323795732,20.4427598317601,S2A_32SNJ_20230324_0_L2A,2023-03-24T10:19:57.516000+00:00,-23.61,16.434023,https://earth-search.aws.element84.com/v1/collections/sentinel-2-l2a/items/S2A_32SNJ_20230324_0_L2A,https://earth-search.aws.element84.com/v1/search
335780,Dallaporta,2023-03-25T09:56:34+00:00,39.6798643770611,9.73580389708937,2,0.399775323795732,20.4427598317601,S2A_32TNK_20230324_0_L2A,2023-03-24T10:19:42.921000+00:00,-23.614,34.407952,https://earth-search.aws.element84.com/v1/collections/sentinel-2-l2a/items/S2A_32TNK_20230324_0_L2A,https://earth-search.aws.element84.com/v1/search
335792,Dallaporta,2023-03-30T07:38:16+00:00,37.690461277366,15.4660695846006,1,0.399735359389453,8.39181674523623,S2B_33SWB_20230402_1_L2A,2023-04-02T10:00:19.295000+00:00,74.368,25.169399,https://earth-search.aws.element84.com/v1/collections/sentinel-2-l2a/items/S2B_33SWB_20230402_1_L2A,https://earth-search.aws.element84.com/v1/search
335792,Dallaporta,2023-03-30T07:38:16+00:00,37.690461277366,15.4660695846006,1,0.399735359389453,8.39181674523623,S2B_33SWB_20230330_1_L2A,2023-03-30T09:50:20.639000+00:00,2.201,34.876055,https://earth-search.aws.element84.com/v1/collections/sentinel-2-l2a/items/S2B_33SWB_20230330_1_L2A,https://earth-search.aws.element84.com/v1/search
335792,Dallaporta,2023-03-30T07:38:16+00:00,37.690461277366,15.4660695846006,1,0.399735359389453,8.39181674523623,S2A_33SWB_20230328_0_L2A,2023-03-28T10:00:13.896000+00:00,-45.634,21.011992,https://earth-search.aws.element84.com/v1/collections/sentinel-2-l2a/items/S2A_33SWB_20230328_0_L2A,https://earth-search.aws.element84.com/v1/search
335792,Dallaporta,2023-03-30T07:38:16+00:00,37.690461277366,15.4660695846006,1,0.399735359389453,8.39181674523623,S2A_33SWB_20230325_0_L2A,2023-03-25T09:50:18.505000+00:00,-117.799,63.850272,https://earth-search.aws.element84.com/v1/collections/sentinel-2-l2a/items/S2A_33SWB_20230325_0_L2A,https://earth-search.aws.element84.com/v1/search
335813,Dallaporta,2023-04-09T12:13:10+00:00,40.1342367148799,18.5767964581259,1,0.399628873288343,10.8625572347869,S2A_33TYE_20230414_0_L2A,2023-04-14T09:49:29.796000+00:00,117.605,51.799148,https://earth-search.aws.element84.com/v1/collections/sentinel-2-l2a/items/S2A_33TYE_20230414_0_L2A,https://earth-search.aws.element84.com/v1/search
335813,Dallaporta,2023-04-09T12:13:10+00:00,40.1342367148799,18.5767964581259,1,0.399628873288343,10.8625572347869,S2A_34TBK_20230414_0_L2A,2023-04-14T09:49:29.328000+00:00,117.605,44.540942,https://earth-search.aws.element84.com/v1/collections/sentinel-2-l2a/items/S2A_34TBK_20230414_0_L2A,https://earth-search.aws.element84.com/v1/search
335813,Dallaporta,2023-04-09T12:13:10+00:00,40.1342367148799,18.5767964581259,1,0.399628873288343,10.8625572347869,S2A_33TYE_20230411_0_L2A,2023-04-11T09:39:33.056000+00:00,45.44,24.401152,https://earth-search.aws.element84.com/v1/collections/sentinel-2-l2a/items/S2A_33TYE_20230411_0_L2A,https://earth-search.aws.element84.com/v1/search
335813,Dallaporta,2023-04-09T12:13:10+00:00,40.1342367148799,18.5767964581259,1,0.399628873288343,10.8625572347869,S2A_34TBK_20230411_0_L2A,2023-04-11T09:39:32.580000+00:00,45.44,24.783804,https://earth-search.aws.element84.com/v1/collections/sentinel-2-l2a/items/S2A_34TBK_20230411_0_L2A,https://earth-search.aws.element84.com/v1/search
335813,Dallaporta,2023-04-09T12:13:10+00:00,40.1342367148799,18.5767964581259,1,0.399628873288343,10.8625572347869,S2B_33TYE_20230409_0_L2A,2023-04-09T09:49:31.968000+00:00,-2.394,51.618791,https://earth-search.aws.element84.com/v1/collections/sentinel-2-l2a/items/S2B_33TYE_20230409_0_L2A,https://earth-search.aws.element84.com/v1/search
335813,Dallaporta,2023-04-09T12:13:10+00:00,40.1342367148799,18.5767964581259,1,0.399628873288343,10.8625572347869,S2B_34TBK_20230409_0_L2A,2023-04-09T09:49:31.504000+00:00,-2.394,52.922791,https://earth-search.aws.element84.com/v1/collections/sentinel-2-l2a/items/S2B_34TBK_20230409_0_L2A,https://earth-search.aws.element84.com/v1/search
335813,Dallaporta,2023-04-09T12:13:10+00:00,40.1342367148799,18.5767964581259,1,0.399628873288343,10.8625572347869,S2B_33TYE_20230406_0_L2A,2023-04-06T09:39:35.779000+00:00,-74.56,90.063232,https://earth-search.aws.element84.com/v1/collections/sentinel-2-l2a/items/S2B_33TYE_20230406_0_L2A,https://earth-search.aws.element84.com/v1/search
335813,Dallaporta,2023-04-09T12:13:10+00:00,40.1342367148799,18.5767964581259,1,0.399628873288343,10.8625572347869,S2B_34TBK_20230406_0_L2A,2023-04-06T09:39:35.290000+00:00,-74.56,92.068201,https://earth-search.aws.element84.com/v1/collections/sentinel-2-l2a/items/S2B_34TBK_20230406_0_L2A,https://earth-search.aws.element84.com/v1/search
335816,Dallaporta,2023-04-09T13:49:27+00:00,40.3221811872649,18.5317153640533,1,0.399969732746942,8.78239403927853,S2A_33TYE_20230414_0_L2A,2023-04-14T09:49:29.796000+00:00,116.001,51.799148,https://earth-search.aws.element84.com/v1/collections/sentinel-2-l2a/items/S2A_33TYE_20230414_0_L2A,https://earth-search.aws.element84.com/v1/search
335816,Dallaporta,2023-04-09T13:49:27+00:00,40.3221811872649,18.5317153640533,1,0.399969732746942,8.78239403927853,S2A_34TBK_20230414_0_L2A,2023-04-14T09:49:29.328000+00:00,116.001,44.540942,https://earth-search.aws.element84.com/v1/collections/sentinel-2-l2a/items/S2A_34TBK_20230414_0_L2A,https://earth-search.aws.element84.com/v1/search
335816,Dallaporta,2023-04-09T13:49:27+00:00,40.3221811872649,18.5317153640533,1,0.399969732746942,8.78239403927853,S2A_33TYE_20230411_0_L2A,2023-04-11T09:39:33.056000+00:00,43.835,24.401152,https://earth-search.aws.element84.com/v1/collections/sentinel-2-l2a/items/S2A_33TYE_20230411_0_L2A,https://earth-search.aws.element84.com/v1/search
335816,Dallaporta,2023-04-09T13:49:27+00:00,40.3221811872649,18.5317153640533,1,0.399969732746942,8.78239403927853,S2A_34TBK_20230411_0_L2A,2023-04-11T09:39:32.580000+00:00,43.835,24.783804,https://earth-search.aws.element84.com/v1/collections/sentinel-2-l2a/items/S2A_34TBK_20230411_0_L2A,https://earth-search.aws.element84.com/v1/search
335816,Dallaporta,2023-04-09T13:49:27+00:00,40.3221811872649,18.5317153640533,1,0.399969732746942,8.78239403927853,S2B_33TYE_20230409_0_L2A,2023-04-09T09:49:31.968000+00:00,-3.999,51.618791,https://earth-search.aws.element84.com/v1/collections/sentinel-2-l2a/items/S2B_33TYE_20230409_0_L2A,https://earth-search.aws.element84.com/v1/search
335816,Dallaporta,2023-04-09T13:49:27+00:00,40.3221811872649,18.5317153640533,1,0.399969732746942,8.78239403927853,S2B_34TBK_20230409_0_L2A,2023-04-09T09:49:31.504000+00:00,-3.999,52.922791,https://earth-search.aws.element84.com/v1/collections/sentinel-2-l2a/items/S2B_34TBK_20230409_0_L2A,https://earth-search.aws.element84.com/v1/search
335816,Dallaporta,2023-04-09T13:49:27+00:00,40.3221811872649,18.5317153640533,1,0.399969732746942,8.78239403927853,S2B_33TYE_20230406_0_L2A,2023-04-06T09:39:35.779000+00:00,-76.164,90.063232,https://earth-search.aws.element84.com/v1/collections/sentinel-2-l2a/items/S2B_33TYE_20230406_0_L2A,https://earth-search.aws.element84.com/v1/search
335816,Dallaporta,2023-04-09T13:49:27+00:00,40.3221811872649,18.5317153640533,1,0.399969732746942,8.78239403927853,S2B_34TBK_20230406_0_L2A,2023-04-06T09:39:35.290000+00:00,-76.164,92.068201,https://earth-search.aws.element84.com/v1/collections/sentinel-2-l2a/items/S2B_34TBK_20230406_0_L2A,https://earth-search.aws.element84.com/v1/search
335842,Dallaporta,2022-10-24T11:59:24+00:00,38.8587461429578,17.2320212800866,1,0.105312473452746,48.6540028076823,S2A_33SXD_20221026_0_L2A,2022-10-26T09:49:50.777000+00:00,45.841,6.415038,https://earth-search.aws.element84.com/v1/collections/sentinel-2-l2a/items/S2A_33SXD_20221026_0_L2A,https://earth-search.aws.element84.com/v1/search
335842,Dallaporta,2022-10-24T11:59:24+00:00,38.8587461429578,17.2320212800866,1,0.105312473452746,48.6540028076823,S2B_33SXD_20221021_0_L2A,2022-10-21T09:49:47.172000+00:00,-74.16,8.189981,https://earth-search.aws.element84.com/v1/collections/sentinel-2-l2a/items/S2B_33SXD_20221021_0_L2A,https://earth-search.aws.element84.com/v1/search
335861,Dallaporta,2022-04-12T07:29:06+00:00,38.9198556097331,17.2554697123832,2,0.399992737410295,17.4160647899186,S2B_33SXD_20220414_0_L2A,2022-04-14T09:49:44.071000+00:00,50.344,96.995217,https://earth-search.aws.element84.com/v1/collections/sentinel-2-l2a/items/S2B_33SXD_20220414_0_L2A,https://earth-search.aws.element84.com/v1/search
335861,Dallaporta,2022-04-12T07:29:06+00:00,38.9198556097331,17.2554697123832,2,0.399992737410295,17.4160647899186,S2A_33SXD_20220409_0_L2A,2022-04-09T09:49:49.026000+00:00,-69.655,43.477863,https://earth-search.aws.element84.com/v1/collections/sentinel-2-l2a/items/S2A_33SXD_20220409_0_L2A,https://earth-search.aws.element84.com/v1/search
335863,Dallaporta,2022-04-12T08:30:08+00:00,38.7928890453192,17.0927846395426,1,0.399977455536891,8.54941936041068,S2B_33SXC_20220414_0_L2A,2022-04-14T09:49:58.591000+00:00,49.331,98.929387,https://earth-search.aws.element84.com/v1/collections/sentinel-2-l2a/items/S2B_33SXC_20220414_0_L2A,https://earth-search.aws.element84.com/v1/search
335863,Dallaporta,2022-04-12T08:30:08+00:00,38.7928890453192,17.0927846395426,1,0.399977455536891,8.54941936041068,S2B_33SXD_20220414_0_L2A,2022-04-14T09:49:44.071000+00:00,49.327,96.995217,https://earth-search.aws.element84.com/v1/collections/sentinel-2-l2a/items/S2B_33SXD_20220414_0_L2A,https://earth-search.aws.element84.com/v1/search
335863,Dallaporta,2022-04-12T08:30:08+00:00,38.7928890453192,17.0927846395426,1,0.399977455536891,8.54941936041068,S2A_33SXC_20220409_0_L2A,2022-04-09T09:50:03.539000+00:00,-70.668,16.552252,https://earth-search.aws.element84.com/v1/collections/sentinel-2-l2a/items/S2A_33SXC_20220409_0_L2A,https://earth-search.aws.element84.com/v1/search
335863,Dallaporta,2022-04-12T08:30:08+00:00,38.7928890453192,17.0927846395426,1,0.399977455536891,8.54941936041068,S2A_33SXD_20220409_0_L2A,2022-04-09T09:49:49.026000+00:00,-70.672,43.477863,https://earth-search.aws.element84.com/v1/collections/sentinel-2-l2a/items/S2A_33SXD_20220409_0_L2A,https://earth-search.aws.element84.com/v1/search
335867,Dallaporta,2022-04-12T09:51:35+00:00,38.6118482483482,16.8977748012037,1,0.399619000089164,8.58913351228817,S2B_33SXC_20220414_0_L2A,2022-04-14T09:49:58.591000+00:00,47.973,98.929387,https://earth-search.aws.element84.com/v1/collections/sentinel-2-l2a/items/S2B_33SXC_20220414_0_L2A,https://earth-search.aws.element84.com/v1/search
335867,Dallaporta,2022-04-12T09:51:35+00:00,38.6118482483482,16.8977748012037,1,0.399619000089164,8.58913351228817,S2A_33SXC_20220409_0_L2A,2022-04-09T09:50:03.539000+00:00,-72.025,16.552252,https://earth-search.aws.element84.com/v1/collections/sentinel-2-l2a/items/S2A_33SXC_20220409_0_L2A,https://earth-search.aws.element84.com/v1/search
335870,Dallaporta,2022-04-12T11:07:06+00:00,38.4503849520927,16.7099166611351,2,0.39958851385808,17.547614515079,S2B_33SXC_20220414_0_L2A,2022-04-14T09:49:58.591000+00:00,46.715,98.929387,https://earth-search.aws.element84.com/v1/collections/sentinel-2-l2a/items/S2B_33SXC_20220414_0_L2A,https://earth-search.aws.element84.com/v1/search
335870,Dallaporta,2022-04-12T11:07:06+00:00,38.4503849520927,16.7099166611351,2,0.39958851385808,17.547614515079,S2A_33SXC_20220409_0_L2A,2022-04-09T09:50:03.539000+00:00,-73.284,16.552252,https://earth-search.aws.element84.com/v1/collections/sentinel-2-l2a/items/S2A_33SXC_20220409_0_L2A,https://earth-search.aws.element84.com/v1/search
335915,Dallaporta,2022-10-23T09:26:26+00:00,37.0532507170072,15.397549747047,1,0.399821559508084,8.45150532695301,S2A_33SWB_20221026_0_L2A,2022-10-26T09:50:23.077000+00:00,72.399,0.00358,https://earth-search.aws.element84.com/v1/collections/sentinel-2-l2a/items/S2A_33SWB_20221026_0_L2A,https://earth-search.aws.element84.com/v1/search
335915,Dallaporta,2022-10-23T09:26:26+00:00,37.0532507170072,15.397549747047,1,0.399821559508084,8.45150532695301,S2B_33SWB_20221024_0_L2A,2022-10-24T10:00:18.926000+00:00,24.565,0.014881,https://earth-search.aws.element84.com/v1/collections/sentinel-2-l2a/items/S2B_33SWB_20221024_0_L2A,https://earth-search.aws.element84.com/v1/search
335915,Dallaporta,2022-10-23T09:26:26+00:00,37.0532507170072,15.397549747047,1,0.399821559508084,8.45150532695301,S2B_33SWB_20221021_0_L2A,2022-10-21T09:50:19.474000+00:00,-47.602,6.551313,https://earth-search.aws.element84.com/v1/collections/sentinel-2-l2a/items/S2B_33SWB_20221021_0_L2A,https://earth-search.aws.element84.com/v1/search
335915,Dallaporta,2022-10-23T09:26:26+00:00,37.0532507170072,15.397549747047,1,0.399821559508084,8.45150532695301,S2A_33SWB_20221019_0_L2A,2022-10-19T10:00:18.095000+00:00,-95.436,2.13798,https://earth-search.aws.element84.com/v1/collections/sentinel-2-l2a/items/S2A_33SWB_20221019_0_L2A,https://earth-search.aws.element84.com/v1/search
335917,Dallaporta,2022-10-23T10:30:18+00:00,37.2284631047994,15.40087073729,1,0.3999095530586,8.1504665139447,S2A_33SWB_20221026_0_L2A,2022-10-26T09:50:23.077000+00:00,71.335,0.00358,https://earth-search.aws.element84.com/v1/collections/sentinel-2-l2a/items/S2A_33SWB_20221026_0_L2A,https://earth-search.aws.element84.com/v1/search
335917,Dallaporta,2022-10-23T10:30:18+00:00,37.2284631047994,15.40087073729,1,0.3999095530586,8.1504665139447,S2B_33SWB_20221024_0_L2A,2022-10-24T10:00:18.926000+00:00,23.5,0.014881,https://earth-search.aws.element84.com/v1/collections/sentinel-2-l2a/items/S2B_33SWB_20221024_0_L2A,https://earth-search.aws.element84.com/v1/search
335917,Dallaporta,2022-10-23T10:30:18+00:00,37.2284631047994,15.40087073729,1,0.3999095530586,8.1504665139447,S2B_33SWB_20221021_0_L2A,2022-10-21T09:50:19.474000+00:00,-48.666,6.551313,https://earth-search.aws.element84.com/v1/collections/sentinel-2-l2a/items/S2B_33SWB_20221021_0_L2A,https://earth-search.aws.element84.com/v1/search
335917,Dallaporta,2022-10-23T10:30:18+00:00,37.2284631047994,15.40087073729,1,0.3999095530586,8.1504665139447,S2A_33SWB_20221019_0_L2A,2022-10-19T10:00:18.095000+00:00,-96.5,2.13798,https://earth-search.aws.element84.com/v1/collections/sentinel-2-l2a/items/S2A_33SWB_20221019_0_L2A,https://earth-search.aws.element84.com/v1/search
335929,Dallaporta,2022-10-24T08:54:55+00:00,38.4640346087787,16.8038328444215,2,0.399883669293653,15.9408442609949,S2A_33SXC_20221026_0_L2A,2022-10-26T09:50:05.289000+00:00,48.92,1.780052,https://earth-search.aws.element84.com/v1/collections/sentinel-2-l2a/items/S2A_33SXC_20221026_0_L2A,https://earth-search.aws.element84.com/v1/search
335929,Dallaporta,2022-10-24T08:54:55+00:00,38.4640346087787,16.8038328444215,2,0.399883669293653,15.9408442609949,S2B_33SXC_20221021_0_L2A,2022-10-21T09:50:01.691000+00:00,-71.081,2.410911,https://earth-search.aws.element84.com/v1/collections/sentinel-2-l2a/items/S2B_33SXC_20221021_0_L2A,https://earth-search.aws.element84.com/v1/search
335939,Dallaporta,2021-09-27T08:52:45+00:00,37.333762441766,11.5430836924148,1,0.292718281720028,11.2250665704268,S2A_32SQG_20210927_1_L2A,2021-09-27T10:10:28.776000+00:00,1.295,67.381579,https://earth-search.aws.element84.com/v1/collections/sentinel-2-l2a/items/S2A_32SQG_20210927_1_L2A,https://earth-search.aws.element84.com/v1/search
335939,Dallaporta,2021-09-27T08:52:45+00:00,37.333762441766,11.5430836924148,1,0.292718281720028,11.2250665704268,S2A_32SQG_20210927_0_L2A,2021-09-27T10:10:28.776000+00:00,1.295,72.203568,https://earth-search.aws.element84.com/v1/collections/sentinel-2-l2a/items/S2A_32SQG_20210927_0_L2A,https://earth-search.aws.element84.com/v1/search
335939,Dallaporta,2021-09-27T08:52:45+00:00,37.333762441766,11.5430836924148,1,0.292718281720028,11.2250665704268,S2B_32SQG_20210922_0_L2A,2021-09-22T10:10:22.467000+00:00,-118.706,39.192275,https://earth-search.aws.element84.com/v1/collections/sentinel-2-l2a/items/S2B_32SQG_20210922_0_L2A,https://earth-search.aws.element84.com/v1/search
335939,Dallaporta,2021-09-27T08:52:45+00:00,37.333762441766,11.5430836924148,1,0.292718281720028,11.2250665704268,S2B_32SQG_20210922_1_L2A,2021-09-22T10:10:22.466000+00:00,-118.706,40.553927,https://earth-search.aws.element84.com/v1/collections/sentinel-2-l2a/items/S2B_32SQG_20210922_1_L2A,https://earth-search.aws.element84.com/v1/search
335943,Dallaporta,2021-09-29T10:57:18+00:00,38.5381307643424,11.7204592181397,1,0.399858368075156,10.3090080396603,S2B_32SQH_20211002_0_L2A,2021-10-02T10:10:10.266000+00:00,71.215,32.336445,https://earth-search.aws.element84.com/v1/collections/sentinel-2-l2a/items/S2B_32SQH_20211002_0_L2A,https://earth-search.aws.element84.com/v1/search
335943,Dallaporta,2021-09-29T10:57:18+00:00,38.5381307643424,11.7204592181397,1,0.399858368075156,10.3090080396603,S2B_32SQH_20211002_1_L2A,2021-10-02T10:10:10.264000+00:00,71.215,39.079136,https://earth-search.aws.element84.com/v1/collections/sentinel-2-l2a/items/S2B_32SQH_20211002_1_L2A,https://earth-search.aws.element84.com/v1/search
335943,Dallaporta,2021-09-29T10:57:18+00:00,38.5381307643424,11.7204592181397,1,0.399858368075156,10.3090080396603,S2B_33STC_20211002_1_L2A,2021-10-02T10:10:09.169000+00:00,71.214,48.975351,https://earth-search.aws.element84.com/v1/collections/sentinel-2-l2a/items/S2B_33STC_20211002_1_L2A,https://earth-search.aws.element84.com/v1/search
335943,Dallaporta,2021-09-29T10:57:18+00:00,38.5381307643424,11.7204592181397,1,0.399858368075156,10.3090080396603,S2B_33STC_20211002_0_L2A,2021-10-02T10:10:09.169000+00:00,71.214,44.259983,https://earth-search.aws.element84.com/v1/collections/sentinel-2-l2a/items/S2B_33STC_20211002_0_L2A,https://earth-search.aws.element84.com/v1/search
335943,Dallaporta,2021-09-29T10:57:18+00:00,38.5381307643424,11.7204592181397,1,0.399858368075156,10.3090080396603,S2A_32SQH_20210927_0_L2A,2021-09-27T10:10:14.427000+00:00,-48.784,92.951374,https://earth-search.aws.element84.com/v1/collections/sentinel-2-l2a/items/S2A_32SQH_20210927_0_L2A,https://earth-search.aws.element84.com/v1/search
335943,Dallaporta,2021-09-29T10:57:18+00:00,38.5381307643424,11.7204592181397,1,0.399858368075156,10.3090080396603,S2A_32SQH_20210927_1_L2A,2021-09-27T10:10:14.426000+00:00,-48.784,91.355127,https://earth-search.aws.element84.com/v1/collections/sentinel-2-l2a/items/S2A_32SQH_20210927_1_L2A,https://earth-search.aws.element84.com/v1/search
335943,Dallaporta,2021-09-29T10:57:18+00:00,38.5381307643424,11.7204592181397,1,0.399858368075156,10.3090080396603,S2A_33STC_20210927_1_L2A,2021-09-27T10:10:13.328000+00:00,-48.785,91.264457,https://earth-search.aws.element84.com/v1/collections/sentinel-2-l2a/items/S2A_33STC_20210927_1_L2A,https://earth-search.aws.element84.com/v1/search
335943,Dallaporta,2021-09-29T10:57:18+00:00,38.5381307643424,11.7204592181397,1,0.399858368075156,10.3090080396603,S2A_33STC_20210927_0_L2A,2021-09-27T10:10:13.328000+00:00,-48.785,90.169474,https://earth-search.aws.element84.com/v1/collections/sentinel-2-l2a/items/S2A_33STC_20210927_0_L2A,https://earth-search.aws.element84.com/v1/search
335945,Dallaporta,2021-09-29T11:57:53+00:00,38.6894485981001,11.5961083389483,1,0.399951503969788,9.33668734095411,S2B_32SQH_20211002_0_L2A,2021-10-02T10:10:10.266000+00:00,70.205,32.336445,https://earth-search.aws.element84.com/v1/collections/sentinel-2-l2a/items/S2B_32SQH_20211002_0_L2A,https://earth-search.aws.element84.com/v1/search
335945,Dallaporta,2021-09-29T11:57:53+00:00,38.6894485981001,11.5961083389483,1,0.399951503969788,9.33668734095411,S2B_32SQH_20211002_1_L2A,2021-10-02T10:10:10.264000+00:00,70.205,39.079136,https://earth-search.aws.element84.com/v1/collections/sentinel-2-l2a/items/S2B_32SQH_20211002_1_L2A,https://earth-search.aws.element84.com/v1/search
335945,Dallaporta,2021-09-29T11:57:53+00:00,38.6894485981001,11.5961083389483,1,0.399951503969788,9.33668734095411,S2B_33STC_20211002_1_L2A,2021-10-02T10:10:09.169000+00:00,70.204,48.975351,https://earth-search.aws.element84.com/v1/collections/sentinel-2-l2a/items/S2B_33STC_20211002_1_L2A,https://earth-search.aws.element84.com/v1/search
335945,Dallaporta,2021-09-29T11:57:53+00:00,38.6894485981001,11.5961083389483,1,0.399951503969788,9.33668734095411,S2B_33STC_20211002_0_L2A,2021-10-02T10:10:09.169000+00:00,70.204,44.259983,https://earth-search.aws.element84.com/v1/collections/sentinel-2-l2a/items/S2B_33STC_20211002_0_L2A,https://earth-search.aws.element84.com/v1/search
335945,Dallaporta,2021-09-29T11:57:53+00:00,38.6894485981001,11.5961083389483,1,0.399951503969788,9.33668734095411,S2A_32SQH_20210927_0_L2A,2021-09-27T10:10:14.427000+00:00,-49.794,92.951374,https://earth-search.aws.element84.com/v1/collections/sentinel-2-l2a/items/S2A_32SQH_20210927_0_L2A,https://earth-search.aws.element84.com/v1/search
335945,Dallaporta,2021-09-29T11:57:53+00:00,38.6894485981001,11.5961083389483,1,0.399951503969788,9.33668734095411,S2A_32SQH_20210927_1_L2A,2021-09-27T10:10:14.426000+00:00,-49.794,91.355127,https://earth-search.aws.element84.com/v1/collections/sentinel-2-l2a/items/S2A_32SQH_20210927_1_L2A,https://earth-search.aws.element84.com/v1/search
335945,Dallaporta,2021-09-29T11:57:53+00:00,38.6894485981001,11.5961083389483,1,0.399951503969788,9.33668734095411,S2A_33STC_20210927_1_L2A,2021-09-27T10:10:13.328000+00:00,-49.794,91.264457,https://earth-search.aws.element84.com/v1/collections/sentinel-2-l2a/items/S2A_33STC_20210927_1_L2A,https://earth-search.aws.element84.com/v1/search
335945,Dallaporta,2021-09-29T11:57:53+00:00,38.6894485981001,11.5961083389483,1,0.399951503969788,9.33668734095411,S2A_33STC_20210927_0_L2A,2021-09-27T10:10:13.328000+00:00,-49.794,90.169474,https://earth-search.aws.element84.com/v1/collections/sentinel-2-l2a/items/S2A_33STC_20210927_0_L2A,https://earth-search.aws.element84.com/v1/search
335949,Dallaporta,2021-09-29T15:04:00+00:00,38.9232464516962,11.3891302992412,1,0.399783449038696,8.69262570654781,S2B_32SPJ_20211002_1_L2A,2021-10-02T10:09:58.752000+00:00,67.1,34.807369,https://earth-search.aws.element84.com/v1/collections/sentinel-2-l2a/items/S2B_32SPJ_20211002_1_L2A,https://earth-search.aws.element84.com/v1/search
335949,Dallaporta,2021-09-29T15:04:00+00:00,38.9232464516962,11.3891302992412,1,0.399783449038696,8.69262570654781,S2B_32SPJ_20211002_0_L2A,2021-10-02T10:09:58.752000+00:00,67.1,32.248799,https://earth-search.aws.element84.com/v1/collections/sentinel-2-l2a/items/S2B_32SPJ_20211002_0_L2A,https://earth-search.aws.element84.com/v1/search
335949,Dallaporta,2021-09-29T15:04:00+00:00,38.9232464516962,11.3891302992412,1,0.399783449038696,8.69262570654781,S2B_32SQJ_20211002_0_L2A,2021-10-02T10:09:55.576000+00:00,67.099,47.192597,https://earth-search.aws.element84.com/v1/collections/sentinel-2-l2a/items/S2B_32SQJ_20211002_0_L2A,https://earth-search.aws.element84.com/v1/search
335949,Dallaporta,2021-09-29T15:04:00+00:00,38.9232464516962,11.3891302992412,1,0.399783449038696,8.69262570654781,S2B_32SQJ_20211002_1_L2A,2021-10-02T10:09:55.575000+00:00,67.099,50.438207,https://earth-search.aws.element84.com/v1/collections/sentinel-2-l2a/items/S2B_32SQJ_20211002_1_L2A,https://earth-search.aws.element84.com/v1/search
335949,Dallaporta,2021-09-29T15:04:00+00:00,38.9232464516962,11.3891302992412,1,0.399783449038696,8.69262570654781,S2A_32SPJ_20210927_1_L2A,2021-09-27T10:10:02.908000+00:00,-52.899,98.026997,https://earth-search.aws.element84.com/v1/collections/sentinel-2-l2a/items/S2A_32SPJ_20210927_1_L2A,https://earth-search.aws.element84.com/v1/search
335949,Dallaporta,2021-09-29T15:04:00+00:00,38.9232464516962,11.3891302992412,1,0.399783449038696,8.69262570654781,S2A_32SPJ_20210927_0_L2A,2021-09-27T10:10:02.908000+00:00,-52.899,98.136982,https://earth-search.aws.element84.com/v1/collections/sentinel-2-l2a/items/S2A_32SPJ_20210927_0_L2A,https://earth-search.aws.element84.com/v1/search
335949,Dallaporta,2021-09-29T15:04:00+00:00,38.9232464516962,11.3891302992412,1,0.399783449038696,8.69262570654781,S2A_32SQJ_20210927_0_L2A,2021-09-27T10:09:59.730000+00:00,-52.9,99.068181,https://earth-search.aws.element84.com/v1/collections/sentinel-2-l2a/items/S2A_32SQJ_20210927_0_L2A,https://earth-search.aws.element84.com/v1/search
335949,Dallaporta,2021-09-29T15:04:00+00:00,38.9232464516962,11.3891302992412,1,0.399783449038696,8.69262570654781,S2A_32SQJ_20210927_1_L2A,2021-09-27T10:09:59.728000+00:00,-52.9,98.930371,https://earth-search.aws.element84.com/v1/collections/sentinel-2-l2a/items/S2A_32SQJ_20210927_1_L2A,https://earth-search.aws.element84.com/v1/search
335997,Dallaporta,2021-09-30T10:39:59+00:00,41.1376677337876,9.70949194196788,1,0.399664215819753,8.27488837355478,S2B_32TNL_20211005_1_L2A,2021-10-05T10:19:30.179000+00:00,119.659,10.884463,https://earth-search.aws.element84.com/v1/collections/sentinel-2-l2a/items/S2B_32TNL_20211005_1_L2A,https://earth-search.aws.element84.com/v1/search
335997,Dallaporta,2021-09-30T10:39:59+00:00,41.1376677337876,9.70949194196788,1,0.399664215819753,8.27488837355478,S2B_32TNL_20211005_0_L2A,2021-10-05T10:19:30.179000+00:00,119.659,8.625934,https://earth-search.aws.element84.com/v1/collections/sentinel-2-l2a/items/S2B_32TNL_20211005_0_L2A,https://earth-search.aws.element84.com/v1/search
335997,Dallaporta,2021-09-30T10:39:59+00:00,41.1376677337876,9.70949194196788,1,0.399664215819753,8.27488837355478,S2A_32TNL_20210930_1_L2A,2021-09-30T10:19:34.267000+00:00,-0.34,42.767146,https://earth-search.aws.element84.com/v1/collections/sentinel-2-l2a/items/S2A_32TNL_20210930_1_L2A,https://earth-search.aws.element84.com/v1/search
335997,Dallaporta,2021-09-30T10:39:59+00:00,41.1376677337876,9.70949194196788,1,0.399664215819753,8.27488837355478,S2A_32TNL_20210930_0_L2A,2021-09-30T10:19:34.266000+00:00,-0.34,36.099439,https://earth-search.aws.element84.com/v1/collections/sentinel-2-l2a/items/S2A_32TNL_20210930_0_L2A,https://earth-search.aws.element84.com/v1/search
437262,R/V SOCIB,2023-04-26T05:52:59+00:00,39.5683689939953,1.54676154510716,1,0.354859286837528,6.72978334355505,S2B_31SCD_20230427_0_L2A,2023-04-27T10:50:15.460000+00:00,28.955,50.102592,https://earth-search.aws.element84.com/v1/collections/sentinel-2-l2a/items/S2B_31SCD_20230427_0_L2A,https://earth-search.aws.element84.com/v1/search
437262,R/V SOCIB,2023-04-26T05:52:59+00:00,39.5683689939953,1.54676154510716,1,0.354859286837528,6.72978334355505,S2A_31SCD_20230422_0_L2A,2023-04-22T10:50:12.879000+00:00,-91.046,96.502495,https://earth-search.aws.element84.com/v1/collections/sentinel-2-l2a/items/S2A_31SCD_20230422_0_L2A,https://earth-search.aws.element84.com/v1/search
437267,R/V SOCIB,2023-04-26T13:40:27+00:00,39.801654193851,1.48967739923498,1,0.354895262753152,11.1727192737579,S2B_31TCE_20230427_0_L2A,2023-04-27T10:50:01.048000+00:00,21.159,97.499198,https://earth-search.aws.element84.com/v1/collections/sentinel-2-l2a/items/S2B_31TCE_20230427_0_L2A,https://earth-search.aws.element84.com/v1/search
437267,R/V SOCIB,2023-04-26T13:40:27+00:00,39.801654193851,1.48967739923498,1,0.354895262753152,11.1727192737579,S2A_31TCE_20230422_0_L2A,2023-04-22T10:49:58.468000+00:00,-98.841,90.6923,https://earth-search.aws.element84.com/v1/collections/sentinel-2-l2a/items/S2A_31TCE_20230422_0_L2A,https://earth-search.aws.element84.com/v1/search
437378,R/V SOCIB,2023-05-10T07:09:03+00:00,39.607406319883,1.6551917246636,1,0.279853608094796,18.4145970730052,S2A_31SCD_20230512_0_L2A,2023-05-12T10:50:13.336000+00:00,51.686,41.047007,https://earth-search.aws.element84.com/v1/collections/sentinel-2-l2a/items/S2A_31SCD_20230512_0_L2A,https://earth-search.aws.element84.com/v1/search
437378,R/V SOCIB,2023-05-10T07:09:03+00:00,39.607406319883,1.6551917246636,1,0.279853608094796,18.4145970730052,S2B_31SCD_20230507_0_L2A,2023-05-07T10:50:16.536000+00:00,-68.313,77.139926,https://earth-search.aws.element84.com/v1/collections/sentinel-2-l2a/items/S2B_31SCD_20230507_0_L2A,https://earth-search.aws.element84.com/v1/search
437379,R/V SOCIB,2023-05-10T07:52:03+00:00,39.5535269571577,1.698444901543,1,0.279919021007313,22.6359259157301,S2A_31SCD_20230512_0_L2A,2023-05-12T10:50:13.336000+00:00,50.97,41.047007,https://earth-search.aws.element84.com/v1/collections/sentinel-2-l2a/items/S2A_31SCD_20230512_0_L2A,https://earth-search.aws.element84.com/v1/search
437379,R/V SOCIB,2023-05-10T07:52:03+00:00,39.5535269571577,1.698444901543,1,0.279919021007313,22.6359259157301,S2B_31SCD_20230507_0_L2A,2023-05-07T10:50:16.536000+00:00,-69.03,77.139926,https://earth-search.aws.element84.com/v1/collections/sentinel-2-l2a/items/S2B_31SCD_20230507_0_L2A,https://earth-search.aws.element84.com/v1/search
437386,R/V SOCIB,2023-05-10T15:52:51+00:00,39.3127300952691,2.33464639326191,1,0.279977008251468,8.84386944355471,S2A_31SDD_20230512_0_L2A,2023-05-12T10:50:09.592000+00:00,42.955,23.93443,https://earth-search.aws.element84.com/v1/collections/sentinel-2-l2a/items/S2A_31SDD_20230512_0_L2A,https://earth-search.aws.element84.com/v1/search
437386,R/V SOCIB,2023-05-10T15:52:51+00:00,39.3127300952691,2.33464639326191,1,0.279977008251468,8.84386944355471,S2B_31SDD_20230507_0_L2A,2023-05-07T10:50:12.789000+00:00,-77.044,91.510075,https://earth-search.aws.element84.com/v1/collections/sentinel-2-l2a/items/S2B_31SDD_20230507_0_L2A,https://earth-search.aws.element84.com/v1/search
