id,первоисточник_URL_DOI,лицензия,природный_искусственный,море_река_берег,lat_lon_контур,дата_UTC,платформа_GSD,ссылка_на_кадр,полевой_метод,N,материал_мин_размер,площадь_A,единицы,полнота_разметки,сцена_product_id_dt,дрейф_радиус,независимость_train_test,визуальное_подтверждение,класс,можно_нельзя_обучать,следующий_шаг,пиксели_детектора_на_месте_счёта,П,статус_П4,дубли_слиты,обновлено,поля_из_файла_П,вердикт_критика,№_ispra_167,S2_product_id,S2_источник,решение_масок,причина,детектор_оценивается,пикс_детектора_500м,пикс_детектора_50м,макс_кластер_500м,zFDI_медиана_пикс_детектора,zB8_медиана_пикс_детектора,обогащение_zFDI3_полоса_к_вырезке,расст_предмет_пиксель_мин_м,предметов_≤50м_пикс,предметов_≤100м_пикс,Δt_ч,пояс,радиус_дрейфа_м,окон_Cózar_3км,окно_Cózar_мин_расст_м,предметов_≤500м_Cózar,полоса_м_в_файле
ISPRA-even-002-1CA03M-2018-04-23,"ISPRA, портал Strategia Marina, «Dati monitoraggio 2018–2023», Modulo 2bis (плавающий макромусор, визуальный учёт с судна): http://www.db-strategiamarina.isprambiente.it/app/#/datiMonitoraggio20182023 ; файл mod_2Bis_PU_0418, трансекта 1CA03M","не проверено (открытая загрузка с портала ISPRA, лицензия на странице не найдена)",природный,море,трек 24.83 км,"2018-04-23; начало учёта 13:06:00 (пояс: не определён (2 гипотезы: UTC или местное CEST); старый формат: одно время начала, пояс не указан)","Sentinel-2 L2A, 10 м",рабочие файлы (вне git): scan/002__S2A_33TWG_20180423_0_L2A/,визуальный учёт с судна по протоколу MSFD (Modulo 2bis),10.0,категории buste:7;retine molluschi:1;cassette polistirene:1;bottiglie:1; размеры B:1;E:5;F:2;G:2,полоса в файле не указана или вне списка 25/50 м → площадь не задана,шт. на трансекту,поштучно с GPS (время только у начала),"S2A_33TWG_20180423_0_L2A (earth-search, baseline 2.07); 2018-04-23 09:54:54 UTC; Δt(учёт − S2), ч [мин, мед, макс]: {""dt_h_UTC"": [8.61, 9.7, 9.79], ""dt_h_local"": [6.61, 7.7, 7.79]}",0.2 м/с × |Δt| ≈ 6980 м (медиана; ForzaVento 0 → 0.0 м/с),не проверено по сцене (кроме № 32: тайл 32TQQ не в MARIDA/MADOS),,D,нет,маски: блик,±500 м: 0; ±50 м: 0,ISPRA-чётные,,,,,,2,S2A_33TWG_20180423_0_L2A,earth-search,reject,glint,True,0.0,0.0,0.0,,,1.46,15473.1,0.0,0.0,"{""dt_h_UTC"": [8.61, 9.7, 9.79], ""dt_h_local"": [6.61, 7.7, 7.79]}","не определён (2 гипотезы: UTC или местное CEST); старый формат: одно время начала, пояс не указан",6980.0,0.0,,0.0,
"ISPRA-even-004-0073-MS00370_TR_1,5-2018-04-24","ISPRA, портал Strategia Marina, «Dati monitoraggio 2018–2023», Modulo 2bis (плавающий макромусор, визуальный учёт с судна): http://www.db-strategiamarina.isprambiente.it/app/#/datiMonitoraggio20182023 ; файл ID2756_2018_4_Modulo 2bis_Sardegna, трансекта 0073-MS00370_TR_1,5","не проверено (открытая загрузка с портала ISPRA, лицензия на странице не найдена)",природный,море,трек 2.15 км,"2018-04-24; начало учёта 11:32:00 (пояс: не определён (2 гипотезы: UTC или местное CEST); старый формат: одно время начала, пояс не указан)","Sentinel-2 L2A, 10 м",рабочие файлы (вне git): scan/004__S2B_32TNK_20180424_0_L2A/,визуальный учёт с судна по протоколу MSFD (Modulo 2bis),8.0,категории buste:5;scatole plastica:1;cassette polistirene:1;altro:1; размеры C:7;D:1,полоса в файле не указана или вне списка 25/50 м → площадь не задана,шт. на трансекту,поштучно с GPS (время только у начала),"S2B_32TNK_20180424_0_L2A (earth-search, baseline 2.07); 2018-04-24 10:18:48 UTC; Δt(учёт − S2), ч [мин, мед, макс]: {""dt_h_UTC"": [1.28, 1.43, 1.5], ""dt_h_local"": [-0.72, -0.57, -0.5]}",0.25 м/с × |Δt| ≈ 1287 м (медиана; ForzaVento 2 → 2.5 м/с),не проверено по сцене (кроме № 32: тайл 32TQQ не в MARIDA/MADOS),,D,нет,маски: блик,±500 м: 0; ±50 м: 0,ISPRA-чётные,,,,,,4,S2B_32TNK_20180424_0_L2A,earth-search,reject,glint,True,0.0,0.0,0.0,,,0.24,,0.0,0.0,"{""dt_h_UTC"": [1.28, 1.43, 1.5], ""dt_h_local"": [-0.72, -0.57, -0.5]}","не определён (2 гипотезы: UTC или местное CEST); старый формат: одно время начала, пояс не указан",1287.0,0.0,,0.0,
ISPRA-even-006-1004-2018-11-30,"ISPRA, портал Strategia Marina, «Dati monitoraggio 2018–2023», Modulo 2bis (плавающий макромусор, визуальный учёт с судна): http://www.db-strategiamarina.isprambiente.it/app/#/datiMonitoraggio20182023 ; файл mod_2Bis_ER_1118, трансекта 1004","не проверено (открытая загрузка с портала ISPRA, лицензия на странице не найдена)",природный,море,трек 0.86 км,"2018-11-30; начало учёта 09:42:24 (пояс: не определён (2 гипотезы: UTC или местное CET); старый формат: одно время начала, пояс не указан)","Sentinel-2 L2A, 10 м",рабочие файлы (вне git): scan/006__S2B_32TQQ_20181130_0_L2A/,визуальный учёт с судна по протоколу MSFD (Modulo 2bis),13.0,категории altro:11;bottiglie:1;reti e lenze:1; размеры A:3;B:5;C:3;E:1;G:1,полоса в файле не указана или вне списка 25/50 м → площадь не задана,шт. на трансекту,поштучно с GPS (время только у начала),"S2B_32TQQ_20181130_0_L2A (earth-search, baseline 2.11); 2018-11-30 10:18:20 UTC; Δt(учёт − S2), ч [мин, мед, макс]: {""dt_h_UTC"": [-0.6, -0.6, -0.6], ""dt_h_local"": [-1.6, -1.6, -1.6]}","0.45 м/с × |Δt| ≈ 2569 м (медиана; ForzaVento 6,1 → 12.3 м/с)",не проверено по сцене (кроме № 32: тайл 32TQQ не в MARIDA/MADOS),,D,нет,маски: облака в полосе,±500 м: 0; ±50 м: 0,ISPRA-чётные,,,,,,6,S2B_32TQQ_20181130_0_L2A,earth-search,reject,cloud,False,0.0,0.0,0.0,,,,,0.0,0.0,"{""dt_h_UTC"": [-0.6, -0.6, -0.6], ""dt_h_local"": [-1.6, -1.6, -1.6]}","не определён (2 гипотезы: UTC или местное CET); старый формат: одно время начала, пояс не указан",2569.0,0.0,,0.0,
ISPRA-even-008-4-2018-11-30,"ISPRA, портал Strategia Marina, «Dati monitoraggio 2018–2023», Modulo 2bis (плавающий макромусор, визуальный учёт с судна): http://www.db-strategiamarina.isprambiente.it/app/#/datiMonitoraggio20182023 ; файл mod_2Bis_ER_1118, трансекта 4","не проверено (открытая загрузка с портала ISPRA, лицензия на странице не найдена)",природный,море,трек 1.06 км,"2018-11-30; начало учёта 10:44:13 (пояс: не определён (2 гипотезы: UTC или местное CET); старый формат: одно время начала, пояс не указан)","Sentinel-2 L2A, 10 м",рабочие файлы (вне git): scan/008__S2B_32TQQ_20181130_0_L2A/,визуальный учёт с судна по протоколу MSFD (Modulo 2bis),17.0,категории altro:13;reti e lenze:2;guanti:1;scatolone/Tetrapack:1; размеры A:6;B:5;D:2;E:1;F:1;G:2,полоса в файле не указана или вне списка 25/50 м → площадь не задана,шт. на трансекту,поштучно с GPS (время только у начала),"S2B_32TQQ_20181130_0_L2A (earth-search, baseline 2.11); 2018-11-30 10:18:20 UTC; Δt(учёт − S2), ч [мин, мед, макс]: {""dt_h_UTC"": [0.45, 0.45, 0.64], ""dt_h_local"": [-0.55, -0.55, -0.36]}","0.29 м/с × |Δt| ≈ 570 м (медиана; ForzaVento 3,5 → 4.4 м/с)",не проверено по сцене (кроме № 32: тайл 32TQQ не в MARIDA/MADOS),,D,нет,маски: облака в полосе,±500 м: 0; ±50 м: 0,ISPRA-чётные,,,,,,8,S2B_32TQQ_20181130_0_L2A,earth-search,reject,cloud,False,0.0,0.0,0.0,,,,,0.0,0.0,"{""dt_h_UTC"": [0.45, 0.45, 0.64], ""dt_h_local"": [-0.55, -0.55, -0.36]}","не определён (2 гипотезы: UTC или местное CET); старый формат: одно время начала, пояс не указан",570.0,0.0,,0.0,
ISPRA-even-010-0182-MS01070_TR06-2019-02-06,"ISPRA, портал Strategia Marina, «Dati monitoraggio 2018–2023», Modulo 2bis (плавающий макромусор, визуальный учёт с судна): http://www.db-strategiamarina.isprambiente.it/app/#/datiMonitoraggio20182023 ; файл 2019_01_Modulo 2bis_Sardegna, трансекта 0182-MS01070_TR06","не проверено (открытая загрузка с портала ISPRA, лицензия на странице не найдена)",природный,море,трек 11.16 км,"2019-02-06; начало учёта 10:14:00 (пояс: не определён (2 гипотезы: UTC или местное CET); старый формат: одно время начала, пояс не указан)","Sentinel-2 L2A, 10 м",рабочие файлы (вне git): scan/010__S2A_32TML_20190206_0_L2A/,визуальный учёт с судна по протоколу MSFD (Modulo 2bis),5.0,категории cassette polistirene:5; размеры A:1;B:4,полоса в файле не указана или вне списка 25/50 м → площадь не задана,шт. на трансекту,поштучно с GPS (время только у начала),"S2A_32TML_20190206_0_L2A (earth-search, baseline 2.11); 2019-02-06 10:29:26 UTC; Δt(учёт − S2), ч [мин, мед, макс]: {""dt_h_UTC"": [-0.04, 0.46, 0.54], ""dt_h_local"": [-1.04, -0.54, -0.46]}",0.25 м/с × |Δt| ≈ 486 м (медиана; ForzaVento 2 → 2.5 м/с),не проверено по сцене (кроме № 32: тайл 32TQQ не в MARIDA/MADOS),,D,нет,правило освещённости: детектор не оценивается (низкое солнце/тёмная вода),±500 м: 0; ±50 м: 0,ISPRA-чётные,,,,,,10,S2A_32TML_20190206_0_L2A,earth-search,accept,,False,0.0,0.0,0.0,,,0.77,,0.0,0.0,"{""dt_h_UTC"": [-0.04, 0.46, 0.54], ""dt_h_local"": [-1.04, -0.54, -0.46]}","не определён (2 гипотезы: UTC или местное CET); старый формат: одно время начала, пояс не указан",486.0,0.0,,0.0,
ISPRA-even-012-M1GN12-2019-03-04,"ISPRA, портал Strategia Marina, «Dati monitoraggio 2018–2023», Modulo 2bis (плавающий макромусор, визуальный учёт с судна): http://www.db-strategiamarina.isprambiente.it/app/#/datiMonitoraggio20182023 ; файл 2019_03_Modulo2bis_Campania, трансекта M1GN12","не проверено (открытая загрузка с портала ISPRA, лицензия на странице не найдена)",природный,море,трек 17.05 км,"2019-03-04; начало учёта 11:53:00 (пояс: не определён (2 гипотезы: UTC или местное CET); старый формат: одно время начала, пояс не указан)","Sentinel-2 L2A, 10 м",рабочие файлы (вне git): scan/012__S2B_33TVF_20190304_0_L2A/,визуальный учёт с судна по протоколу MSFD (Modulo 2bis),10.0,категории altro:9;Assorbenti/tamponi:1; размеры C:1;D:6;E:2;F:1,полоса в файле не указана или вне списка 25/50 м → площадь не задана,шт. на трансекту,поштучно с GPS (время только у начала),"S2B_33TVF_20190304_0_L2A (earth-search, baseline 2.11); 2019-03-04 10:14:11 UTC; Δt(учёт − S2), ч [мин, мед, макс]: {""dt_h_UTC"": [1.65, 2.21, 2.88], ""dt_h_local"": [0.65, 1.21, 1.88]}",0.25 м/с × |Δt| ≈ 1989 м (медиана; ForzaVento 2 → 2.5 м/с),не проверено по сцене (кроме № 32: тайл 32TQQ не в MARIDA/MADOS),,D,нет,маски: облака в полосе,±500 м: 0; ±50 м: 0,ISPRA-чётные,,,,,,12,S2B_33TVF_20190304_0_L2A,earth-search,reject,cloud,True,0.0,0.0,0.0,,,1.13,,0.0,0.0,"{""dt_h_UTC"": [1.65, 2.21, 2.88], ""dt_h_local"": [0.65, 1.21, 1.88]}","не определён (2 гипотезы: UTC или местное CET); старый формат: одно время начала, пояс не указан",1989.0,0.0,,0.0,
ISPRA-even-014-0182-MS01070_TR06-2019-04-02,"ISPRA, портал Strategia Marina, «Dati monitoraggio 2018–2023», Modulo 2bis (плавающий макромусор, визуальный учёт с судна): http://www.db-strategiamarina.isprambiente.it/app/#/datiMonitoraggio20182023 ; файл 2019_03_Modulo 2bis_Sardegna, трансекта 0182-MS01070_TR06","не проверено (открытая загрузка с портала ISPRA, лицензия на странице не найдена)",природный,море,трек 5.55 км,"2019-04-02; начало учёта 11:15:00 (пояс: не определён (2 гипотезы: UTC или местное CEST); старый формат: одно время начала, пояс не указан)","Sentinel-2 L2A, 10 м",рабочие файлы (вне git): scan/014__S2B_32TML_20190402_0_L2A/,визуальный учёт с судна по протоколу MSFD (Modulo 2bis),10.0,категории buste:7;Imballaggi:2;cassette polistirene:1; размеры A:1;B:8;C:1,полоса в файле не указана или вне списка 25/50 м → площадь не задана,шт. на трансекту,поштучно с GPS (время только у начала),"S2B_32TML_20190402_0_L2A (earth-search, baseline 2.11); 2019-04-02 10:39:38 UTC; Δt(учёт − S2), ч [мин, мед, макс]: {""dt_h_UTC"": [0.64, 0.84, 1.03], ""dt_h_local"": [-1.36, -1.16, -0.97]}",0.25 м/с × |Δt| ≈ 1044 м (медиана; ForzaVento 2 → 2.5 м/с),не проверено по сцене (кроме № 32: тайл 32TQQ не в MARIDA/MADOS),,D,нет,маски: облака в полосе,±500 м: 0; ±50 м: 0,ISPRA-чётные,,,,,,14,S2B_32TML_20190402_0_L2A,earth-search,reject,cloud,True,0.0,0.0,0.0,,,,,0.0,0.0,"{""dt_h_UTC"": [0.64, 0.84, 1.03], ""dt_h_local"": [-1.36, -1.16, -0.97]}","не определён (2 гипотезы: UTC или местное CEST); старый формат: одно время начала, пояс не указан",1044.0,0.0,,0.0,
ISPRA-even-016-0222-MS01380_TR06-2019-05-24,"ISPRA, портал Strategia Marina, «Dati monitoraggio 2018–2023», Modulo 2bis (плавающий макромусор, визуальный учёт с судна): http://www.db-strategiamarina.isprambiente.it/app/#/datiMonitoraggio20182023 ; файл 2019_05_Modulo 2bis_Sardegna, трансекта 0222-MS01380_TR06","не проверено (открытая загрузка с портала ISPRA, лицензия на странице не найдена)",природный,море,трек 5.24 км,"2019-05-24; начало учёта 10:10:00 (пояс: не определён (2 гипотезы: UTC или местное CEST); старый формат: одно время начала, пояс не указан)","Sentinel-2 L2A, 10 м",рабочие файлы (вне git): scan/016__S2A_32TMK_20190524_0_L2A/,визуальный учёт с судна по протоколу MSFD (Modulo 2bis),9.0,категории buste:5;teli:3;cassette polistirene:1; размеры A:1;B:3;C:2;D:3,полоса в файле не указана или вне списка 25/50 м → площадь не задана,шт. на трансекту,поштучно с GPS (время только у начала),"S2A_32TMK_20190524_0_L2A (earth-search, baseline 2.12); 2019-05-24 10:19:51 UTC; Δt(учёт − S2), ч [мин, мед, макс]: {""dt_h_UTC"": [-0.06, 0.0, 0.31], ""dt_h_local"": [-2.06, -2.0, -1.69]}",0.25 м/с × |Δt| ≈ 1800 м (медиана; ForzaVento 2 → 2.5 м/с),не проверено по сцене (кроме № 32: тайл 32TQQ не в MARIDA/MADOS),,D,нет,маски: блик,±500 м: 0; ±50 м: 0,ISPRA-чётные,,,,,,16,S2A_32TMK_20190524_0_L2A,earth-search,reject,glint,True,0.0,0.0,0.0,,,1.24,,0.0,0.0,"{""dt_h_UTC"": [-0.06, 0.0, 0.31], ""dt_h_local"": [-2.06, -2.0, -1.69]}","не определён (2 гипотезы: UTC или местное CEST); старый формат: одно время начала, пояс не указан",1800.0,0.0,,0.0,
ISPRA-even-018-604-2019-06-03,"ISPRA, портал Strategia Marina, «Dati monitoraggio 2018–2023», Modulo 2bis (плавающий макромусор, визуальный учёт с судна): http://www.db-strategiamarina.isprambiente.it/app/#/datiMonitoraggio20182023 ; файл mod_2Bis_ER_0519, трансекта 604","не проверено (открытая загрузка с портала ISPRA, лицензия на странице не найдена)",природный,море,трек 16.52 км,"2019-06-03; начало учёта 12:28:24 (пояс: не определён (2 гипотезы: UTC или местное CEST); старый формат: одно время начала, пояс не указан)","Sentinel-2 L2A, 10 м",рабочие файлы (вне git): scan/018__S2A_32TQQ_20190603_0_L2A/,визуальный учёт с судна по протоколу MSFD (Modulo 2bis),22.0,категории altro:19;buste:3; размеры B:11;C:3;D:6;E:1;F:1,полоса в файле не указана или вне списка 25/50 м → площадь не задана,шт. на трансекту,поштучно с GPS (время только у начала),"S2A_32TQQ_20190603_0_L2A (earth-search, baseline 2.12); 2019-06-03 10:18:27 UTC; Δt(учёт − S2), ч [мин, мед, макс]: {""dt_h_UTC"": [2.17, 2.46, 3.47], ""dt_h_local"": [0.17, 0.46, 1.47]}",0.22 м/с × |Δt| ≈ 1935 м (медиана; ForzaVento 1 → 0.9 м/с),не проверено по сцене (кроме № 32: тайл 32TQQ не в MARIDA/MADOS),,D,нет,маски: блик,±500 м: 0; ±50 м: 0,ISPRA-чётные,,,,,,18,S2A_32TQQ_20190603_0_L2A,earth-search,reject,glint,True,0.0,0.0,0.0,,,0.75,,0.0,0.0,"{""dt_h_UTC"": [2.17, 2.46, 3.47], ""dt_h_local"": [0.17, 0.46, 1.47]}","не определён (2 гипотезы: UTC или местное CEST); старый формат: одно время начала, пояс не указан",1935.0,0.0,,0.0,
ISPRA-even-020-R14001_B2_6KM-2019-07-02,"ISPRA, портал Strategia Marina, «Dati monitoraggio 2018–2023», Modulo 2bis (плавающий макромусор, визуальный учёт с судна): http://www.db-strategiamarina.isprambiente.it/app/#/datiMonitoraggio20182023 ; файл mod2bis_MO_0719, трансекта R14001_B2_6KM","не проверено (открытая загрузка с портала ISPRA, лицензия на странице не найдена)",природный,море,трек 14.2 км,"2019-07-02; начало учёта 10:25:00 (пояс: не определён (2 гипотезы: UTC или местное CEST); старый формат: одно время начала, пояс не указан)","Sentinel-2 L2A, 10 м",рабочие файлы (вне git): scan/020__S2B_33TVG_20190702_0_L2A/,визуальный учёт с судна по протоколу MSFD (Modulo 2bis),22.0,категории altro:5;retine molluschi :4;bottiglie:4;cassette polistirene:2;buste:1;gonfiabili spiaggia:1;bombolette spray:1;Imballaggi:1; размеры B:2;C:7;D:7;E:3;F:2;G:1,полоса в файле не указана или вне списка 25/50 м → площадь не задана,шт. на трансекту,поштучно с GPS (время только у начала),"S2B_33TVG_20190702_0_L2A (earth-search, baseline 2.12); 2019-07-02 09:59:16 UTC; Δt(учёт − S2), ч [мин, мед, макс]: {""dt_h_UTC"": [0.65, 2.51, 4.07], ""dt_h_local"": [-1.35, 0.52, 2.07]}",0.22 м/с × |Δt| ≈ 1974 м (медиана; ForzaVento 1 → 0.9 м/с),не проверено по сцене (кроме № 32: тайл 32TQQ не в MARIDA/MADOS),,D,нет,маски: блик,±500 м: 0; ±50 м: 0,ISPRA-чётные,,,,,,20,S2B_33TVG_20190702_0_L2A,earth-search,reject,glint,True,0.0,0.0,0.0,,,0.92,,0.0,0.0,"{""dt_h_UTC"": [0.65, 2.51, 4.07], ""dt_h_local"": [-1.35, 0.52, 2.07]}","не определён (2 гипотезы: UTC или местное CEST); старый формат: одно время начала, пояс не указан",1974.0,0.0,,0.0,
ISPRA-even-022-614-2019-07-05,"ISPRA, портал Strategia Marina, «Dati monitoraggio 2018–2023», Modulo 2bis (плавающий макромусор, визуальный учёт с судна): http://www.db-strategiamarina.isprambiente.it/app/#/datiMonitoraggio20182023 ; файл mod_2Bis_ER_0719, трансекта 614","не проверено (открытая загрузка с портала ISPRA, лицензия на странице не найдена)",природный,море,трек 13.92 км,"2019-07-05; начало учёта 08:14:29 (пояс: не определён (2 гипотезы: UTC или местное CEST); старый формат: одно время начала, пояс не указан)","Sentinel-2 L2A, 10 м",рабочие файлы (вне git): scan/022__S2B_33TUK_20190705_0_L2A/,визуальный учёт с судна по протоколу MSFD (Modulo 2bis),12.0,категории altro:7;reti e lenze:3;Stoviglie:1;buste:1; размеры C:7;D:1;E:3;F:1,полоса в файле не указана или вне списка 25/50 м → площадь не задана,шт. на трансекту,поштучно с GPS (время только у начала),"S2B_33TUK_20190705_0_L2A (earth-search, baseline 2.12); 2019-07-05 10:08:33 UTC; Δt(учёт − S2), ч [мин, мед, макс]: {""dt_h_UTC"": [-1.88, -0.77, -0.4], ""dt_h_local"": [-3.88, -2.77, -2.4]}",0.25 м/с × |Δt| ≈ 2488 м (медиана; ForzaVento 2 → 2.5 м/с),не проверено по сцене (кроме № 32: тайл 32TQQ не в MARIDA/MADOS),,D,нет,маски: полоса вне снимка/нет данных,±500 м: 0; ±50 м: 0,ISPRA-чётные,,,,,,22,S2B_33TUK_20190705_0_L2A,earth-search,reject,insufficient_coverage,True,0.0,0.0,0.0,,,0.57,,0.0,0.0,"{""dt_h_UTC"": [-1.88, -0.77, -0.4], ""dt_h_local"": [-3.88, -2.77, -2.4]}","не определён (2 гипотезы: UTC или местное CEST); старый формат: одно время начала, пояс не указан",2488.0,0.0,,0.0,
ISPRA-even-024-SMR_CFO_WA1-2019-07-08,"ISPRA, портал Strategia Marina, «Dati monitoraggio 2018–2023», Modulo 2bis (плавающий макромусор, визуальный учёт с судна): http://www.db-strategiamarina.isprambiente.it/app/#/datiMonitoraggio20182023 ; файл 2019_07_Modulo2bis_Toscana, трансекта SMR_CFO_WA1","не проверено (открытая загрузка с портала ISPRA, лицензия на странице не найдена)",природный,море,трек 16.79 км,"2019-07-08; начало учёта 11:30:00 (пояс: не определён (2 гипотезы: UTC или местное CEST); старый формат: одно время начала, пояс не указан)","Sentinel-2 L2A, 10 м",рабочие файлы (вне git): scan/024__S2B_32TPN_20190708_0_L2A/,визуальный учёт с судна по протоколу MSFD (Modulo 2bis),15.0,категории cassette:6;buste:6;altro:2;scatole plastica:1; размеры A:1;B:1;C:7;D:3;E:1;F:2,полоса в файле не указана или вне списка 25/50 м → площадь не задана,шт. на трансекту,поштучно с GPS (время только у начала),"S2B_32TPN_20190708_0_L2A (earth-search, baseline 2.13); 2019-07-08 10:19:06 UTC; Δt(учёт − S2), ч [мин, мед, макс]: {""dt_h_UTC"": [1.51, 1.98, 2.68], ""dt_h_local"": [-0.49, -0.02, 0.68]}",0.25 м/с × |Δt| ≈ 1782 м (медиана; ForzaVento 2 → 2.5 м/с),не проверено по сцене (кроме № 32: тайл 32TQQ не в MARIDA/MADOS),,D,нет,маски: облака в полосе,±500 м: 0; ±50 м: 0,ISPRA-чётные,,,,,,24,S2B_32TPN_20190708_0_L2A,earth-search,reject,cloud,True,0.0,0.0,0.0,,,0.24,,0.0,0.0,"{""dt_h_UTC"": [1.51, 1.98, 2.68], ""dt_h_local"": [-0.49, -0.02, 0.68]}","не определён (2 гипотезы: UTC или местное CEST); старый формат: одно время начала, пояс не указан",1782.0,0.0,,0.0,
ISPRA-even-026-SMR_COM_WA1-2019-07-18,"ISPRA, портал Strategia Marina, «Dati monitoraggio 2018–2023», Modulo 2bis (плавающий макромусор, визуальный учёт с судна): http://www.db-strategiamarina.isprambiente.it/app/#/datiMonitoraggio20182023 ; файл 2019_07_Modulo2bis_Toscana, трансекта SMR_COM_WA1","не проверено (открытая загрузка с портала ISPRA, лицензия на странице не найдена)",природный,море,трек 16.72 км,"2019-07-18; начало учёта 12:05:00 (пояс: не определён (2 гипотезы: UTC или местное CEST); старый формат: одно время начала, пояс не указан)","Sentinel-2 L2A, 10 м",рабочие файлы (вне git): scan/026__S2B_32TPN_20190718_0_L2A/,визуальный учёт с судна по протоколу MSFD (Modulo 2bis),39.0,категории buste:29;altro:3;cime:2;Stoviglie:2;assorbenti:1;buste/imballaggi:1;cassette:1; размеры B:9;C:10;D:9;E:6;F:5,полоса в файле не указана или вне списка 25/50 м → площадь не задана,шт. на трансекту,поштучно с GPS (время только у начала),"S2B_32TPN_20190718_0_L2A (earth-search, baseline 2.13); 2019-07-18 10:19:06 UTC; Δt(учёт − S2), ч [мин, мед, макс]: {""dt_h_UTC"": [1.77, 2.14, 3.41], ""dt_h_local"": [-0.23, 0.14, 1.41]}",0.25 м/с × |Δt| ≈ 1926 м (медиана; ForzaVento 2 → 2.5 м/с),не проверено по сцене (кроме № 32: тайл 32TQQ не в MARIDA/MADOS),,D,нет,маски: блик,±500 м: 0; ±50 м: 0,ISPRA-чётные,,,,,,26,S2B_32TPN_20190718_0_L2A,earth-search,reject,glint,True,0.0,0.0,0.0,,,3.22,1625.3,0.0,0.0,"{""dt_h_UTC"": [1.77, 2.14, 3.41], ""dt_h_local"": [-0.23, 0.14, 1.41]}","не определён (2 гипотезы: UTC или местное CEST); старый формат: одно время начала, пояс не указан",1926.0,0.0,,0.0,
ISPRA-even-028-M1T2-2019-07-19,"ISPRA, портал Strategia Marina, «Dati monitoraggio 2018–2023», Modulo 2bis (плавающий макромусор, визуальный учёт с судна): http://www.db-strategiamarina.isprambiente.it/app/#/datiMonitoraggio20182023 ; файл Modulo_2bis_ARPA_Calabria_1908, трансекта M1T2","не проверено (открытая загрузка с портала ISPRA, лицензия на странице не найдена)",природный,море,трек 16.72 км,"2019-07-19; начало учёта 10:30:00 (пояс: не определён (2 гипотезы: UTC или местное CEST); старый формат: одно время начала, пояс не указан)","Sentinel-2 L2A, 10 м",рабочие файлы (вне git): scan/028__S2B_33SXD_20190719_0_L2A/,визуальный учёт с судна по протоколу MSFD (Modulo 2bis),5.0,категории buste:2;cassette polistirene:2;bottiglie:1; размеры A:2;B:1;C:1;E:1,полоса в файле не указана или вне списка 25/50 м → площадь не задана,шт. на трансекту,поштучно с GPS (время только у начала),"S2B_33SXD_20190719_0_L2A (earth-search, baseline 2.13); 2019-07-19 09:49:56 UTC; Δt(учёт − S2), ч [мин, мед, макс]: {""dt_h_UTC"": [1.87, 1.96, 2.09], ""dt_h_local"": [-0.13, -0.04, 0.09]}",0.29 м/с × |Δt| ≈ 2032 м (медиана; ForzaVento 3 → 4.4 м/с),не проверено по сцене (кроме № 32: тайл 32TQQ не в MARIDA/MADOS),,D,нет,маски: облака в полосе,±500 м: 0; ±50 м: 0,ISPRA-чётные,,,,,,28,S2B_33SXD_20190719_0_L2A,earth-search,reject,cloud,True,0.0,0.0,0.0,,,0.53,,0.0,0.0,"{""dt_h_UTC"": [1.87, 1.96, 2.09], ""dt_h_local"": [-0.13, -0.04, 0.09]}","не определён (2 гипотезы: UTC или местное CEST); старый формат: одно время начала, пояс не указан",2032.0,0.0,,0.0,
ISPRA-even-030-M1T6-2019-07-24,"ISPRA, портал Strategia Marina, «Dati monitoraggio 2018–2023», Modulo 2bis (плавающий макромусор, визуальный учёт с судна): http://www.db-strategiamarina.isprambiente.it/app/#/datiMonitoraggio20182023 ; файл Modulo_2bis_ARPA_Calabria_1908, трансекта M1T6","не проверено (открытая загрузка с портала ISPRA, лицензия на странице не найдена)",природный,море,трек 16.92 км,"2019-07-24; начало учёта 10:55:00 (пояс: не определён (2 гипотезы: UTC или местное CEST); старый формат: одно время начала, пояс не указан)","Sentinel-2 L2A, 10 м",рабочие файлы (вне git): scan/030__S2A_33SWD_20190724_0_L2A/,визуальный учёт с судна по протоколу MSFD (Modulo 2bis),35.0,категории altro:16;buste:6;travi/paglioli:4;bottiglie:2;cassette polistirene:2;palloncini gonfiabili:2;schiuma/poliuretano:1;gonfiabili spiaggia:1; размеры A:3;B:4;C:5;D:16;E:6;F:1,полоса в файле не указана или вне списка 25/50 м → площадь не задана,шт. на трансекту,поштучно с GPS (время только у начала),"S2A_33SWD_20190724_0_L2A (earth-search, baseline 2.13); 2019-07-24 09:49:55 UTC; Δt(учёт − S2), ч [мин, мед, макс]: {""dt_h_UTC"": [1.13, 2.32, 2.57], ""dt_h_local"": [-0.87, 0.32, 0.57]}",0.2 м/с × |Δt| ≈ 1670 м (медиана; ForzaVento 0 → 0.0 м/с),не проверено по сцене (кроме № 32: тайл 32TQQ не в MARIDA/MADOS),,C,нет (C не становится меткой),"сигнал есть, но ближайший предмет в 434 м от пикселя детектора; окон Cózar в 3 км нет",±500 м: 9; ±50 м: 0,ISPRA-чётные,,,,,,30,S2A_33SWD_20190724_0_L2A,earth-search,accept,,True,9.0,0.0,3.0,11.87,21.36,0.16,433.9,0.0,0.0,"{""dt_h_UTC"": [1.13, 2.32, 2.57], ""dt_h_local"": [-0.87, 0.32, 0.57]}","не определён (2 гипотезы: UTC или местное CEST); старый формат: одно время начала, пояс не указан",1670.0,0.0,,0.0,
ISPRA-even-032-604-2019-09-16,"ISPRA, портал Strategia Marina, «Dati monitoraggio 2018–2023», Modulo 2bis (плавающий макромусор, визуальный учёт с судна): http://www.db-strategiamarina.isprambiente.it/app/#/datiMonitoraggio20182023 ; файл mod_2Bis_ER_0919, трансекта 604","не проверено (открытая загрузка с портала ISPRA, лицензия на странице не найдена)",природный,море,трек 14.02 км,"2019-09-16; начало учёта 12:05:49 (пояс: не определён (2 гипотезы: UTC или местное CEST); старый формат: одно время начала, пояс не указан)","Sentinel-2 L2A, 10 м",рабочие файлы (вне git): scan/032__S2B_32TQQ_20190916_0_L2A/,визуальный учёт с судна по протоколу MSFD (Modulo 2bis),16.0,категории altro:13;scatolone/Tetrapack:1;cassette polistirene:1;buste:1; размеры B:12;C:1;D:2;F:1,полоса в файле не указана или вне списка 25/50 м → площадь не задана,шт. на трансекту,поштучно с GPS (время только у начала),"S2B_32TQQ_20190916_0_L2A (earth-search, baseline 2.13); 2019-09-16 10:18:24 UTC; Δt(учёт − S2), ч [мин, мед, макс]: {""dt_h_UTC"": [2.53, 3.1, 3.27], ""dt_h_local"": [0.53, 1.1, 1.27]}",0.22 м/с × |Δt| ≈ 2433 м (медиана; ForzaVento 1 → 0.9 м/с),тайл 32TQQ не в MARIDA/MADOS; сцена не в обучении,"да: нити видны в B8 и FDI на 10 м (панель er604_items.png, вне git); судно в ±900 м от позиции по гипотезе CEST не видно",A (кандидат; допущения: часовой пояс и ширина полосы),нет — калибровать нельзя: в нити 2–4 предмета ≥ 2.5 см,"нить видна (B8, FDI; окна Cózar 11489/11490 пересекают трек); предмет B в 85 м от пикселя детектора, пакет D внутри рамки окна; Δt +0.5…+1.3 ч (CEST) или +2.5…+3.3 ч (UTC)",±500 м: 36; ±50 м: 3,ISPRA-чётные,,,,,,32,S2B_32TQQ_20190916_0_L2A,earth-search,accept,,True,36.0,3.0,22.0,7.32,6.15,2.26,84.6,0.0,1.0,"{""dt_h_UTC"": [2.53, 3.1, 3.27], ""dt_h_local"": [0.53, 1.1, 1.27]}","не определён (2 гипотезы: UTC или местное CEST); старый формат: одно время начала, пояс не указан",2433.0,3.0,0.0,10.0,
ISPRA-even-034-ITA06SMTS1-2019-09-23,"ISPRA, портал Strategia Marina, «Dati monitoraggio 2018–2023», Modulo 2bis (плавающий макромусор, визуальный учёт с судна): http://www.db-strategiamarina.isprambiente.it/app/#/datiMonitoraggio20182023 ; файл mod_2Bis_FVG_0919, трансекта ITA06SMTS1","не проверено (открытая загрузка с портала ISPRA, лицензия на странице не найдена)",природный,море,трек 16.68 км,"2019-09-23; начало учёта 11:25:00 (пояс: не определён (2 гипотезы: UTC или местное CEST); старый формат: одно время начала, пояс не указан)","Sentinel-2 L2A, 10 м",рабочие файлы (вне git): scan/034__S2B_33TUL_20190923_0_L2A/,визуальный учёт с судна по протоколу MSFD (Modulo 2bis),10.0,категории teli:4;altro:2;Imballaggi:2;buste:1;bottiglie:1; размеры C:2;D:4;E:4,полоса в файле не указана или вне списка 25/50 м → площадь не задана,шт. на трансекту,поштучно с GPS (время только у начала),"S2B_33TUL_20190923_0_L2A (earth-search, baseline 2.13); 2019-09-23 10:08:10 UTC; Δt(учёт − S2), ч [мин, мед, макс]: {""dt_h_UTC"": [1.66, 2.69, 3.12], ""dt_h_local"": [-0.34, 0.69, 1.12]}",0.2 м/с × |Δt| ≈ 1937 м (медиана; ForzaVento 0 → 0.0 м/с),не проверено по сцене (кроме № 32: тайл 32TQQ не в MARIDA/MADOS),,D,нет,маски: облака в полосе,±500 м: 0; ±50 м: 0,ISPRA-чётные,,,,,,34,S2B_33TUL_20190923_0_L2A,earth-search,reject,cloud,True,0.0,0.0,0.0,,,,,0.0,0.0,"{""dt_h_UTC"": [1.66, 2.69, 3.12], ""dt_h_local"": [-0.34, 0.69, 1.12]}","не определён (2 гипотезы: UTC или местное CEST); старый формат: одно время начала, пояс не указан",1937.0,0.0,,0.0,
ISPRA-even-036-PLM1-2019-10-02,"ISPRA, портал Strategia Marina, «Dati monitoraggio 2018–2023», Modulo 2bis (плавающий макромусор, визуальный учёт с судна): http://www.db-strategiamarina.isprambiente.it/app/#/datiMonitoraggio20182023 ; файл Modulo_2bis_ARPA_Sicilia_09_2019, трансекта PLM1","не проверено (открытая загрузка с портала ISPRA, лицензия на странице не найдена)",природный,море,трек 16.67 км,"2019-10-02; начало учёта 10:40:00 (пояс: не определён (2 гипотезы: UTC или местное CEST); старый формат: одно время начала, пояс не указан)","Sentinel-2 L2A, 10 м",рабочие файлы (вне git): scan/036__S2A_33SWA_20191002_0_L2A/,визуальный учёт с судна по протоколу MSFD (Modulo 2bis),32.0,категории Stoviglie:11;altro:9;buste:4;cime:4;cassette polistirene:3;cartone:1; размеры A:3;B:3;C:8;D:10;E:3;F:2;G:2;H:1,полоса в файле не указана или вне списка 25/50 м → площадь не задана,шт. на трансекту,поштучно с GPS (время только у начала),"S2A_33SWA_20191002_0_L2A (earth-search, baseline 2.13); 2019-10-02 09:50:36 UTC; Δt(учёт − S2), ч [мин, мед, макс]: {""dt_h_UTC"": [0.92, 1.6, 2.22], ""dt_h_local"": [-1.08, -0.41, 0.22]}",0.33 м/с × |Δt| ≈ 1918 м (медиана; ForzaVento 4 → 6.7 м/с),не проверено по сцене (кроме № 32: тайл 32TQQ не в MARIDA/MADOS),,C,нет (C не становится меткой),"маски приняты, сигнала у трека нет (кластер ≥ 3 пикс. с z FDI ≥ 3 отсутствует) — пара без сигнала, пригодна для проверки воздержания",±500 м: 1; ±50 м: 0,ISPRA-чётные,,,,,,36,S2A_33SWA_20191002_0_L2A,earth-search,accept,,True,1.0,0.0,1.0,27.91,47.21,0.18,553.8,0.0,0.0,"{""dt_h_UTC"": [0.92, 1.6, 2.22], ""dt_h_local"": [-1.08, -0.41, 0.22]}","не определён (2 гипотезы: UTC или местное CEST); старый формат: одно время начала, пояс не указан",1918.0,0.0,,0.0,
ISPRA-even-038-IT_m1lt02_3-2019-10-28,"ISPRA, портал Strategia Marina, «Dati monitoraggio 2018–2023», Modulo 2bis (плавающий макромусор, визуальный учёт с судна): http://www.db-strategiamarina.isprambiente.it/app/#/datiMonitoraggio20182023 ; файл ID3245_2019_09_Modulo2bis_Lazio, трансекта IT_m1lt02_3","не проверено (открытая загрузка с портала ISPRA, лицензия на странице не найдена)",природный,море,трек 16.61 км,"2019-10-28; начало учёта 09:45:00 (пояс: не определён (2 гипотезы: UTC или местное CET); старый формат: одно время начала, пояс не указан)","Sentinel-2 L2A, 10 м",рабочие файлы (вне git): scan/038__S2A_33TUF_20191028_0_L2A/,визуальный учёт с судна по протоколу MSFD (Modulo 2bis),38.0,категории buste:20;altro:14;Imballaggi:2;tovaglie:1;cassette polistirene:1; размеры A:9;B:16;C:8;D:4;E:1,полоса в файле не указана или вне списка 25/50 м → площадь не задана,шт. на трансекту,поштучно с GPS (время только у начала),"S2A_33TUF_20191028_0_L2A (earth-search, baseline 2.13); 2019-10-28 10:09:25 UTC; Δt(учёт − S2), ч [мин, мед, макс]: {""dt_h_UTC"": [-0.4, 0.22, 0.98], ""dt_h_local"": [-1.4, -0.78, -0.02]}",0.22 м/с × |Δt| ≈ 671 м (медиана; ForzaVento 1 → 0.9 м/с),не проверено по сцене (кроме № 32: тайл 32TQQ не в MARIDA/MADOS),,C,нет (C не становится меткой),"маски приняты, сигнала у трека нет (кластер ≥ 3 пикс. с z FDI ≥ 3 отсутствует) — пара без сигнала, пригодна для проверки воздержания",±500 м: 10; ±50 м: 3,ISPRA-чётные,,,,,,38,S2A_33TUF_20191028_0_L2A,earth-search,accept,,True,10.0,3.0,2.0,9.77,20.08,0.81,27.5,1.0,2.0,"{""dt_h_UTC"": [-0.4, 0.22, 0.98], ""dt_h_local"": [-1.4, -0.78, -0.02]}","не определён (2 гипотезы: UTC или местное CET); старый формат: одно время начала, пояс не указан",671.0,0.0,,0.0,
ISPRA-even-040-ICM1-2019-12-16,"ISPRA, портал Strategia Marina, «Dati monitoraggio 2018–2023», Modulo 2bis (плавающий макромусор, визуальный учёт с судна): http://www.db-strategiamarina.isprambiente.it/app/#/datiMonitoraggio20182023 ; файл Modulo_2bis_ARPA_Sicilia_11_2019, трансекта ICM1","не проверено (открытая загрузка с портала ISPRA, лицензия на странице не найдена)",природный,море,трек 16.67 км,"2019-12-16; начало учёта 13:05:00 (пояс: не определён (2 гипотезы: UTC или местное CET); старый формат: одно время начала, пояс не указан)","Sentinel-2 L2A, 10 м",рабочие файлы (вне git): scan/040__S2B_33SWB_20191216_0_L2A/,визуальный учёт с судна по протоколу MSFD (Modulo 2bis),16.0,категории buste:8;altro:6;cassette polistirene:1;Stoviglie:1; размеры A:1;C:4;D:5;E:3;F:3,полоса в файле не указана или вне списка 25/50 м → площадь не задана,шт. на трансекту,поштучно с GPS (время только у начала),"S2B_33SWB_20191216_0_L2A (earth-search, baseline 2.13); 2019-12-16 09:50:14 UTC; Δt(учёт − S2), ч [мин, мед, макс]: {""dt_h_UTC"": [3.34, 3.93, 4.48], ""dt_h_local"": [2.34, 2.93, 3.48]}",0.29 м/с × |Δt| ≈ 4075 м (медиана; ForzaVento 3 → 4.4 м/с),не проверено по сцене (кроме № 32: тайл 32TQQ не в MARIDA/MADOS),,D,нет,правило освещённости: детектор не оценивается (низкое солнце/тёмная вода),±500 м: 0; ±50 м: 0,ISPRA-чётные,,,,,,40,S2B_33SWB_20191216_0_L2A,earth-search,accept,,False,0.0,0.0,0.0,,,0.16,9557.0,0.0,0.0,"{""dt_h_UTC"": [3.34, 3.93, 4.48], ""dt_h_local"": [2.34, 2.93, 3.48]}","не определён (2 гипотезы: UTC или местное CET); старый формат: одно время начала, пояс не указан",4075.0,0.0,,0.0,
ISPRA-even-042-0182-MS01070_TR06-2020-01-09,"ISPRA, портал Strategia Marina, «Dati monitoraggio 2018–2023», Modulo 2bis (плавающий макромусор, визуальный учёт с судна): http://www.db-strategiamarina.isprambiente.it/app/#/datiMonitoraggio20182023 ; файл 2020_01_Modulo 2bis_Sardegna, трансекта 0182-MS01070_TR06","не проверено (открытая загрузка с портала ISPRA, лицензия на странице не найдена)",природный,море,трек 5.55 км,"2020-01-09; начало учёта 11:30:00 (пояс: не определён (2 гипотезы: UTC или местное CET); старый формат: одно время начала, пояс не указан)","Sentinel-2 L2A, 10 м",рабочие файлы (вне git): scan/042__S2A_32TML_20200109_0_L2A/,визуальный учёт с судна по протоколу MSFD (Modulo 2bis),5.0,категории Imballaggi:2;buste:2;reti e lenze:1; размеры B:1;D:1;F:3,полоса в файле не указана или вне списка 25/50 м → площадь не задана,шт. на трансекту,поштучно с GPS (время только у начала),"S2A_32TML_20200109_0_L2A (earth-search, baseline 2.13); 2020-01-09 10:19:27 UTC; Δt(учёт − S2), ч [мин, мед, макс]: {""dt_h_UTC"": [1.3, 1.37, 1.44], ""dt_h_local"": [0.3, 0.37, 0.44]}",0.25 м/с × |Δt| ≈ 1233 м (медиана; ForzaVento 2 → 2.5 м/с),не проверено по сцене (кроме № 32: тайл 32TQQ не в MARIDA/MADOS),,D,нет,правило освещённости: детектор не оценивается (низкое солнце/тёмная вода),±500 м: 0; ±50 м: 0,ISPRA-чётные,,,,,,42,S2A_32TML_20200109_0_L2A,earth-search,accept,,False,0.0,0.0,0.0,,,0.94,1455.7,0.0,0.0,"{""dt_h_UTC"": [1.3, 1.37, 1.44], ""dt_h_local"": [0.3, 0.37, 0.44]}","не определён (2 гипотезы: UTC или местное CET); старый формат: одно время начала, пояс не указан",1233.0,0.0,,0.0,
ISPRA-even-044-PATU_0091_Lit-2020-01-18,"ISPRA, портал Strategia Marina, «Dati monitoraggio 2018–2023», Modulo 2bis (плавающий макромусор, визуальный учёт с судна): http://www.db-strategiamarina.isprambiente.it/app/#/datiMonitoraggio20182023 ; файл Modulo_2bis_2020_SIC_WMED_PATU, трансекта PATU_0091_Lit","не проверено (открытая загрузка с портала ISPRA, лицензия на странице не найдена)",природный,море,,2020-01-18,"Sentinel-2 L2A, 10 м",,визуальный учёт с судна по протоколу MSFD (Modulo 2bis),9.0,,полоса в файле не указана или вне списка 25/50 м → площадь не задана,шт. на трансекту,поштучно с GPS (время только у начала),,,не проверено по сцене (кроме № 32: тайл 32TQQ не в MARIDA/MADOS),,D,нет,не обработано: FileNotFoundError: [Errno 2] No such file or directory: 'C:\\Users\\User\\Documents\\GitHu (файл PATU назван «MacroFloatCamp»),,ISPRA-чётные,,,,,,44,,,error,FileNotFoundError: [Errno 2] No such file or directory: 'C:\\Users\\User\\Documents\\GitHub\\final-cosmohack\\out\\l128\\med\\csv\\Modulo_2bis_2020_SIC_WMED_PATU-MacroplasticheFlo,,,,,,,,,,,,,,,,,
ISPRA-even-046-LIBA_0527_Lit-2020-02-23,"ISPRA, портал Strategia Marina, «Dati monitoraggio 2018–2023», Modulo 2bis (плавающий макромусор, визуальный учёт с судна): http://www.db-strategiamarina.isprambiente.it/app/#/datiMonitoraggio20182023 ; файл Modulo_2bis_2020_SIC_WMED_LIBA, трансекта LIBA_0527_Lit","не проверено (открытая загрузка с портала ISPRA, лицензия на странице не найдена)",природный,море,трек 46.04 км,2020-02-23; начало учёта 09:39:16 (пояс: не определён (2 гипотезы: UTC или местное CET); новый формат: медиана(Time_effective − GPS Time) = +1.99 ч по 33 строкам),"Sentinel-2 L2A, 10 м",рабочие файлы (вне git): scan/046__S2B_32TNN_20200223_0_L2A/,визуальный учёт с судна по протоколу MSFD (Modulo 2bis),29.0,категории Logs/plants parts/dead terrestrial animal:14;Shopping bags:3;Covers/packaging:3;Sheets:3;Other:2;Buoys:1;Ballons:1;Cardboard:1; размеры E=20-30:14;F=30-50:5;G=50-100:1;H=100-200:9,2.302 км² (длина × полоса 50 м из файла),шт. на трансекту,поштучно с GPS и временем,"S2B_32TNN_20200223_0_L2A (earth-search, baseline 2.14); 2020-02-23 10:18:57 UTC; Δt(учёт − S2), ч [мин, мед, макс]: {""dt_h_UTC"": [-0.57, 0.97, 2.16], ""dt_h_local"": [-1.57, -0.03, 1.16]}",0.22 м/с × |Δt| ≈ 871 м (медиана; Sea_state (Beaufort) 1 → 0.9 м/с),не проверено по сцене (кроме № 32: тайл 32TQQ не в MARIDA/MADOS),,D,нет,маски: облака в полосе,±500 м: 0; ±50 м: 0,ISPRA-чётные,,,,,,46,S2B_32TNN_20200223_0_L2A,earth-search,reject,cloud,True,0.0,0.0,0.0,,,,,0.0,0.0,"{""dt_h_UTC"": [-0.57, 0.97, 2.16], ""dt_h_local"": [-1.57, -0.03, 1.16]}",не определён (2 гипотезы: UTC или местное CET); новый формат: медиана(Time_effective − GPS Time) = +1.99 ч по 33 строкам,871.0,0.0,,0.0,50.0
ISPRA-even-048-M1FV12-2020-05-05,"ISPRA, портал Strategia Marina, «Dati monitoraggio 2018–2023», Modulo 2bis (плавающий макромусор, визуальный учёт с судна): http://www.db-strategiamarina.isprambiente.it/app/#/datiMonitoraggio20182023 ; файл 2020_05_Modulo2bis_Campania, трансекта M1FV12","не проверено (открытая загрузка с портала ISPRA, лицензия на странице не найдена)",природный,море,трек 16.22 км,"2020-05-05; начало учёта 13:14:15 (пояс: не определён (2 гипотезы: UTC или местное CEST); старый формат: одно время начала, пояс не указан)","Sentinel-2 L2A, 10 м",рабочие файлы (вне git): scan/048__S2A_33TUF_20200505_0_L2A/,визуальный учёт с судна по протоколу MSFD (Modulo 2bis),12.0,категории altro:6;buste:4;cassette polistirene:1;assorbenti:1; размеры B:1;C:2;D:3;F:4;G:2,полоса в файле не указана или вне списка 25/50 м → площадь не задана,шт. на трансекту,поштучно с GPS (время только у начала),"S2A_33TUF_20200505_0_L2A (earth-search, baseline 2.14); 2020-05-05 10:09:26 UTC; Δt(учёт − S2), ч [мин, мед, макс]: {""dt_h_UTC"": [3.29, 4.04, 4.24], ""dt_h_local"": [1.29, 2.04, 2.24]}",0.39 м/с × |Δt| ≈ 5614 м (медиана; ForzaVento 5 → 9.3 м/с),не проверено по сцене (кроме № 32: тайл 32TQQ не в MARIDA/MADOS),,D,нет,маски: облака в полосе,±500 м: 0; ±50 м: 0,ISPRA-чётные,,,,,,48,S2A_33TUF_20200505_0_L2A,earth-search,reject,cloud,True,0.0,0.0,0.0,,,0.2,,0.0,0.0,"{""dt_h_UTC"": [3.29, 4.04, 4.24], ""dt_h_local"": [1.29, 2.04, 2.24]}","не определён (2 гипотезы: UTC или местное CEST); старый формат: одно время начала, пояс не указан",5614.0,0.0,,0.0,
ISPRA-even-050-R14001_B2_6KM-2020-05-22,"ISPRA, портал Strategia Marina, «Dati monitoraggio 2018–2023», Modulo 2bis (плавающий макромусор, визуальный учёт с судна): http://www.db-strategiamarina.isprambiente.it/app/#/datiMonitoraggio20182023 ; файл mod2bis_MO_0520, трансекта R14001_B2_6KM","не проверено (открытая загрузка с портала ISPRA, лицензия на странице не найдена)",природный,море,трек 14.2 км,"2020-05-22; начало учёта 11:22:00 (пояс: не определён (2 гипотезы: UTC или местное CEST); старый формат: одно время начала, пояс не указан)","Sentinel-2 L2A, 10 м",рабочие файлы (вне git): scan/050__S2A_33TVG_20200522_0_L2A/,визуальный учёт с судна по протоколу MSFD (Modulo 2bis),15.0,категории buste:8;teli:4;cassette polistirene:2;Imballaggi:1; размеры B:7;C:4;D:2;E:2,полоса в файле не указана или вне списка 25/50 м → площадь не задана,шт. на трансекту,поштучно с GPS (время только у начала),"S2A_33TVG_20200522_0_L2A (earth-search, baseline 2.14); 2020-05-22 09:59:13 UTC; Δt(учёт − S2), ч [мин, мед, макс]: {""dt_h_UTC"": [1.71, 4.2, 5.11], ""dt_h_local"": [-0.29, 2.2, 3.11]}",0.25 м/с × |Δt| ≈ 3780 м (медиана; ForzaVento 2 → 2.5 м/с),не проверено по сцене (кроме № 32: тайл 32TQQ не в MARIDA/MADOS),,D,нет,маски: блик,±500 м: 0; ±50 м: 0,ISPRA-чётные,,,,,,50,S2A_33TVG_20200522_0_L2A,earth-search,reject,glint,True,0.0,0.0,0.0,,,0.87,,0.0,0.0,"{""dt_h_UTC"": [1.71, 4.2, 5.11], ""dt_h_local"": [-0.29, 2.2, 3.11]}","не определён (2 гипотезы: UTC или местное CEST); старый формат: одно время начала, пояс не указан",3780.0,0.0,,0.0,
ISPRA-even-052-R14001_B2_6KM-2020-07-01,"ISPRA, портал Strategia Marina, «Dati monitoraggio 2018–2023», Modulo 2bis (плавающий макромусор, визуальный учёт с судна): http://www.db-strategiamarina.isprambiente.it/app/#/datiMonitoraggio20182023 ; файл mod2bis_MO_0720, трансекта R14001_B2_6KM","не проверено (открытая загрузка с портала ISPRA, лицензия на странице не найдена)",природный,море,трек 14.2 км,"2020-07-01; начало учёта 11:05:00 (пояс: не определён (2 гипотезы: UTC или местное CEST); старый формат: одно время начала, пояс не указан)","Sentinel-2 L2A, 10 м",рабочие файлы (вне git): scan/052__S2A_33TVG_20200701_0_L2A/,визуальный учёт с судна по протоколу MSFD (Modulo 2bis),13.0,категории teli:3;cassette polistirene:3;buste:3;altro:2;bottiglie:2; размеры B:7;C:5;D:1,полоса в файле не указана или вне списка 25/50 м → площадь не задана,шт. на трансекту,поштучно с GPS (время только у начала),"S2A_33TVG_20200701_0_L2A (earth-search, baseline 2.14); 2020-07-01 09:59:12 UTC; Δt(учёт − S2), ч [мин, мед, макс]: {""dt_h_UTC"": [1.66, 3.65, 4.74], ""dt_h_local"": [-0.34, 1.65, 2.74]}",0.29 м/с × |Δt| ≈ 3784 м (медиана; ForzaVento 3 → 4.4 м/с),не проверено по сцене (кроме № 32: тайл 32TQQ не в MARIDA/MADOS),,D,нет,маски: блик,±500 м: 0; ±50 м: 0,ISPRA-чётные,,,,,,52,S2A_33TVG_20200701_0_L2A,earth-search,reject,glint,True,0.0,0.0,0.0,,,1.4,,0.0,0.0,"{""dt_h_UTC"": [1.66, 3.65, 4.74], ""dt_h_local"": [-0.34, 1.65, 2.74]}","не определён (2 гипотезы: UTC или местное CEST); старый формат: одно время начала, пояс не указан",3784.0,0.0,,0.0,
ISPRA-even-054-2017-2020-07-09,"ISPRA, портал Strategia Marina, «Dati monitoraggio 2018–2023», Modulo 2bis (плавающий макромусор, визуальный учёт с судна): http://www.db-strategiamarina.isprambiente.it/app/#/datiMonitoraggio20182023 ; файл mod_2Bis_ER_0720, трансекта 2017","не проверено (открытая загрузка с портала ISPRA, лицензия на странице не найдена)",природный,море,трек 13.35 км,"2020-07-09; начало учёта 09:41:23 (пояс: не определён (2 гипотезы: UTC или местное CEST); старый формат: одно время начала, пояс не указан)","Sentinel-2 L2A, 10 м",рабочие файлы (вне git): scan/054__S2B_33TUK_20200709_0_L2A/,визуальный учёт с судна по протоколу MSFD (Modulo 2bis),8.0,категории altro:4;buste:3;Stoviglie:1; размеры B:3;C:5,полоса в файле не указана или вне списка 25/50 м → площадь не задана,шт. на трансекту,поштучно с GPS (время только у начала),"S2B_33TUK_20200709_0_L2A (earth-search, baseline 2.14); 2020-07-09 10:08:26 UTC; Δt(учёт − S2), ч [мин, мед, макс]: {""dt_h_UTC"": [-0.38, 0.1, 0.21], ""dt_h_local"": [-2.38, -1.9, -1.79]}",0.22 м/с × |Δt| ≈ 1491 м (медиана; ForzaVento 1 → 0.9 м/с),не проверено по сцене (кроме № 32: тайл 32TQQ не в MARIDA/MADOS),,D,нет,маски: полоса вне снимка/нет данных,±500 м: 0; ±50 м: 0,ISPRA-чётные,,,,,,54,S2B_33TUK_20200709_0_L2A,earth-search,reject,insufficient_coverage,True,0.0,0.0,0.0,,,0.2,1338.1,0.0,0.0,"{""dt_h_UTC"": [-0.38, 0.1, 0.21], ""dt_h_local"": [-2.38, -1.9, -1.79]}","не определён (2 гипотезы: UTC или местное CEST); старый формат: одно время начала, пояс не указан",1491.0,1.0,2179.0,0.0,
ISPRA-even-056-LIBA_0531_Lit-2020-08-06,"ISPRA, портал Strategia Marina, «Dati monitoraggio 2018–2023», Modulo 2bis (плавающий макромусор, визуальный учёт с судна): http://www.db-strategiamarina.isprambiente.it/app/#/datiMonitoraggio20182023 ; файл Modulo_2bis_2020_SIC_WMED_LIBA, трансекта LIBA_0531_Lit","не проверено (открытая загрузка с портала ISPRA, лицензия на странице не найдена)",природный,море,трек 56.02 км,"2020-08-06; начало учёта 07:03:30 (пояс: GPS Time = UTC (Time_effective наблюдателя = местное, CEST); новый формат: медиана(Time_effective − GPS Time) = +1.99 ч по 35 строкам)","Sentinel-2 L2A, 10 м",рабочие файлы (вне git): scan/056__S2A_32TNN_20200806_0_L2A/,визуальный учёт с судна по протоколу MSFD (Modulo 2bis),32.0,категории Sheets:12;Other:6;Shopping bags:3;Seaweeds/marine plants/dead marine animal:2;Covers/packaging:2;Newspapers/magazine:1;Sanitary towels:1;Polystyrene boxes:1; размеры D=10-20:2;E=20-30:15;F=30-50:13;G=50-100:1,2.801 км² (длина × полоса 50 м из файла),шт. на трансекту,поштучно с GPS и временем,"S2A_32TNN_20200806_0_L2A (earth-search, baseline 2.14); 2020-08-06 10:19:06 UTC; Δt(учёт − S2), ч [мин, мед, макс]: {""dt_h_UTC"": [-3.04, -0.99, 0.16]}",0.22 м/с × |Δt| ≈ 781 м (медиана; Sea_state (Beaufort) 1 → 0.9 м/с),не проверено по сцене (кроме № 32: тайл 32TQQ не в MARIDA/MADOS),,D,нет,маски: блик,±500 м: 1; ±50 м: 0,ISPRA-чётные,,,,,,56,S2A_32TNN_20200806_0_L2A,earth-search,reject,glint,True,1.0,0.0,1.0,27.57,7.26,0.93,1544.0,0.0,0.0,"{""dt_h_UTC"": [-3.04, -0.99, 0.16]}","GPS Time = UTC (Time_effective наблюдателя = местное, CEST); новый формат: медиана(Time_effective − GPS Time) = +1.99 ч по 35 строкам",781.0,0.0,,0.0,50.0
ISPRA-even-058-NAPA_0005_Lita-2020-08-20,"ISPRA, портал Strategia Marina, «Dati monitoraggio 2018–2023», Modulo 2bis (плавающий макромусор, визуальный учёт с судна): http://www.db-strategiamarina.isprambiente.it/app/#/datiMonitoraggio20182023 ; файл Modulo_2bis_2020_SIC_WMED_NAPA, трансекта NAPA_0005_Lita","не проверено (открытая загрузка с портала ISPRA, лицензия на странице не найдена)",природный,море,трек 13.97 км,"2020-08-20; начало учёта 08:26:58 (пояс: GPS Time = UTC (Time_effective наблюдателя = местное, CEST); новый формат: медиана(Time_effective − GPS Time) = +2.00 ч по 126 строкам)","Sentinel-2 L2A, 10 м",рабочие файлы (вне git): scan/058__S2A_33SUC_20200820_0_L2A/,визуальный учёт с судна по протоколу MSFD (Modulo 2bis),5.0,"категории Sheets, industrial packaging, plastic sheeting:3;Fragments of non-foamed plastic:1;Rubber balloons:1; размеры E=20-30:1;n.d.:4",0.699 км² (длина × полоса 50 м из файла),шт. на трансекту,поштучно с GPS и временем,"S2A_33SUC_20200820_0_L2A (earth-search, baseline 2.14); 2020-08-20 10:00:14 UTC; Δt(учёт − S2), ч [мин, мед, макс]: {""dt_h_UTC"": [-1.34, -1.31, -1.18]}",0.25 м/с × |Δt| ≈ 1179 м (медиана; Sea_state (Beaufort) 2 → 2.5 м/с),не проверено по сцене (кроме № 32: тайл 32TQQ не в MARIDA/MADOS),,C,нет (C не становится меткой),"маски приняты, сигнала у трека нет (кластер ≥ 3 пикс. с z FDI ≥ 3 отсутствует) — пара без сигнала, пригодна для проверки воздержания",±500 м: 0; ±50 м: 0,ISPRA-чётные,,,,,,58,S2A_33SUC_20200820_0_L2A,earth-search,accept,,True,0.0,0.0,0.0,,,0.15,,0.0,0.0,"{""dt_h_UTC"": [-1.34, -1.31, -1.18]}","GPS Time = UTC (Time_effective наблюдателя = местное, CEST); новый формат: медиана(Time_effective − GPS Time) = +2.00 ч по 126 строкам",1179.0,0.0,,0.0,50.0
ISPRA-even-060-NAPA_0005_Litc-2020-08-20,"ISPRA, портал Strategia Marina, «Dati monitoraggio 2018–2023», Modulo 2bis (плавающий макромусор, визуальный учёт с судна): http://www.db-strategiamarina.isprambiente.it/app/#/datiMonitoraggio20182023 ; файл Modulo_2bis_2020_SIC_WMED_NAPA, трансекта NAPA_0005_Litc","не проверено (открытая загрузка с портала ISPRA, лицензия на странице не найдена)",природный,море,трек 55.1 км,"2020-08-20; начало учёта 11:05:21 (пояс: GPS Time = UTC (Time_effective наблюдателя = местное, CEST); новый формат: медиана(Time_effective − GPS Time) = +2.00 ч по 580 строкам)","Sentinel-2 L2A, 10 м",рабочие файлы (вне git): scan/060__S2A_33SUD_20200820_0_L2A/,визуальный учёт с судна по протоколу MSFD (Modulo 2bis),52.0,"категории Sheets, industrial packaging, plastic sheeting:28;Plastic shopping/carrier/grocery bags:5;Fragments of non-foamed plastic:5;Rope, string, cord:3;Plastic buckets:3;Other fishing related items not covered by other categories:1;Plastic cover packaging:1;Plastic crates, boxes, baskets:1; размеры E=20-30:12;n.d.:40",2.755 км² (длина × полоса 50 м из файла),шт. на трансекту,поштучно с GPS и временем,"S2A_33SUD_20200820_0_L2A (earth-search, baseline 2.14); 2020-08-20 10:00:00 UTC; Δt(учёт − S2), ч [мин, мед, макс]: {""dt_h_UTC"": [1.13, 2.01, 3.07]}",0.22 м/с × |Δt| ≈ 1581 м (медиана; Sea_state (Beaufort) 1 → 0.9 м/с),не проверено по сцене (кроме № 32: тайл 32TQQ не в MARIDA/MADOS),,D,нет,правило освещённости: детектор не оценивается (низкое солнце/тёмная вода),±500 м: 0; ±50 м: 0,ISPRA-чётные,,,,,,60,S2A_33SUD_20200820_0_L2A,earth-search,accept,,False,0.0,0.0,0.0,,,0.0,,0.0,0.0,"{""dt_h_UTC"": [1.13, 2.01, 3.07]}","GPS Time = UTC (Time_effective наблюдателя = местное, CEST); новый формат: медиана(Time_effective − GPS Time) = +2.00 ч по 580 строкам",1581.0,0.0,,0.0,50.0
ISPRA-even-062-LIBA_0533_Lit-2020-08-21,"ISPRA, портал Strategia Marina, «Dati monitoraggio 2018–2023», Modulo 2bis (плавающий макромусор, визуальный учёт с судна): http://www.db-strategiamarina.isprambiente.it/app/#/datiMonitoraggio20182023 ; файл Modulo_2bis_2020_SIC_WMED_LIBA, трансекта LIBA_0533_Lit","не проверено (открытая загрузка с портала ISPRA, лицензия на странице не найдена)",природный,море,трек 56.01 км,"2020-08-21; начало учёта 06:32:54 (пояс: GPS Time = UTC (Time_effective наблюдателя = местное, CEST); новый формат: медиана(Time_effective − GPS Time) = +1.99 ч по 30 строкам)","Sentinel-2 L2A, 10 м",рабочие файлы (вне git): scan/062__S2B_32TNN_20200821_0_L2A/,визуальный учёт с судна по протоколу MSFD (Modulo 2bis),26.0,категории Sheets:12;Covers/packaging:6;Other:4;Shopping bags:2;Ballons:1;Logs/plants parts/dead terrestrial animal:1; размеры E=20-30:18;F=30-50:5;G=50-100:2,1.4 км² (длина × полоса 25 м из файла),шт. на трансекту,поштучно с GPS и временем,"S2B_32TNN_20200821_0_L2A (earth-search, baseline 2.14); 2020-08-21 10:19:04 UTC; Δt(учёт − S2), ч [мин, мед, макс]: {""dt_h_UTC"": [-3.53, -2.19, -0.4]}",0.22 м/с × |Δt| ≈ 1715 м (медиана; Sea_state (Beaufort) 1 → 0.9 м/с),не проверено по сцене (кроме № 32: тайл 32TQQ не в MARIDA/MADOS),,C,нет (C не становится меткой),"маски приняты, сигнала у трека нет (кластер ≥ 3 пикс. с z FDI ≥ 3 отсутствует) — пара без сигнала, пригодна для проверки воздержания",±500 м: 0; ±50 м: 0,ISPRA-чётные,,,,,,62,S2B_32TNN_20200821_0_L2A,earth-search,accept,,True,0.0,0.0,0.0,,,0.26,,0.0,0.0,"{""dt_h_UTC"": [-3.53, -2.19, -0.4]}","GPS Time = UTC (Time_effective наблюдателя = местное, CEST); новый формат: медиана(Time_effective − GPS Time) = +1.99 ч по 30 строкам",1715.0,0.0,,0.0,25.0
ISPRA-even-064-M1FV12-2020-09-04,"ISPRA, портал Strategia Marina, «Dati monitoraggio 2018–2023», Modulo 2bis (плавающий макромусор, визуальный учёт с судна): http://www.db-strategiamarina.isprambiente.it/app/#/datiMonitoraggio20182023 ; файл 2020_09_Modulo2bis_Campania, трансекта M1FV12","не проверено (открытая загрузка с портала ISPRA, лицензия на странице не найдена)",природный,море,трек 16.22 км,"2020-09-04; начало учёта 11:14:23 (пояс: не определён (2 гипотезы: UTC или местное CEST); старый формат: одно время начала, пояс не указан)","Sentinel-2 L2A, 10 м",рабочие файлы (вне git): scan/064__S2B_33TUF_20200904_0_L2A/,визуальный учёт с судна по протоколу MSFD (Modulo 2bis),5.0,категории altro:4;buste:1; размеры A:1;B:1;C:1;D:1;E:1,полоса в файле не указана или вне списка 25/50 м → площадь не задана,шт. на трансекту,поштучно с GPS (время только у начала),"S2B_33TUF_20200904_0_L2A (earth-search, baseline 2.14); 2020-09-04 09:59:28 UTC; Δt(учёт − S2), ч [мин, мед, макс]: {""dt_h_UTC"": [1.25, 1.25, 1.25], ""dt_h_local"": [-0.75, -0.75, -0.75]}",0.33 м/с × |Δt| ≈ 1503 м (медиана; ForzaVento 4 → 6.7 м/с),не проверено по сцене (кроме № 32: тайл 32TQQ не в MARIDA/MADOS),,C,нет (C не становится меткой),"маски приняты, сигнала у трека нет (кластер ≥ 3 пикс. с z FDI ≥ 3 отсутствует) — пара без сигнала, пригодна для проверки воздержания",±500 м: 0; ±50 м: 0,ISPRA-чётные,,,,,,64,S2B_33TUF_20200904_0_L2A,earth-search,accept,,True,0.0,0.0,0.0,,,0.35,9521.5,0.0,0.0,"{""dt_h_UTC"": [1.25, 1.25, 1.25], ""dt_h_local"": [-0.75, -0.75, -0.75]}","не определён (2 гипотезы: UTC или местное CEST); старый формат: одно время начала, пояс не указан",1503.0,0.0,,0.0,
ISPRA-even-066-1_ABR_VA13-2020-09-29,"ISPRA, портал Strategia Marina, «Dati monitoraggio 2018–2023», Modulo 2bis (плавающий макромусор, визуальный учёт с судна): http://www.db-strategiamarina.isprambiente.it/app/#/datiMonitoraggio20182023 ; файл mod2Bis_ABR_0920, трансекта 1_ABR_VA13","не проверено (открытая загрузка с портала ISPRA, лицензия на странице не найдена)",природный,море,трек 16.67 км,"2020-09-29; начало учёта  13:32:15 (пояс: не определён (2 гипотезы: UTC или местное CEST); старый формат: одно время начала, пояс не указан)","Sentinel-2 L2A, 10 м",рабочие файлы (вне git): scan/066__S2A_33TVG_20200929_0_L2A/,визуальный учёт с судна по протоколу MSFD (Modulo 2bis),11.0,категории altro:8;cassette polistirene:3; размеры A:4;B:5;C:2,полоса в файле не указана или вне списка 25/50 м → площадь не задана,шт. на трансекту,поштучно с GPS (время только у начала),"S2A_33TVG_20200929_0_L2A (earth-search, baseline 2.14); 2020-09-29 09:59:13 UTC; Δt(учёт − S2), ч [мин, мед, макс]: {""dt_h_UTC"": [4.27, 5.38, 6.44], ""dt_h_local"": [2.27, 3.38, 4.44]}",0.22 м/с × |Δt| ≈ 4222 м (медиана; ForzaVento 1 → 0.9 м/с),не проверено по сцене (кроме № 32: тайл 32TQQ не в MARIDA/MADOS),,C,нет (C не становится меткой),"маски приняты, сигнала у трека нет (кластер ≥ 3 пикс. с z FDI ≥ 3 отсутствует) — пара без сигнала, пригодна для проверки воздержания",±500 м: 0; ±50 м: 0,ISPRA-чётные,,,,,,66,S2A_33TVG_20200929_0_L2A,earth-search,accept,,True,0.0,0.0,0.0,,,0.1,3773.5,0.0,0.0,"{""dt_h_UTC"": [4.27, 5.38, 6.44], ""dt_h_local"": [2.27, 3.38, 4.44]}","не определён (2 гипотезы: UTC или местное CEST); старый формат: одно время начала, пояс не указан",4222.0,0.0,,0.0,
ISPRA-even-068-M1FV12-2020-11-03,"ISPRA, портал Strategia Marina, «Dati monitoraggio 2018–2023», Modulo 2bis (плавающий макромусор, визуальный учёт с судна): http://www.db-strategiamarina.isprambiente.it/app/#/datiMonitoraggio20182023 ; файл 2020_11_Modulo2bis_Campania, трансекта M1FV12","не проверено (открытая загрузка с портала ISPRA, лицензия на странице не найдена)",природный,море,трек 16.22 км,"2020-11-03; начало учёта 11:06:53 (пояс: не определён (2 гипотезы: UTC или местное CET); старый формат: одно время начала, пояс не указан)","Sentinel-2 L2A, 10 м",рабочие файлы (вне git): scan/068__S2B_33TUF_20201103_0_L2A/,визуальный учёт с судна по протоколу MSFD (Modulo 2bis),5.0,категории altro:5; размеры C:5,полоса в файле не указана или вне списка 25/50 м → площадь не задана,шт. на трансекту,поштучно с GPS (время только у начала),"S2B_33TUF_20201103_0_L2A (earth-search, baseline 2.14); 2020-11-03 09:59:27 UTC; Δt(учёт − S2), ч [мин, мед, макс]: {""dt_h_UTC"": [1.2, 1.44, 1.68], ""dt_h_local"": [0.2, 0.44, 0.68]}",0.45 м/с × |Δt| ≈ 2312 м (медиана; ForzaVento 6 → 12.3 м/с),не проверено по сцене (кроме № 32: тайл 32TQQ не в MARIDA/MADOS),,C,нет (C не становится меткой),"маски приняты, сигнала у трека нет (кластер ≥ 3 пикс. с z FDI ≥ 3 отсутствует) — пара без сигнала, пригодна для проверки воздержания",±500 м: 0; ±50 м: 0,ISPRA-чётные,,,,,,68,S2B_33TUF_20201103_0_L2A,earth-search,accept,,True,0.0,0.0,0.0,,,0.32,2571.0,0.0,0.0,"{""dt_h_UTC"": [1.2, 1.44, 1.68], ""dt_h_local"": [0.2, 0.44, 0.68]}","не определён (2 гипотезы: UTC или местное CET); старый формат: одно время начала, пояс не указан",2312.0,0.0,,0.0,
ISPRA-even-070-614-2020-11-04,"ISPRA, портал Strategia Marina, «Dati monitoraggio 2018–2023», Modulo 2bis (плавающий макромусор, визуальный учёт с судна): http://www.db-strategiamarina.isprambiente.it/app/#/datiMonitoraggio20182023 ; файл mod_2Bis_ER_1120, трансекта 614","не проверено (открытая загрузка с портала ISPRA, лицензия на странице не найдена)",природный,море,трек 13.88 км,"2020-11-04; начало учёта 07:26:38 (пояс: не определён (2 гипотезы: UTC или местное CET); старый формат: одно время начала, пояс не указан)","Sentinel-2 L2A, 10 м",рабочие файлы (вне git): scan/070__S2A_33TUK_20201104_0_L2A/,визуальный учёт с судна по протоколу MSFD (Modulo 2bis),18.0,категории altro:13;buste:5; размеры B:16;C:2,полоса в файле не указана или вне списка 25/50 м → площадь не задана,шт. на трансекту,поштучно с GPS (время только у начала),"S2A_33TUK_20201104_0_L2A (earth-search, baseline 2.14); 2020-11-04 10:18:26 UTC; Δt(учёт − S2), ч [мин, мед, макс]: {""dt_h_UTC"": [-2.71, -2.21, -1.36], ""dt_h_local"": [-3.71, -3.21, -2.36]}",0.2 м/с × |Δt| ≈ 2315 м (медиана; ForzaVento 0 → 0.0 м/с),не проверено по сцене (кроме № 32: тайл 32TQQ не в MARIDA/MADOS),,D,нет,маски: облака в полосе,±500 м: 0; ±50 м: 0,ISPRA-чётные,,,,,,70,S2A_33TUK_20201104_0_L2A,earth-search,reject,cloud,False,0.0,0.0,0.0,,,,,0.0,0.0,"{""dt_h_UTC"": [-2.71, -2.21, -1.36], ""dt_h_local"": [-3.71, -3.21, -2.36]}","не определён (2 гипотезы: UTC или местное CET); старый формат: одно время начала, пояс не указан",2315.0,0.0,,0.0,
ISPRA-even-072-9PN04_9PN03-2020-11-10,"ISPRA, портал Strategia Marina, «Dati monitoraggio 2018–2023», Modulo 2bis (плавающий макромусор, визуальный учёт с судна): http://www.db-strategiamarina.isprambiente.it/app/#/datiMonitoraggio20182023 ; файл mod_2Bis_PU_1120, трансекта 9PN04_9PN03","не проверено (открытая загрузка с портала ISPRA, лицензия на странице не найдена)",природный,море,трек 11.11 км,"2020-11-10; начало учёта 10:15:00 (пояс: не определён (2 гипотезы: UTC или местное CET); старый формат: одно время начала, пояс не указан)","Sentinel-2 L2A, 10 м",рабочие файлы (вне git): scan/072__S2B_33TXE_20201110_0_L2A/,визуальный учёт с судна по протоколу MSFD (Modulo 2bis),24.0,категории altro:20;buste:3;boe:1; размеры A:6;B:13;D:5,полоса в файле не указана или вне списка 25/50 м → площадь не задана,шт. на трансекту,поштучно с GPS (время только у начала),"S2B_33TXE_20201110_0_L2A (earth-search, baseline 2.14); 2020-11-10 09:49:34 UTC; Δt(учёт − S2), ч [мин, мед, макс]: {""dt_h_UTC"": [0.7, 1.17, 1.34], ""dt_h_local"": [-0.3, 0.17, 0.34]}",0.25 м/с × |Δt| ≈ 1053 м (медиана; ForzaVento 2 → 2.5 м/с),не проверено по сцене (кроме № 32: тайл 32TQQ не в MARIDA/MADOS),,D,нет,правило освещённости: детектор не оценивается (низкое солнце/тёмная вода),±500 м: 0; ±50 м: 0,ISPRA-чётные,,,,,,72,S2B_33TXE_20201110_0_L2A,earth-search,accept,,False,0.0,0.0,0.0,,,0.11,2786.8,0.0,0.0,"{""dt_h_UTC"": [0.7, 1.17, 1.34], ""dt_h_local"": [-0.3, 0.17, 0.34]}","не определён (2 гипотезы: UTC или местное CET); старый формат: одно время начала, пояс не указан",1053.0,0.0,,0.0,
ISPRA-even-074-M1FV_S2701_LitA-2021-01-27,"ISPRA, портал Strategia Marina, «Dati monitoraggio 2018–2023», Modulo 2bis (плавающий макромусор, визуальный учёт с судна): http://www.db-strategiamarina.isprambiente.it/app/#/datiMonitoraggio20182023 ; файл 2021_01_Modulo2bis_Campania, трансекта M1FV_S2701_LitA","не проверено (открытая загрузка с портала ISPRA, лицензия на странице не найдена)",природный,море,трек 10.74 км,2021-01-27; начало учёта 12:06:00 (пояс: не определён (2 гипотезы: UTC или местное CET); новый формат: медиана(Time_effective − GPS Time) = +0.00 ч по 7 строкам),"Sentinel-2 L2A, 10 м",рабочие файлы (вне git): scan/074__S2A_33TUF_20210127_0_L2A/,визуальный учёт с судна по протоколу MSFD (Modulo 2bis),5.0,категории Terrestrial plant:3;G82:1;T320:1; размеры B:1;D:1;F:1;H:2,полоса в файле не указана или вне списка 25/50 м → площадь не задана,шт. на трансекту,поштучно с GPS и временем,"S2A_33TUF_20210127_0_L2A (earth-search, baseline 2.14); 2021-01-27 09:59:25 UTC; Δt(учёт − S2), ч [мин, мед, макс]: {""dt_h_UTC"": [2.11, 2.18, 2.24], ""dt_h_local"": [1.11, 1.18, 1.24]}",0.25 м/с × |Δt| ≈ 1962 м (медиана; Sea_state (Beaufort) 2 → 2.5 м/с),не проверено по сцене (кроме № 32: тайл 32TQQ не в MARIDA/MADOS),,D,нет,правило освещённости: детектор не оценивается (низкое солнце/тёмная вода),±500 м: 0; ±50 м: 0,ISPRA-чётные,,,,,,74,S2A_33TUF_20210127_0_L2A,earth-search,accept,,False,0.0,0.0,0.0,,,0.0,,0.0,0.0,"{""dt_h_UTC"": [2.11, 2.18, 2.24], ""dt_h_local"": [1.11, 1.18, 1.24]}",не определён (2 гипотезы: UTC или местное CET); новый формат: медиана(Time_effective − GPS Time) = +0.00 ч по 7 строкам,1962.0,0.0,,0.0,5.0
ISPRA-even-076-2004_S0301_Lita-2021-03-01,"ISPRA, портал Strategia Marina, «Dati monitoraggio 2018–2023», Modulo 2bis (плавающий макромусор, визуальный учёт с судна): http://www.db-strategiamarina.isprambiente.it/app/#/datiMonitoraggio20182023 ; файл mod_2Bis_ER_0321, трансекта 2004_S0301_Lita","не проверено (открытая загрузка с портала ISPRA, лицензия на странице не найдена)",природный,море,трек 3.99 км,2021-03-01; начало учёта 12:19:00 (пояс: не определён (2 гипотезы: UTC или местное CET); новый формат: медиана(Time_effective − GPS Time) = +0.00 ч по 8 строкам),"Sentinel-2 L2A, 10 м",рабочие файлы (вне git): scan/076__S2A_32TQQ_20210301_0_L2A/,визуальный учёт с судна по протоколу MSFD (Modulo 2bis),6.0,категории G2:2;T349:2;G95:1;G79:1; размеры B:2;C:4,полоса в файле не указана или вне списка 25/50 м → площадь не задана,шт. на трансекту,поштучно с GPS и временем,"S2A_32TQQ_20210301_0_L2A (earth-search, baseline 2.14); 2021-03-01 10:08:28 UTC; Δt(учёт − S2), ч [мин, мед, макс]: {""dt_h_UTC"": [2.26, 2.33, 2.48], ""dt_h_local"": [1.26, 1.33, 1.48]}",0.25 м/с × |Δt| ≈ 2097 м (медиана; Sea_state (Beaufort) 2 → 2.5 м/с),не проверено по сцене (кроме № 32: тайл 32TQQ не в MARIDA/MADOS),,C,нет (C не становится меткой),"маски приняты, сигнала у трека нет (кластер ≥ 3 пикс. с z FDI ≥ 3 отсутствует) — пара без сигнала, пригодна для проверки воздержания",±500 м: 0; ±50 м: 0,ISPRA-чётные,,,,,,76,S2A_32TQQ_20210301_0_L2A,earth-search,accept,,True,0.0,0.0,0.0,,,0.09,,0.0,0.0,"{""dt_h_UTC"": [2.26, 2.33, 2.48], ""dt_h_local"": [1.26, 1.33, 1.48]}",не определён (2 гипотезы: UTC или местное CET); новый формат: медиана(Time_effective − GPS Time) = +0.00 ч по 8 строкам,2097.0,0.0,,0.0,5.0
ISPRA-even-078-2017_S0505_Lita-2021-05-05,"ISPRA, портал Strategia Marina, «Dati monitoraggio 2018–2023», Modulo 2bis (плавающий макромусор, визуальный учёт с судна): http://www.db-strategiamarina.isprambiente.it/app/#/datiMonitoraggio20182023 ; файл mod_2Bis_ER_0521, трансекта 2017_S0505_Lita","не проверено (открытая загрузка с портала ISPRA, лицензия на странице не найдена)",природный,море,трек 9.56 км,2021-05-05; начало учёта 10:35:00 (пояс: не определён (2 гипотезы: UTC или местное CEST); новый формат: медиана(Time_effective − GPS Time) = +0.00 ч по 12 строкам),"Sentinel-2 L2A, 10 м",рабочие файлы (вне git): scan/078__S2B_32TQQ_20210505_0_L2A/,визуальный учёт с судна по протоколу MSFD (Modulo 2bis),10.0,категории G79:5;T350:2;T349:1;G162:1;G172:1; размеры B:2;C:2;D:2;E:3;G:1,полоса в файле не указана или вне списка 25/50 м → площадь не задана,шт. на трансекту,поштучно с GPS и временем,"S2B_32TQQ_20210505_0_L2A (earth-search, baseline 3.0); 2021-05-05 10:08:25 UTC; Δt(учёт − S2), ч [мин, мед, макс]: {""dt_h_UTC"": [0.73, 1.0, 1.53], ""dt_h_local"": [-1.27, -0.99, -0.47]}",0.25 м/с × |Δt| ≈ 1048 м (медиана; Sea_state (Beaufort) 2 → 2.5 м/с),не проверено по сцене (кроме № 32: тайл 32TQQ не в MARIDA/MADOS),,D,нет,маски: облака в полосе,±500 м: 0; ±50 м: 0,ISPRA-чётные,,,,,,78,S2B_32TQQ_20210505_0_L2A,earth-search,reject,cloud,True,0.0,0.0,0.0,,,,,0.0,0.0,"{""dt_h_UTC"": [0.73, 1.0, 1.53], ""dt_h_local"": [-1.27, -0.99, -0.47]}",не определён (2 гипотезы: UTC или местное CEST); новый формат: медиана(Time_effective − GPS Time) = +0.00 ч по 12 строкам,1048.0,0.0,,0.0,5.0
ISPRA-even-080-SMTS_S0518_LitA-2021-05-18,"ISPRA, портал Strategia Marina, «Dati monitoraggio 2018–2023», Modulo 2bis (плавающий макромусор, визуальный учёт с судна): http://www.db-strategiamarina.isprambiente.it/app/#/datiMonitoraggio20182023 ; файл mod_2Bis_FVG_0521, трансекта SMTS_S0518_LitA","не проверено (открытая загрузка с портала ISPRA, лицензия на странице не найдена)",природный,море,трек 23.66 км,2021-05-18; начало учёта 10:25:00 (пояс: не определён (2 гипотезы: UTC или местное CEST); новый формат: медиана(Time_effective − GPS Time) = +0.00 ч по 20 строкам),"Sentinel-2 L2A, 10 м",рабочие файлы (вне git): scan/080__S2B_33TUL_20210518_0_L2A/,визуальный учёт с судна по протоколу MSFD (Modulo 2bis),18.0,категории G67:7;G76:7;G38:1;G25:1;G2:1;G14:1; размеры B:3;C:8;D:3;E:2;F:2,полоса в файле не указана или вне списка 25/50 м → площадь не задана,шт. на трансекту,поштучно с GPS и временем,"S2B_33TUL_20210518_0_L2A (earth-search, baseline 3.0); 2021-05-18 10:18:06 UTC; Δt(учёт − S2), ч [мин, мед, макс]: {""dt_h_UTC"": [1.2, 1.4, 1.81], ""dt_h_local"": [-0.8, -0.59, -0.19]}",0.22 м/с × |Δt| ≈ 1103 м (медиана; Sea_state (Beaufort) 1 → 0.9 м/с),не проверено по сцене (кроме № 32: тайл 32TQQ не в MARIDA/MADOS),,C,нет (C не становится меткой),"маски приняты, сигнала у трека нет (кластер ≥ 3 пикс. с z FDI ≥ 3 отсутствует) — пара без сигнала, пригодна для проверки воздержания",±500 м: 13; ±50 м: 0,ISPRA-чётные,,,,,,80,S2B_33TUL_20210518_0_L2A,earth-search,accept,,True,13.0,0.0,4.0,0.28,1.41,0.0,293.2,0.0,0.0,"{""dt_h_UTC"": [1.2, 1.4, 1.81], ""dt_h_local"": [-0.8, -0.59, -0.19]}",не определён (2 гипотезы: UTC или местное CEST); новый формат: медиана(Time_effective − GPS Time) = +0.00 ч по 20 строкам,1103.0,4.0,1120.0,0.0,5.0
ISPRA-even-082-SMR_CPI_WA1_S0531_LitA-2021-05-31,"ISPRA, портал Strategia Marina, «Dati monitoraggio 2018–2023», Modulo 2bis (плавающий макромусор, визуальный учёт с судна): http://www.db-strategiamarina.isprambiente.it/app/#/datiMonitoraggio20182023 ; файл 2021_05_Modulo2bis_Toscana, трансекта SMR_CPI_WA1_S0531_LitA","не проверено (открытая загрузка с портала ISPRA, лицензия на странице не найдена)",природный,море,трек 17.14 км,2021-05-31; начало учёта 09:35:00 (пояс: не определён (2 гипотезы: UTC или местное CEST); новый формат: медиана(Time_effective − GPS Time) = +0.00 ч по 13 строкам),"Sentinel-2 L2A, 10 м",рабочие файлы (вне git): scan/082__S2B_32TNP_20210531_0_L2A/,визуальный учёт с судна по протоколу MSFD (Modulo 2bis),10.0,категории G173:3;G2:3;G38:2;G171:1;G32:1; размеры B:5;D:4;E:1,полоса в файле не указана или вне списка 25/50 м → площадь не задана,шт. на трансекту,поштучно с GPS и временем,"S2B_32TNP_20210531_0_L2A (earth-search, baseline 3.0); 2021-05-31 10:28:43 UTC; Δt(учёт − S2), ч [мин, мед, макс]: {""dt_h_UTC"": [1.52, 2.27, 2.85], ""dt_h_local"": [-0.48, 0.27, 0.85]}",0.22 м/с × |Δt| ≈ 1781 м (медиана; Sea_state (Beaufort) 1 → 0.9 м/с),не проверено по сцене (кроме № 32: тайл 32TQQ не в MARIDA/MADOS),,D,нет,маски: блик,±500 м: 0; ±50 м: 0,ISPRA-чётные,,,,,,82,S2B_32TNP_20210531_0_L2A,earth-search,reject,glint,True,0.0,0.0,0.0,,,1.86,713.6,0.0,0.0,"{""dt_h_UTC"": [1.52, 2.27, 2.85], ""dt_h_local"": [-0.48, 0.27, 0.85]}",не определён (2 гипотезы: UTC или местное CEST); новый формат: медиана(Time_effective − GPS Time) = +0.00 ч по 13 строкам,1781.0,0.0,,0.0,10.0
ISPRA-even-084-4BA04_S0603_LitA-2021-06-03,"ISPRA, портал Strategia Marina, «Dati monitoraggio 2018–2023», Modulo 2bis (плавающий макромусор, визуальный учёт с судна): http://www.db-strategiamarina.isprambiente.it/app/#/datiMonitoraggio20182023 ; файл mod_2Bis_PU_0521, трансекта 4BA04_S0603_LitA","не проверено (открытая загрузка с портала ISPRA, лицензия на странице не найдена)",природный,море,трек 11.33 км,2021-06-03; начало учёта 10:25:00 (пояс: не определён (2 гипотезы: UTC или местное CEST); новый формат: медиана(Time_effective − GPS Time) = +0.00 ч по 14 строкам),"Sentinel-2 L2A, 10 м",рабочие файлы (вне git): scan/084__S2A_33TXF_20210603_0_L2A/,визуальный учёт с судна по протоколу MSFD (Modulo 2bis),12.0,категории G2:4;G146:4;T333:3;T355:1; размеры A:3;B:4;C:2;D:3,полоса в файле не указана или вне списка 25/50 м → площадь не задана,шт. на трансекту,поштучно с GPS и временем,"S2A_33TXF_20210603_0_L2A (earth-search, baseline 3.0); 2021-06-03 09:49:19 UTC; Δt(учёт − S2), ч [мин, мед, макс]: {""dt_h_UTC"": [0.68, 0.84, 1.03], ""dt_h_local"": [-1.32, -1.16, -0.97]}",0.2 м/с × |Δt| ≈ 832 м (медиана; Sea_state (Beaufort) 0 → 0.0 м/с),не проверено по сцене (кроме № 32: тайл 32TQQ не в MARIDA/MADOS),,D,нет,маски: блик,±500 м: 0; ±50 м: 0,ISPRA-чётные,,,,,,84,S2A_33TXF_20210603_0_L2A,earth-search,reject,glint,True,0.0,0.0,0.0,,,1.14,3369.5,0.0,0.0,"{""dt_h_UTC"": [0.68, 0.84, 1.03], ""dt_h_local"": [-1.32, -1.16, -0.97]}",не определён (2 гипотезы: UTC или местное CEST); новый формат: медиана(Time_effective − GPS Time) = +0.00 ч по 14 строкам,832.0,0.0,,0.0,5.0
ISPRA-even-086-M1GN_S0107_LitA-2021-07-01,"ISPRA, портал Strategia Marina, «Dati monitoraggio 2018–2023», Modulo 2bis (плавающий макромусор, визуальный учёт с судна): http://www.db-strategiamarina.isprambiente.it/app/#/datiMonitoraggio20182023 ; файл 2021_07_Modulo2bis_Campania, трансекта M1GN_S0107_LitA","не проверено (открытая загрузка с портала ISPRA, лицензия на странице не найдена)",природный,море,трек 0.64 км,2021-07-01; начало учёта 10:49:00 (пояс: не определён (2 гипотезы: UTC или местное CEST); новый формат: медиана(Time_effective − GPS Time) = +0.00 ч по 5 строкам),"Sentinel-2 L2A, 10 м",рабочие файлы (вне git): scan/086__S2B_33TVF_20210701_0_L2A/,визуальный учёт с судна по протоколу MSFD (Modulo 2bis),5.0,категории G82:2;G10:1;G170:1;G21:1; размеры C:3;D:1;F:1,полоса в файле не указана или вне списка 25/50 м → площадь не задана,шт. на трансекту,поштучно с GPS и временем,"S2B_33TVF_20210701_0_L2A (earth-search, baseline 3.01); 2021-07-01 09:59:23 UTC; Δt(учёт − S2), ч [мин, мед, макс]: {""dt_h_UTC"": [0.83, 0.83, 0.93], ""dt_h_local"": [-1.17, -1.17, -1.07]}",0.29 м/с × |Δt| ≈ 1213 м (медиана; Sea_state (Beaufort) 3 → 4.4 м/с),не проверено по сцене (кроме № 32: тайл 32TQQ не в MARIDA/MADOS),,D,нет,маски: блик,±500 м: 0; ±50 м: 0,ISPRA-чётные,,,,,,86,S2B_33TVF_20210701_0_L2A,earth-search,reject,glint,True,0.0,0.0,0.0,,,0.47,,0.0,0.0,"{""dt_h_UTC"": [0.83, 0.83, 0.93], ""dt_h_local"": [-1.17, -1.17, -1.07]}",не определён (2 гипотезы: UTC или местное CEST); новый формат: медиана(Time_effective − GPS Time) = +0.00 ч по 5 строкам,1213.0,0.0,,0.0,5.0
ISPRA-even-088-614_S0707_Litb-2021-07-07,"ISPRA, портал Strategia Marina, «Dati monitoraggio 2018–2023», Modulo 2bis (плавающий макромусор, визуальный учёт с судна): http://www.db-strategiamarina.isprambiente.it/app/#/datiMonitoraggio20182023 ; файл mod_2Bis_ER_0721, трансекта 614_S0707_Litb","не проверено (открытая загрузка с портала ISPRA, лицензия на странице не найдена)",природный,море,трек 10.0 км,2021-07-07; начало учёта 09:27:00 (пояс: не определён (2 гипотезы: UTC или местное CEST); новый формат: медиана(Time_effective − GPS Time) = +0.00 ч по 7 строкам),"Sentinel-2 L2A, 10 м",рабочие файлы (вне git): scan/088__S2B_33TUK_20210707_0_L2A/,визуальный учёт с судна по протоколу MSFD (Modulo 2bis),5.0,категории G79:4;G21:1; размеры B:3;C:1;F:1,полоса в файле не указана или вне списка 25/50 м → площадь не задана,шт. на трансекту,поштучно с GPS и временем,"S2B_33TUK_20210707_0_L2A (earth-search, baseline 3.01); 2021-07-07 10:18:22 UTC; Δt(учёт − S2), ч [мин, мед, макс]: {""dt_h_UTC"": [-0.79, -0.64, -0.49], ""dt_h_local"": [-2.79, -2.64, -2.49]}",0.22 м/с × |Δt| ≈ 2072 м (медиана; Sea_state (Beaufort) 1 → 0.9 м/с),не проверено по сцене (кроме № 32: тайл 32TQQ не в MARIDA/MADOS),,D,нет,маски: блик,±500 м: 0; ±50 м: 0,ISPRA-чётные,,,,,,88,S2B_33TUK_20210707_0_L2A,earth-search,reject,glint,True,0.0,0.0,0.0,,,0.68,,0.0,0.0,"{""dt_h_UTC"": [-0.79, -0.64, -0.49], ""dt_h_local"": [-2.79, -2.64, -2.49]}",не определён (2 гипотезы: UTC или местное CEST); новый формат: медиана(Time_effective − GPS Time) = +0.00 ч по 7 строкам,2072.0,0.0,,0.0,5.0
ISPRA-even-090-MC_2107_LitA-2021-07-26,"ISPRA, портал Strategia Marina, «Dati monitoraggio 2018–2023», Modulo 2bis (плавающий макромусор, визуальный учёт с судна): http://www.db-strategiamarina.isprambiente.it/app/#/datiMonitoraggio20182023 ; файл mod_2Bis_MO_0721, трансекта MC_2107_LitA","не проверено (открытая загрузка с портала ISPRA, лицензия на странице не найдена)",природный,море,трек 14.2 км,2021-07-26; начало учёта 13:10:00 (пояс: не определён (2 гипотезы: UTC или местное CEST); новый формат: медиана(Time_effective − GPS Time) = +0.00 ч по 16 строкам),"Sentinel-2 L2A, 10 м",рабочие файлы (вне git): scan/090__S2A_33TVG_20210726_0_L2A/,визуальный учёт с судна по протоколу MSFD (Modulo 2bis),14.0,категории G79:3;G2:3;G156:2;G6:2;G58:2;G67:2; размеры B:8;C:6,полоса в файле не указана или вне списка 25/50 м → площадь не задана,шт. на трансекту,поштучно с GPS и временем,"S2A_33TVG_20210726_0_L2A (earth-search, baseline 3.01); 2021-07-26 09:59:11 UTC; Δt(учёт − S2), ч [мин, мед, макс]: {""dt_h_UTC"": [3.3, 4.59, 5.18], ""dt_h_local"": [1.3, 2.59, 3.18]}",0.25 м/с × |Δt| ≈ 4131 м (медиана; Sea_state (Beaufort) 2 → 2.5 м/с),не проверено по сцене (кроме № 32: тайл 32TQQ не в MARIDA/MADOS),,D,нет,маски: блик,±500 м: 0; ±50 м: 0,ISPRA-чётные,,,,,,90,S2A_33TVG_20210726_0_L2A,earth-search,reject,glint,True,0.0,0.0,0.0,,,0.23,,0.0,0.0,"{""dt_h_UTC"": [3.3, 4.59, 5.18], ""dt_h_local"": [1.3, 2.59, 3.18]}",не определён (2 гипотезы: UTC или местное CEST); новый формат: медиана(Time_effective − GPS Time) = +0.00 ч по 16 строкам,4131.0,0.0,,0.0,5.0
ISPRA-even-092-NAPA_S006_Litb-2021-07-29,"ISPRA, портал Strategia Marina, «Dati monitoraggio 2018–2023», Modulo 2bis (плавающий макромусор, визуальный учёт с судна): http://www.db-strategiamarina.isprambiente.it/app/#/datiMonitoraggio20182023 ; файл Modulo_2bis_SIC_NAPA_2021_0006-0012_20211220, трансекта NAPA_S006_Litb","не проверено (открытая загрузка с портала ISPRA, лицензия на странице не найдена)",природный,море,трек 43.39 км,"2021-07-29; начало учёта 11:22:35 (пояс: GPS Time = UTC (Time_effective наблюдателя = местное, CEST); новый формат: медиана(Time_effective − GPS Time) = +2.00 ч по 1893 строкам)","Sentinel-2 L2A, 10 м",рабочие файлы (вне git): scan/092__S2A_33SUD_20210729_0_L2A/,визуальный учёт с судна по протоколу MSFD (Modulo 2bis),39.0,категории G2:11;G67:7;G38:5;G76:4;G49:2;G7:2;G8:2;T307:1; размеры E=20-30 cm:22;F=30-50 cm:16;G=50-100 cm:1,2.169 км² (длина × полоса 50 м из файла),шт. на трансекту,поштучно с GPS и временем,"S2A_33SUD_20210729_0_L2A (earth-search, baseline 3.01); 2021-07-29 10:09:53 UTC; Δt(учёт − S2), ч [мин, мед, макс]: {""dt_h_UTC"": [2.39, 4.41, 6.85]}",0.25 м/с × |Δt| ≈ 3969 м (медиана; Sea_state (Beaufort) 2 → 2.5 м/с),не проверено по сцене (кроме № 32: тайл 32TQQ не в MARIDA/MADOS),,D,нет,маски: блик,±500 м: 0; ±50 м: 0,ISPRA-чётные,,,,,,92,S2A_33SUD_20210729_0_L2A,earth-search,reject,glint,True,0.0,0.0,0.0,,,0.0,,0.0,0.0,"{""dt_h_UTC"": [2.39, 4.41, 6.85]}","GPS Time = UTC (Time_effective наблюдателя = местное, CEST); новый формат: медиана(Time_effective − GPS Time) = +2.00 ч по 1893 строкам",3969.0,0.0,,0.0,50.0
ISPRA-even-094-NAPA_S012_Lita-2021-08-25,"ISPRA, портал Strategia Marina, «Dati monitoraggio 2018–2023», Modulo 2bis (плавающий макромусор, визуальный учёт с судна): http://www.db-strategiamarina.isprambiente.it/app/#/datiMonitoraggio20182023 ; файл Modulo_2bis_SIC_NAPA_2021_0006-0012_20211220, трансекта NAPA_S012_Lita","не проверено (открытая загрузка с портала ISPRA, лицензия на странице не найдена)",природный,море,трек 36.73 км,"2021-08-25; начало учёта 04:56:59 (пояс: GPS Time = UTC (Time_effective наблюдателя = местное, CEST); новый формат: медиана(Time_effective − GPS Time) = +2.00 ч по 949 строкам)","Sentinel-2 L2A, 10 м",рабочие файлы (вне git): scan/094__S2A_33TVE_20210825_0_L2A/,визуальный учёт с судна по протоколу MSFD (Modulo 2bis),19.0,категории G67:13;G9:2;G58:1;G76:1;G23:1;G170:1; размеры E=20-30 cm:13;F=30-50 cm:5;G=50-100 cm:1,1.837 км² (длина × полоса 50 м из файла),шт. на трансекту,поштучно с GPS и временем,"S2A_33TVE_20210825_0_L2A (earth-search, baseline 3.01); 2021-08-25 09:59:38 UTC; Δt(учёт − S2), ч [мин, мед, макс]: {""dt_h_UTC"": [-4.9, -4.0, -2.13]}",0.22 м/с × |Δt| ≈ 3139 м (медиана; Sea_state (Beaufort) 1 → 0.9 м/с),не проверено по сцене (кроме № 32: тайл 32TQQ не в MARIDA/MADOS),,C,нет (C не становится меткой),"сигнал есть, но ближайший предмет в 1354 м от пикселя детектора; окон Cózar в 3 км нет",±500 м: 3; ±50 м: 0,ISPRA-чётные,,,,,,94,S2A_33TVE_20210825_0_L2A,earth-search,accept,,True,3.0,0.0,3.0,12.4,22.55,0.37,1354.2,0.0,0.0,"{""dt_h_UTC"": [-4.9, -4.0, -2.13]}","GPS Time = UTC (Time_effective наблюдателя = местное, CEST); новый формат: медиана(Time_effective − GPS Time) = +2.00 ч по 949 строкам",3139.0,0.0,,0.0,50.0
ISPRA-even-096-SMTS_S0915_LitB-2021-09-15,"ISPRA, портал Strategia Marina, «Dati monitoraggio 2018–2023», Modulo 2bis (плавающий макромусор, визуальный учёт с судна): http://www.db-strategiamarina.isprambiente.it/app/#/datiMonitoraggio20182023 ; файл mod_2Bis_FVG_0921, трансекта SMTS_S0915_LitB","не проверено (открытая загрузка с портала ISPRA, лицензия на странице не найдена)",природный,море,трек 1.77 км,2021-09-15; начало учёта 11:09:00 (пояс: не определён (2 гипотезы: UTC или местное CEST); новый формат: медиана(Time_effective − GPS Time) = +0.00 ч по 12 строкам),"Sentinel-2 L2A, 10 м",рабочие файлы (вне git): scan/096__S2B_33TUL_20210915_0_L2A/,визуальный учёт с судна по протоколу MSFD (Modulo 2bis),10.0,категории G79:8;T307:1;G30:1; размеры B:7;C:3,полоса в файле не указана или вне списка 25/50 м → площадь не задана,шт. на трансекту,поштучно с GPS и временем,"S2B_33TUL_20210915_0_L2A (earth-search, baseline 3.01); 2021-09-15 10:18:02 UTC; Δt(учёт − S2), ч [мин, мед, макс]: {""dt_h_UTC"": [0.97, 0.98, 1.13], ""dt_h_local"": [-1.03, -1.02, -0.87]}",0.2 м/с × |Δt| ≈ 742 м (медиана; Sea_state (Beaufort) 0 → 0.0 м/с),не проверено по сцене (кроме № 32: тайл 32TQQ не в MARIDA/MADOS),,D,нет,маски: блик,±500 м: 0; ±50 м: 0,ISPRA-чётные,,,,,,96,S2B_33TUL_20210915_0_L2A,earth-search,reject,glint,True,0.0,0.0,0.0,,,0.67,2710.5,0.0,0.0,"{""dt_h_UTC"": [0.97, 0.98, 1.13], ""dt_h_local"": [-1.03, -1.02, -0.87]}",не определён (2 гипотезы: UTC или местное CEST); новый формат: медиана(Time_effective − GPS Time) = +0.00 ч по 12 строкам,742.0,0.0,,0.0,5.0
ISPRA-even-098-MC_2109_LitA-2021-09-24,"ISPRA, портал Strategia Marina, «Dati monitoraggio 2018–2023», Modulo 2bis (плавающий макромусор, визуальный учёт с судна): http://www.db-strategiamarina.isprambiente.it/app/#/datiMonitoraggio20182023 ; файл mod_2Bis_MO_0921, трансекта MC_2109_LitA","не проверено (открытая загрузка с портала ISPRA, лицензия на странице не найдена)",природный,море,трек 14.2 км,2021-09-24; начало учёта 14:00:00 (пояс: не определён (2 гипотезы: UTC или местное CEST); новый формат: медиана(Time_effective − GPS Time) = +0.00 ч по 14 строкам),"Sentinel-2 L2A, 10 м",рабочие файлы (вне git): scan/098__S2A_33TVG_20210924_0_L2A/,визуальный учёт с судна по протоколу MSFD (Modulo 2bis),12.0,категории G79:4;G2:2;G38:2;G58:2;G45:1;G67:1; размеры B:7;C:5,полоса в файле не указана или вне списка 25/50 м → площадь не задана,шт. на трансекту,поштучно с GPS и временем,"S2A_33TVG_20210924_0_L2A (earth-search, baseline 3.01); 2021-09-24 09:59:11 UTC; Δt(учёт − S2), ч [мин, мед, макс]: {""dt_h_UTC"": [4.71, 5.5, 5.96], ""dt_h_local"": [2.71, 3.5, 3.96]}",0.25 м/с × |Δt| ≈ 4946 м (медиана; Sea_state (Beaufort) 2 → 2.5 м/с),не проверено по сцене (кроме № 32: тайл 32TQQ не в MARIDA/MADOS),,D,нет,маски: nodata(valid_water<min),±500 м: 1; ±50 м: 0,ISPRA-чётные,,,,,,98,S2A_33TVG_20210924_0_L2A,earth-search,reject,nodata(valid_water<min),True,1.0,0.0,1.0,25.73,35.48,0.25,166.5,0.0,0.0,"{""dt_h_UTC"": [4.71, 5.5, 5.96], ""dt_h_local"": [2.71, 3.5, 3.96]}",не определён (2 гипотезы: UTC или местное CEST); новый формат: медиана(Time_effective − GPS Time) = +0.00 ч по 14 строкам,4946.0,0.0,,0.0,5.0
ISPRA-even-100-SMTS_S1111_LitB-2021-11-11,"ISPRA, портал Strategia Marina, «Dati monitoraggio 2018–2023», Modulo 2bis (плавающий макромусор, визуальный учёт с судна): http://www.db-strategiamarina.isprambiente.it/app/#/datiMonitoraggio20182023 ; файл mod_2Bis_FVG_1121, трансекта SMTS_S1111_LitB","не проверено (открытая загрузка с портала ISPRA, лицензия на странице не найдена)",природный,море,трек 5.04 км,2021-11-11; начало учёта 12:13:00 (пояс: не определён (2 гипотезы: UTC или местное CET); новый формат: медиана(Time_effective − GPS Time) = +0.00 ч по 8 строкам),"Sentinel-2 L2A, 10 м",рабочие файлы (вне git): scan/100__S2B_33TUL_20211111_0_L2A/,визуальный учёт с судна по протоколу MSFD (Modulo 2bis),7.0,категории G79:7; размеры A:3;B:4,полоса в файле не указана или вне списка 25/50 м → площадь не задана,шт. на трансекту,поштучно с GPS и временем,"S2B_33TUL_20211111_0_L2A (earth-search, baseline 3.01); 2021-11-11 10:08:10 UTC; Δt(учёт − S2), ч [мин, мед, макс]: {""dt_h_UTC"": [2.28, 2.41, 2.46], ""dt_h_local"": [1.28, 1.41, 1.46]}",0.2 м/с × |Δt| ≈ 1735 м (медиана; Sea_state (Beaufort) 0 → 0.0 м/с),не проверено по сцене (кроме № 32: тайл 32TQQ не в MARIDA/MADOS),,D,нет,правило освещённости: детектор не оценивается (низкое солнце/тёмная вода),±500 м: 0; ±50 м: 0,ISPRA-чётные,,,,,,100,S2B_33TUL_20211111_0_L2A,earth-search,accept,,False,0.0,0.0,0.0,,,0.58,2432.4,0.0,0.0,"{""dt_h_UTC"": [2.28, 2.41, 2.46], ""dt_h_local"": [1.28, 1.41, 1.46]}",не определён (2 гипотезы: UTC или местное CET); новый формат: медиана(Time_effective − GPS Time) = +0.00 ч по 8 строкам,1735.0,0.0,,0.0,5.0
ISPRA-even-102-VA_S002_LitB-2021-12-01,"ISPRA, портал Strategia Marina, «Dati monitoraggio 2018–2023», Modulo 2bis (плавающий макромусор, визуальный учёт с судна): http://www.db-strategiamarina.isprambiente.it/app/#/datiMonitoraggio20182023 ; файл mod2Bis_ABR_1121, трансекта VA_S002_LitB","не проверено (открытая загрузка с портала ISPRA, лицензия на странице не найдена)",природный,море,трек 6.07 км,2021-12-01; начало учёта 12:15:00 (пояс: не определён (2 гипотезы: UTC или местное CET); новый формат: медиана(Time_effective − GPS Time) = +0.00 ч по 9 строкам),"Sentinel-2 L2A, 10 м",рабочие файлы (вне git): scan/102__S2B_33TVG_20211201_0_L2A/,визуальный учёт с судна по протоколу MSFD (Modulo 2bis),8.0,категории G57:2;G170:2;G2:2;T355:1;T323:1; размеры F:7;G:1,полоса в файле не указана или вне списка 25/50 м → площадь не задана,шт. на трансекту,поштучно с GPS и временем,"S2B_33TVG_20211201_0_L2A (earth-search, baseline 3.01); 2021-12-01 10:08:59 UTC; Δt(учёт − S2), ч [мин, мед, макс]: {""dt_h_UTC"": [2.15, 2.24, 2.35], ""dt_h_local"": [1.15, 1.23, 1.35]}",0.22 м/с × |Δt| ≈ 1754 м (медиана; Sea_state (Beaufort) 1 → 0.9 м/с),не проверено по сцене (кроме № 32: тайл 32TQQ не в MARIDA/MADOS),,D,нет,правило освещённости: детектор не оценивается (низкое солнце/тёмная вода),±500 м: 0; ±50 м: 0,ISPRA-чётные,,,,,,102,S2B_33TVG_20211201_0_L2A,earth-search,accept,,False,0.0,0.0,0.0,,,0.0,,0.0,0.0,"{""dt_h_UTC"": [2.15, 2.24, 2.35], ""dt_h_local"": [1.15, 1.23, 1.35]}",не определён (2 гипотезы: UTC или местное CET); новый формат: медиана(Time_effective − GPS Time) = +0.00 ч по 9 строкам,1754.0,0.0,,0.0,5.0
ISPRA-even-104-SMR_CPI_WA1_S0111_LitA-2022-01-11,"ISPRA, портал Strategia Marina, «Dati monitoraggio 2018–2023», Modulo 2bis (плавающий макромусор, визуальный учёт с судна): http://www.db-strategiamarina.isprambiente.it/app/#/datiMonitoraggio20182023 ; файл 2022_01_Modulo2bis_Toscana, трансекта SMR_CPI_WA1_S0111_LitA","не проверено (открытая загрузка с портала ISPRA, лицензия на странице не найдена)",природный,море,трек 4.47 км,2022-01-11; начало учёта 11:10:00 (пояс: не определён (2 гипотезы: UTC или местное CET); новый формат: медиана(Time_effective − GPS Time) = +0.00 ч по 7 строкам),"Sentinel-2 L2A, 10 м",рабочие файлы (вне git): scan/104__S2A_32TNP_20220111_0_L2A/,визуальный учёт с судна по протоколу MSFD (Modulo 2bis),6.0,категории T333:5;T309:1; размеры B:1;C:4;E:1,полоса в файле не указана или вне списка 25/50 м → площадь не задана,шт. на трансекту,поштучно с GPS и временем,"S2A_32TNP_20220111_0_L2A (earth-search, baseline 3.01); 2022-01-11 10:28:43 UTC; Δt(учёт − S2), ч [мин, мед, макс]: {""dt_h_UTC"": [0.85, 1.1, 1.1], ""dt_h_local"": [-0.15, 0.1, 0.1]}",0.25 м/с × |Δt| ≈ 990 м (медиана; Sea_state (Beaufort) 2 → 2.5 м/с),не проверено по сцене (кроме № 32: тайл 32TQQ не в MARIDA/MADOS),,D,нет,правило освещённости: детектор не оценивается (низкое солнце/тёмная вода),±500 м: 0; ±50 м: 0,ISPRA-чётные,,,,,,104,S2A_32TNP_20220111_0_L2A,earth-search,accept,,False,0.0,0.0,0.0,,,0.02,2065.7,0.0,0.0,"{""dt_h_UTC"": [0.85, 1.1, 1.1], ""dt_h_local"": [-0.15, 0.1, 0.1]}",не определён (2 гипотезы: UTC или местное CET); новый формат: медиана(Time_effective − GPS Time) = +0.00 ч по 7 строкам,990.0,0.0,,0.0,5.0
ISPRA-even-106-9PN03_S001_LitB-2022-01-19,"ISPRA, портал Strategia Marina, «Dati monitoraggio 2018–2023», Modulo 2bis (плавающий макромусор, визуальный учёт с судна): http://www.db-strategiamarina.isprambiente.it/app/#/datiMonitoraggio20182023 ; файл Mod_2bis_PU_0122, трансекта 9PN03_S001_LitB","не проверено (открытая загрузка с портала ISPRA, лицензия на странице не найдена)",природный,море,трек 6.17 км,2022-01-19; начало учёта 14:10:00 (пояс: не определён (2 гипотезы: UTC или местное CET); новый формат: медиана(Time_effective − GPS Time) = +0.00 ч по 14 строкам),"Sentinel-2 L2A, 10 м",рабочие файлы (вне git): scan/106__S2A_33TXE_20220119_0_L2A/,визуальный учёт с судна по протоколу MSFD (Modulo 2bis),12.0,категории J79:12; размеры A:9;B:3,полоса в файле не указана или вне списка 25/50 м → площадь не задана,шт. на трансекту,поштучно с GPS и временем,"S2A_33TXE_20220119_0_L2A (earth-search, baseline 3.01); 2022-01-19 09:49:33 UTC; Δt(учёт − S2), ч [мин, мед, макс]: {""dt_h_UTC"": [4.37, 4.68, 4.81], ""dt_h_local"": [3.37, 3.68, 3.81]}",0.22 м/с × |Δt| ≈ 3673 м (медиана; Sea_state (Beaufort) 1 → 0.9 м/с),не проверено по сцене (кроме № 32: тайл 32TQQ не в MARIDA/MADOS),,D,нет,правило освещённости: детектор не оценивается (низкое солнце/тёмная вода),±500 м: 2; ±50 м: 0,ISPRA-чётные,,,,,,106,S2A_33TXE_20220119_0_L2A,earth-search,accept,,False,2.0,0.0,2.0,10.15,14.21,0.14,544.3,0.0,0.0,"{""dt_h_UTC"": [4.37, 4.68, 4.81], ""dt_h_local"": [3.37, 3.68, 3.81]}",не определён (2 гипотезы: UTC или местное CET); новый формат: медиана(Time_effective − GPS Time) = +0.00 ч по 14 строкам,3673.0,0.0,,0.0,5.0
ISPRA-even-108-1CA03_S005_LitB-2022-02-11,"ISPRA, портал Strategia Marina, «Dati monitoraggio 2018–2023», Modulo 2bis (плавающий макромусор, визуальный учёт с судна): http://www.db-strategiamarina.isprambiente.it/app/#/datiMonitoraggio20182023 ; файл Mod_2bis_PU_0122, трансекта 1CA03_S005_LitB","не проверено (открытая загрузка с портала ISPRA, лицензия на странице не найдена)",природный,море,трек 7.41 км,2022-02-11; начало учёта 14:06:00 (пояс: не определён (2 гипотезы: UTC или местное CET); новый формат: медиана(Time_effective − GPS Time) = +0.00 ч по 8 строкам),"Sentinel-2 L2A, 10 м",рабочие файлы (вне git): scan/108__S2A_MSIL2A_20220211T095131_R079_T33TWG_20220221T192817/,визуальный учёт с судна по протоколу MSFD (Modulo 2bis),6.0,категории J79:5;J156:1; размеры B:4;C:2,полоса в файле не указана или вне списка 25/50 м → площадь не задана,шт. на трансекту,поштучно с GPS и временем,"S2A_MSIL2A_20220211T095131_R079_T33TWG_20220221T192817 (planetary-computer, baseline 4.0); 2022-02-11 09:51:31 UTC; Δt(учёт − S2), ч [мин, мед, макс]: {""dt_h_UTC"": [5.84, 5.86, 5.87], ""dt_h_local"": [4.84, 4.86, 4.87]}",0.22 м/с × |Δt| ≈ 4599 м (медиана; Sea_state (Beaufort) 1 → 0.9 м/с),не проверено по сцене (кроме № 32: тайл 32TQQ не в MARIDA/MADOS),,D,нет,правило освещённости: детектор не оценивается (низкое солнце/тёмная вода),±500 м: 0; ±50 м: 0,ISPRA-чётные,,,,,,108,S2A_MSIL2A_20220211T095131_R079_T33TWG_20220221T192817,planetary-computer,accept,,False,0.0,0.0,0.0,,,1.74,,0.0,0.0,"{""dt_h_UTC"": [5.84, 5.86, 5.87], ""dt_h_local"": [4.84, 4.86, 4.87]}",не определён (2 гипотезы: UTC или местное CET); новый формат: медиана(Time_effective − GPS Time) = +0.00 ч по 8 строкам,4599.0,0.0,,0.0,5.0
ISPRA-even-110-SMR_CFO_WA1_S0304_LitB-2022-03-04,"ISPRA, портал Strategia Marina, «Dati monitoraggio 2018–2023», Modulo 2bis (плавающий макромусор, визуальный учёт с судна): http://www.db-strategiamarina.isprambiente.it/app/#/datiMonitoraggio20182023 ; файл 2022_03_Modulo2bis_Toscana, трансекта SMR_CFO_WA1_S0304_LitB","не проверено (открытая загрузка с портала ISPRA, лицензия на странице не найдена)",природный,море,трек 12.19 км,2022-03-04; начало учёта 11:00:00 (пояс: не определён (2 гипотезы: UTC или местное CET); новый формат: медиана(Time_effective − GPS Time) = +0.00 ч по 7 строкам),"Sentinel-2 L2A, 10 м",рабочие файлы (вне git): scan/110__S2B_MSIL2A_20220304T101019_R022_T32TPN_20240523T205522/,визуальный учёт с судна по протоколу MSFD (Modulo 2bis),5.0,категории J36:4;J239:1; размеры B:3;C:2,полоса в файле не указана или вне списка 25/50 м → площадь не задана,шт. на трансекту,поштучно с GPS и временем,"S2B_MSIL2A_20220304T101019_R022_T32TPN_20240523T205522 (planetary-computer, baseline 5.1); 2022-03-04 10:10:19 UTC; Δt(учёт − S2), ч [мин, мед, макс]: {""dt_h_UTC"": [0.99, 1.24, 1.33], ""dt_h_local"": [-0.01, 0.24, 0.33]}",0.2 м/с × |Δt| ≈ 893 м (медиана; Sea_state (Beaufort) 0 → 0.0 м/с),не проверено по сцене (кроме № 32: тайл 32TQQ не в MARIDA/MADOS),,D,нет,маски: облака в полосе,±500 м: 0; ±50 м: 0,ISPRA-чётные,,,,,,110,S2B_MSIL2A_20220304T101019_R022_T32TPN_20240523T205522,planetary-computer,reject,cloud,True,0.0,0.0,0.0,,,,,0.0,0.0,"{""dt_h_UTC"": [0.99, 1.24, 1.33], ""dt_h_local"": [-0.01, 0.24, 0.33]}",не определён (2 гипотезы: UTC или местное CET); новый формат: медиана(Time_effective − GPS Time) = +0.00 ч по 7 строкам,893.0,0.0,,0.0,5.0
ISPRA-even-112-2017_S006_LitA-2022-03-24,"ISPRA, портал Strategia Marina, «Dati monitoraggio 2018–2023», Modulo 2bis (плавающий макромусор, визуальный учёт с судна): http://www.db-strategiamarina.isprambiente.it/app/#/datiMonitoraggio20182023 ; файл mod_2Bis_ER_0322, трансекта 2017_S006_LitA","не проверено (открытая загрузка с портала ISPRA, лицензия на странице не найдена)",природный,море,трек 9.29 км,2022-03-24; начало учёта 10:32:00 (пояс: не определён (2 гипотезы: UTC или местное CET); новый формат: медиана(Time_effective − GPS Time) = +0.00 ч по 7 строкам),"Sentinel-2 L2A, 10 м",рабочие файлы (вне git): scan/112__S2B_MSIL2A_20220324T100649_R022_T33TUK_20220325T012426/,визуальный учёт с судна по протоколу MSFD (Modulo 2bis),5.0,категории J36:1;J95:1;J45:1;J87:1;J79:1; размеры B:1;C:1;D:2;G:1,полоса в файле не указана или вне списка 25/50 м → площадь не задана,шт. на трансекту,поштучно с GPS и временем,"S2B_MSIL2A_20220324T100649_R022_T33TUK_20220325T012426 (planetary-computer, baseline 4.0); 2022-03-24 10:06:49 UTC; Δt(учёт − S2), ч [мин, мед, макс]: {""dt_h_UTC"": [0.79, 1.19, 1.22], ""dt_h_local"": [-0.21, 0.19, 0.22]}",0.3 м/с × |Δt| ≈ 1285 м (медиана; ветер не указан → 5 м/с),не проверено по сцене (кроме № 32: тайл 32TQQ не в MARIDA/MADOS),,C,нет (C не становится меткой),"маски приняты, сигнала у трека нет (кластер ≥ 3 пикс. с z FDI ≥ 3 отсутствует) — пара без сигнала, пригодна для проверки воздержания",±500 м: 0; ±50 м: 0,ISPRA-чётные,,,,,,112,S2B_MSIL2A_20220324T100649_R022_T33TUK_20220325T012426,planetary-computer,accept,,True,0.0,0.0,0.0,,,1.18,1939.4,0.0,0.0,"{""dt_h_UTC"": [0.79, 1.19, 1.22], ""dt_h_local"": [-0.21, 0.19, 0.22]}",не определён (2 гипотезы: UTC или местное CET); новый формат: медиана(Time_effective − GPS Time) = +0.00 ч по 7 строкам,1285.0,0.0,,0.0,
