id,N,дата_UTC,сцена_product_id_dt,класс,площадь_A,первоисточник_URL_DOI,следующий_шаг
ISPRA-1CA02M-2018-04-23,13,2018-04-23,S2A_33TWG_20180423_0_L2A,D,46.4,"ISPRA MSFD Modulo 2bis, файл mod_2Bis_PU_0418, трансекта 1CA02M",land
ISPRA-even-002-1CA03M-2018-04-23,10,2018-04-23,S2A_33TWG_20180423_0_L2A,D,24.83,"ISPRA MSFD Modulo 2bis, файл mod_2Bis_PU_0418, трансекта 1CA03M",glint
"ISPRA-even-004-0073-MS00370_TR_1,5-2018-04-24",8,2018-04-24,S2B_32TNK_20180424_0_L2A,D,2.15,"ISPRA MSFD Modulo 2bis, файл 2018_4_Modulo 2bis_Sardegna, трансекта 0073-MS00370_TR_1,5",glint
"ISPRA-even-004-0073-MS00370_TR_1,5-2018-04-24",8,2018-04-24,S2B_32TNK_20180424_0_L2A,D,2.15,"ISPRA MSFD Modulo 2bis, файл ID2756_2018_4_Modulo 2bis_Sardegna, трансекта 0073-MS00370_TR_1,5",glint
ISPRA-LIM2-2018-11-14,53,2018-11-14,S2B_33SUB_20181114_1_L2A,D,13.12,"ISPRA MSFD Modulo 2bis, файл Modulo_2bis_ARPA_Sicilia_11_2018, трансекта LIM2",insufficient_coverage
ISPRA-even-006-1004-2018-11-30,13,2018-11-30,S2B_32TQQ_20181130_0_L2A,D,0.86,"ISPRA MSFD Modulo 2bis, файл mod_2Bis_ER_1118, трансекта 1004",cloud
ISPRA-304-2018-11-30,10,2018-11-30,S2B_32TQQ_20181130_0_L2A,D,1.0,"ISPRA MSFD Modulo 2bis, файл mod_2Bis_ER_1118, трансекта 304",cloud
ISPRA-even-006-1004-2018-11-30,17,2018-11-30,S2B_32TQQ_20181130_0_L2A,D,1.06,"ISPRA MSFD Modulo 2bis, файл mod_2Bis_ER_1118, трансекта 4",cloud
ISPRA-M2T4-2018-12-06,9,2018-12-06,S2A_33SWC_20181206_0_L2A,D,10.27,"ISPRA MSFD Modulo 2bis, файл Modulo_2bis_ARPA_Calabria_1812, трансекта M2T4",
ISPRA-even-010-0182-MS01070_TR06-2019-02-06,5,2019-02-06,S2A_32TML_20190206_0_L2A,D,11.16,"ISPRA MSFD Modulo 2bis, файл 2019_01_Modulo 2bis_Sardegna, трансекта 0182-MS01070_TR06",
ISPRA-M1T6-2019-02-19,9,2019-02-19,S2B_33SWD_20190219_0_L2A,D,16.92,"ISPRA MSFD Modulo 2bis, файл Modulo_2bis_ARPA_Calabria_1906, трансекта M1T6",cloud
ISPRA-even-012-M1GN12-2019-03-04,10,2019-03-04,S2B_33TVF_20190304_0_L2A,D,17.05,"ISPRA MSFD Modulo 2bis, файл 2019_03_Modulo2bis_Campania, трансекта M1GN12",cloud
ISPRA-ITA06SMLG1-2019-03-22,51,2019-03-22,S2A_33TUL_20190322_0_L2A,C,14.79,"ISPRA MSFD Modulo 2bis, файл mod_2Bis_FVG_0319, трансекта ITA06SMLG1",
ISPRA-even-014-0182-MS01070_TR06-2019-04-02,10,2019-04-02,S2B_32TML_20190402_0_L2A,D,5.55,"ISPRA MSFD Modulo 2bis, файл 2019_03_Modulo 2bis_Sardegna, трансекта 0182-MS01070_TR06",cloud
ISPRA-M1T6-2019-04-18,9,2019-04-18,S2A_33SWD_20190418_0_L2A,D,16.92,"ISPRA MSFD Modulo 2bis, файл Modulo_2bis_ARPA_Calabria_1906, трансекта M1T6",glint
ISPRA-even-016-0222-MS01380_TR06-2019-05-24,9,2019-05-24,S2A_32TMK_20190524_0_L2A,D,5.24,"ISPRA MSFD Modulo 2bis, файл 2019_05_Modulo 2bis_Sardegna, трансекта 0222-MS01380_TR06",glint
ISPRA-0222-MS01380_TR12-2019-05-24,5,2019-05-24,S2A_32TMK_20190524_0_L2A,C,11.42,"ISPRA MSFD Modulo 2bis, файл 2019_05_Modulo 2bis_Sardegna, трансекта 0222-MS01380_TR12",
ISPRA-even-018-604-2019-06-03,22,2019-06-03,S2A_32TQQ_20190603_0_L2A,D,16.52,"ISPRA MSFD Modulo 2bis, файл mod_2Bis_ER_0519, трансекта 604",glint
ISPRA-SMR_CFO_WA1-2019-06-03,19,2019-06-03,S2A_32TPN_20190603_0_L2A,D,16.8,"ISPRA MSFD Modulo 2bis, файл 2019_05_Modulo2bis_Toscana, трансекта SMR_CFO_WA1",glint
ISPRA-even-020-R14001_B2_6KM-2019-07-02,22,2019-07-02,S2B_33TVG_20190702_0_L2A,D,14.2,"ISPRA MSFD Modulo 2bis, файл mod2bis_MO_0719, трансекта R14001_B2_6KM",glint
ISPRA-M1T5-2019-07-04,29,2019-07-04,S2A_33SWC_20190704_0_L2A,D,16.65,"ISPRA MSFD Modulo 2bis, файл Modulo_2bis_ARPA_Calabria_1908, трансекта M1T5",insufficient_coverage
ISPRA-even-022-614-2019-07-05,12,2019-07-05,S2B_33TUK_20190705_0_L2A,D,13.92,"ISPRA MSFD Modulo 2bis, файл mod_2Bis_ER_0719, трансекта 614",insufficient_coverage
ISPRA-617-2019-07-05,61,2019-07-05,S2B_33TUK_20190705_0_L2A,D,13.28,"ISPRA MSFD Modulo 2bis, файл mod_2Bis_ER_0719, трансекта 617",insufficient_coverage
ISPRA-even-024-SMR_CFO_WA1-2019-07-08,15,2019-07-08,S2B_32TPN_20190708_0_L2A,D,16.79,"ISPRA MSFD Modulo 2bis, файл 2019_07_Modulo2bis_Toscana, трансекта SMR_CFO_WA1",cloud
ISPRA-COM1-2019-07-09,5,2019-07-09,S2B_33SVA_20190709_0_L2A,D,16.2,"ISPRA MSFD Modulo 2bis, файл Modulo_2bis_ARPA_Sicilia_07_2019, трансекта COM1",glint
ISPRA-even-026-SMR_COM_WA1-2019-07-18,39,2019-07-18,S2B_32TPN_20190718_0_L2A,D,16.72,"ISPRA MSFD Modulo 2bis, файл 2019_07_Modulo2bis_Toscana, трансекта SMR_COM_WA1",glint
ISPRA-even-028-M1T2-2019-07-19,5,2019-07-19,S2B_33SXD_20190719_0_L2A,D,16.72,"ISPRA MSFD Modulo 2bis, файл Modulo_2bis_ARPA_Calabria_1906, трансекта M1T2",cloud
ISPRA-even-028-M1T2-2019-07-19,5,2019-07-19,S2B_33SXD_20190719_0_L2A,D,16.72,"ISPRA MSFD Modulo 2bis, файл Modulo_2bis_ARPA_Calabria_1908, трансекта M1T2",cloud
ISPRA-0222-MS01380_TR12-2019-07-23,7,2019-07-23,S2A_32TMK_20190723_0_L2A,C,11.42,"ISPRA MSFD Modulo 2bis, файл 2019_07_Modulo 2bis_Sardegna, трансекта 0222-MS01380_TR12",
P2-ISPRA-scan-M1T6-2019-07-24,35,2019-07-24,S2A_33SWD_20190724_0_L2A,D,16.92,"ISPRA MSFD Modulo 2bis, файл Modulo_2bis_ARPA_Calabria_1908, трансекта M1T6",
ISPRA-CGM1-2019-07-30,7,2019-07-30,S2A_33SUC_20190730_0_L2A,D,16.61,"ISPRA MSFD Modulo 2bis, файл Modulo_2bis_ARPA_Sicilia_07_2019, трансекта CGM1",cloud
P2-ISPRA-ER604-2019-09-16,16,2019-09-16,S2B_32TQQ_20190916_0_L2A,"A (место-день, не калибровочная)",14.02,"ISPRA MSFD Modulo 2bis, файл mod_2Bis_ER_0919, трансекта 604",
ISPRA-IEM1-2019-09-18,11,2019-09-18,S2A_33STC_20190918_0_L2A,D,16.66,"ISPRA MSFD Modulo 2bis, файл Modulo_2bis_ARPA_Sicilia_09_2019, трансекта IEM1",glint
ISPRA-even-034-ITA06SMTS1-2019-09-23,10,2019-09-23,S2B_33TUL_20190923_0_L2A,D,16.68,"ISPRA MSFD Modulo 2bis, файл mod_2Bis_FVG_0919, трансекта ITA06SMTS1",cloud
ISPRA-0018-MS00110_TR12-2019-10-01,20,2019-10-01,S2A_32SNJ_20191001_0_L2A,C,11.17,"ISPRA MSFD Modulo 2bis, файл 2019_09_Modulo 2bis_Sardegna, трансекта 0018-MS00110_TR12",
ISPRA-even-036-PLM1-2019-10-02,32,2019-10-02,S2A_33SWA_20191002_0_L2A,C,16.67,"ISPRA MSFD Modulo 2bis, файл Modulo_2bis_ARPA_Sicilia_09_2019, трансекта PLM1",
P2-ISPRA-scan-IT_m1lt02_3-2019-10-28,38,2019-10-28,S2A_33TUF_20191028_0_L2A,D,16.61,"ISPRA MSFD Modulo 2bis, файл 2019_09_Modulo2bis_Lazio, трансекта IT_m1lt02_3",
P2-ISPRA-scan-IT_m1lt02_3-2019-10-28,38,2019-10-28,S2A_33TUF_20191028_0_L2A,D,16.61,"ISPRA MSFD Modulo 2bis, файл ID3245_2019_09_Modulo2bis_Lazio, трансекта IT_m1lt02_3",
ISPRA-R14001_B2_6KM-2019-11-29,12,2019-11-29,S2B_33TVG_20191129_0_L2A,D,14.2,"ISPRA MSFD Modulo 2bis, файл mod2bis_MO_1119, трансекта R14001_B2_6KM",cloud
ISPRA-even-040-ICM1-2019-12-16,16,2019-12-16,S2B_33SWB_20191216_0_L2A,D,16.67,"ISPRA MSFD Modulo 2bis, файл Modulo_2bis_ARPA_Sicilia_11_2019, трансекта ICM1",
ISPRA-M1FV3-2020-01-08,6,2020-01-08,S2B_33TUF_20200108_0_L2A,D,16.22,"ISPRA MSFD Modulo 2bis, файл 2020_01_Modulo2bis_Campania, трансекта M1FV3",
ISPRA-even-042-0182-MS01070_TR06-2020-01-09,5,2020-01-09,S2A_32TML_20200109_0_L2A,D,5.55,"ISPRA MSFD Modulo 2bis, файл 2020_01_Modulo 2bis_Sardegna, трансекта 0182-MS01070_TR06",
ISPRA-0182-MS01070_TR12-2020-01-09,6,2020-01-09,S2A_32TML_20200109_0_L2A,D,11.16,"ISPRA MSFD Modulo 2bis, файл 2020_01_Modulo 2bis_Sardegna, трансекта 0182-MS01070_TR12",
ISPRA-even-044-PATU_0091_Lit-2020-01-18,9,2020-01-18,,D,,"ISPRA MSFD Modulo 2bis, файл Modulo_2bis_2020_SIC_WMED_PATU, трансекта PATU_0091_Lit",
ISPRA-CBAR_0300_Lit-2020-02-16,10,2020-02-16,S2B_32TML_20200216_0_L2A,D,51.62,"ISPRA MSFD Modulo 2bis, файл Modulo_2bis_2020_SIC_WMED_CBAR, трансекта CBAR_0300_Lit",cloud
ISPRA-even-046-LIBA_0527_Lit-2020-02-23,29,2020-02-23,S2B_32TNN_20200223_0_L2A,D,46.04,"ISPRA MSFD Modulo 2bis, файл Modulo_2bis_2020_SIC_WMED_LIBA, трансекта LIBA_0527_Lit",cloud
ISPRA-2004-2020-03-09,11,2020-03-09,S2A_32TQQ_20200309_0_L2A,C,13.74,"ISPRA MSFD Modulo 2bis, файл mod_2Bis_ER_0320, трансекта 2004",
ISPRA-even-048-M1FV12-2020-05-05,12,2020-05-05,S2A_33TUF_20200505_0_L2A,D,16.22,"ISPRA MSFD Modulo 2bis, файл 2020_05_Modulo2bis_Campania, трансекта M1FV12",cloud
ISPRA-ITA06SMLG1-2020-05-18,8,2020-05-18,S2A_33TUL_20200518_0_L2A,D,14.79,"ISPRA MSFD Modulo 2bis, файл mod_2Bis_FVG_0520, трансекта ITA06SMLG1",cloud
ISPRA-even-050-R14001_B2_6KM-2020-05-22,15,2020-05-22,S2A_33TVG_20200522_0_L2A,D,14.2,"ISPRA MSFD Modulo 2bis, файл mod2bis_MO_0520, трансекта R14001_B2_6KM",glint
ISPRA-1_ABR_VA13-2020-06-04,20,2020-06-04,S2A_33TVG_20200604_0_L2A,D,16.67,"ISPRA MSFD Modulo 2bis, файл mod2Bis_ABR_0520, трансекта 1_ABR_VA13",insufficient_coverage
ISPRA-even-052-R14001_B2_6KM-2020-07-01,13,2020-07-01,S2A_33TVG_20200701_0_L2A,D,14.2,"ISPRA MSFD Modulo 2bis, файл mod2bis_MO_0720, трансекта R14001_B2_6KM",glint
ISPRA-1_ABR_GU04-2020-07-09,10,2020-07-09,S2B_33TVH_20200709_0_L2A,D,16.67,"ISPRA MSFD Modulo 2bis, файл mod2Bis_ABR_0720, трансекта 1_ABR_GU04",glint
ISPRA-even-054-2017-2020-07-09,8,2020-07-09,S2B_33TUK_20200709_0_L2A,D,13.35,"ISPRA MSFD Modulo 2bis, файл mod_2Bis_ER_0720, трансекта 2017",insufficient_coverage
ISPRA-1_ABR_VA13-2020-07-16,12,2020-07-16,S2B_33TVG_20200716_0_L2A,C,16.67,"ISPRA MSFD Modulo 2bis, файл mod2Bis_ABR_0720, трансекта 1_ABR_VA13",
ISPRA-even-056-LIBA_0531_Lit-2020-08-06,32,2020-08-06,S2A_32TNN_20200806_0_L2A,D,56.02,"ISPRA MSFD Modulo 2bis, файл Modulo_2bis_2020_SIC_WMED_LIBA, трансекта LIBA_0531_Lit",glint
ISPRA-CBAR_0303_Lita-2020-08-19,7,2020-08-19,S2A_31TGF_20200819_0_L2A,D,39.65,"ISPRA MSFD Modulo 2bis, файл Modulo_2bis_2020_SIC_WMED_CBAR, трансекта CBAR_0303_Lita",insufficient_coverage
ISPRA-even-058-NAPA_0005_Lita-2020-08-20,5,2020-08-20,S2A_33SUC_20200820_0_L2A,C,13.97,"ISPRA MSFD Modulo 2bis, файл Modulo_2bis_2020_SIC_WMED_NAPA, трансекта NAPA_0005_Lita",
ISPRA-NAPA_0005_Litb-2020-08-20,12,2020-08-20,S2A_33SUD_20200820_0_L2A,C,15.83,"ISPRA MSFD Modulo 2bis, файл Modulo_2bis_2020_SIC_WMED_NAPA, трансекта NAPA_0005_Litb",
ISPRA-even-060-NAPA_0005_Litc-2020-08-20,52,2020-08-20,S2A_33SUD_20200820_0_L2A,D,55.1,"ISPRA MSFD Modulo 2bis, файл Modulo_2bis_2020_SIC_WMED_NAPA, трансекта NAPA_0005_Litc",
ISPRA-NAPA_0005_Litd-2020-08-20,16,2020-08-20,S2A_33TUE_20200820_0_L2A,D,30.3,"ISPRA MSFD Modulo 2bis, файл Modulo_2bis_2020_SIC_WMED_NAPA, трансекта NAPA_0005_Litd",insufficient_coverage
ISPRA-even-062-LIBA_0533_Lit-2020-08-21,26,2020-08-21,S2B_32TNN_20200821_0_L2A,C,56.01,"ISPRA MSFD Modulo 2bis, файл Modulo_2bis_2020_SIC_WMED_LIBA, трансекта LIBA_0533_Lit",
ISPRA-SMR_CPI_WA1-2020-09-03,17,2020-09-03,S2B_32TNP_20200903_0_L2A,C,16.66,"ISPRA MSFD Modulo 2bis, файл 2020_09_Modulo2bis_Toscana, трансекта SMR_CPI_WA1",
ISPRA-even-064-M1FV12-2020-09-04,5,2020-09-04,S2B_33TUF_20200904_0_L2A,C,16.22,"ISPRA MSFD Modulo 2bis, файл 2020_09_Modulo2bis_Campania, трансекта M1FV12",
ISPRA-PATU_0097_Lit-2020-09-12,35,2020-09-12,S2A_33SUC_20200912_0_L2A,D,59.1,"ISPRA MSFD Modulo 2bis, файл Modulo_2bis_2020_SIC_WMED_PATU, трансекта PATU_0097_Lit",cloud
ISPRA-even-066-1_ABR_VA13-2020-09-29,11,2020-09-29,S2A_33TVG_20200929_0_L2A,C,16.67,"ISPRA MSFD Modulo 2bis, файл mod2Bis_ABR_0920, трансекта 1_ABR_VA13",
ISPRA-CBAR_0312_Litb-2020-10-30,7,2020-10-30,S2B_32TPM_20201030_0_L2A,D,7.46,"ISPRA MSFD Modulo 2bis, файл Modulo_2bis_2020_SIC_WMED_CBAR, трансекта CBAR_0312_Litb",cloud
ISPRA-even-068-M1FV12-2020-11-03,5,2020-11-03,S2B_33TUF_20201103_0_L2A,C,16.22,"ISPRA MSFD Modulo 2bis, файл 2020_11_Modulo2bis_Campania, трансекта M1FV12",
ISPRA-2017-2020-11-04,10,2020-11-04,S2A_33TUK_20201104_0_L2A,D,13.49,"ISPRA MSFD Modulo 2bis, файл mod_2Bis_ER_1120, трансекта 2017",insufficient_coverage
ISPRA-even-070-614-2020-11-04,18,2020-11-04,S2A_33TUK_20201104_0_L2A,D,13.88,"ISPRA MSFD Modulo 2bis, файл mod_2Bis_ER_1120, трансекта 614",cloud
ISPRA-8PC04_8PC03-2020-11-05,7,2020-11-05,S2A_34TBK_20201105_0_L2A,D,11.11,"ISPRA MSFD Modulo 2bis, файл mod_2Bis_PU_1120, трансекта 8PC04_8PC03",cloud
ISPRA-even-072-9PN04_9PN03-2020-11-10,24,2020-11-10,S2B_33TXE_20201110_0_L2A,D,11.11,"ISPRA MSFD Modulo 2bis, файл mod_2Bis_PU_1120, трансекта 9PN04_9PN03",
ISPRA-SMTS_S013_LitB-2021-01-13,5,2021-01-13,S2A_33TUL_20210113_0_L2A,D,5.61,"ISPRA MSFD Modulo 2bis, файл mod_2Bis_FVG_0121, трансекта SMTS_S013_LitB",
ISPRA-even-074-M1FV_S2701_LitA-2021-01-27,5,2021-01-27,S2A_33TUF_20210127_0_L2A,D,10.74,"ISPRA MSFD Modulo 2bis, файл 2021_01_Modulo2bis_Campania, трансекта M1FV_S2701_LitA",
ISPRA-VA_S002_LitA-2021-02-19,18,2021-02-19,S2A_33TVG_20210219_0_L2A,D,24.06,"ISPRA MSFD Modulo 2bis, файл mod2Bis_ABR_0221, трансекта VA_S002_LitA",cloud
ISPRA-even-076-2004_S0301_Lita-2021-03-01,6,2021-03-01,S2A_32TQQ_20210301_0_L2A,C,3.99,"ISPRA MSFD Modulo 2bis, файл mod_2Bis_ER_0321, трансекта 2004_S0301_Lita",
ISPRA-M1GN_S1103_LitA-2021-03-11,6,2021-03-11,S2A_33TVF_20210311_0_L2A,C,9.91,"ISPRA MSFD Modulo 2bis, файл 2021_03_Modulo2bis_Campania, трансекта M1GN_S1103_LitA",
ISPRA-even-078-2017_S0505_Lita-2021-05-05,10,2021-05-05,S2B_32TQQ_20210505_0_L2A,D,9.56,"ISPRA MSFD Modulo 2bis, файл mod_2Bis_ER_0521, трансекта 2017_S0505_Lita",cloud
ISPRA-M1GS_S0705_LitA-2021-05-07,5,2021-05-07,S2A_33TVE_20210507_0_L2A,D,6.07,"ISPRA MSFD Modulo 2bis, файл 2021_05_Modulo2bis_Campania, трансекта M1GS_S0705_LitA",cloud
ISPRA-even-080-SMTS_S0518_LitA-2021-05-18,18,2021-05-18,S2B_33TUL_20210518_0_L2A,C,23.66,"ISPRA MSFD Modulo 2bis, файл mod_2Bis_FVG_0521, трансекта SMTS_S0518_LitA",
ISPRA-SMTS_S0518_LitB-2021-05-18,6,2021-05-18,S2B_33TUL_20210518_0_L2A,D,5.05,"ISPRA MSFD Modulo 2bis, файл mod_2Bis_FVG_0521, трансекта SMTS_S0518_LitB",glint
ISPRA-even-082-SMR_CPI_WA1_S0531_LitA-2021-05-31,10,2021-05-31,S2B_32TNP_20210531_0_L2A,D,17.14,"ISPRA MSFD Modulo 2bis, файл 2021_05_Modulo2bis_Toscana, трансекта SMR_CPI_WA1_S0531_LitA",glint
ISPRA-4BA03_S0603_LitB-2021-06-03,16,2021-06-03,S2A_33TXF_20210603_0_L2A,D,6.44,"ISPRA MSFD Modulo 2bis, файл mod_2Bis_PU_0521, трансекта 4BA03_S0603_LitB",glint
ISPRA-even-084-4BA04_S0603_LitA-2021-06-03,12,2021-06-03,S2A_33TXF_20210603_0_L2A,D,11.33,"ISPRA MSFD Modulo 2bis, файл mod_2Bis_PU_0521, трансекта 4BA04_S0603_LitA",glint
ISPRA-SMR_CCE_WA1_S0607_LitA-2021-06-07,25,2021-06-07,S2B_32TNN_20210607_0_L2A,D,14.3,"ISPRA MSFD Modulo 2bis, файл 2021_05_Modulo2bis_Toscana, трансекта SMR_CCE_WA1_S0607_LitA",insufficient_coverage
ISPRA-even-086-M1GN_S0107_LitA-2021-07-01,5,2021-07-01,S2B_33TVF_20210701_0_L2A,D,0.64,"ISPRA MSFD Modulo 2bis, файл 2021_07_Modulo2bis_Campania, трансекта M1GN_S0107_LitA",glint
ISPRA-2017_S0707_Lita-2021-07-07,6,2021-07-07,S2B_33TUK_20210707_0_L2A,D,9.73,"ISPRA MSFD Modulo 2bis, файл mod_2Bis_ER_0721, трансекта 2017_S0707_Lita",glint
ISPRA-even-088-614_S0707_Litb-2021-07-07,5,2021-07-07,S2B_33TUK_20210707_0_L2A,D,10.0,"ISPRA MSFD Modulo 2bis, файл mod_2Bis_ER_0721, трансекта 614_S0707_Litb",glint
ISPRA-SMLG_S0712_LitB-2021-07-12,45,2021-07-12,S2A_33TUL_20210712_0_L2A,D,9.27,"ISPRA MSFD Modulo 2bis, файл mod_2Bis_FVG_0721, трансекта SMLG_S0712_LitB",glint
ISPRA-even-090-MC_2107_LitA-2021-07-26,14,2021-07-26,S2A_33TVG_20210726_0_L2A,D,14.2,"ISPRA MSFD Modulo 2bis, файл mod_2Bis_MO_0721, трансекта MC_2107_LitA",glint
ISPRA-NAPA_S006_Lita-2021-07-29,17,2021-07-29,S2A_33TVE_20210729_0_L2A,D,44.69,"ISPRA MSFD Modulo 2bis, файл Modulo_2bis_SIC_NAPA_2021_0006-0012_20211220, трансекта NAPA_S006_Lita",glint
ISPRA-even-092-NAPA_S006_Litb-2021-07-29,39,2021-07-29,S2A_33SUD_20210729_0_L2A,D,43.39,"ISPRA MSFD Modulo 2bis, файл Modulo_2bis_SIC_NAPA_2021_0006-0012_20211220, трансекта NAPA_S006_Litb",glint
ISPRA-NAPA_S009_Lita-2021-08-13,46,2021-08-13,S2B_33TVE_20210813_0_L2A,D,54.99,"ISPRA MSFD Modulo 2bis, файл Modulo_2bis_SIC_NAPA_2021_0006-0012_20211220, трансекта NAPA_S009_Lita",glint
ISPRA-even-094-NAPA_S012_Lita-2021-08-25,19,2021-08-25,S2A_33TVE_20210825_0_L2A,C,36.73,"ISPRA MSFD Modulo 2bis, файл Modulo_2bis_SIC_NAPA_2021_0006-0012_20211220, трансекта NAPA_S012_Lita",
ISPRA-SMTS_S0915_LitA-2021-09-15,6,2021-09-15,S2B_33TUL_20210915_0_L2A,D,9.44,"ISPRA MSFD Modulo 2bis, файл mod_2Bis_FVG_0921, трансекта SMTS_S0915_LitA",glint
ISPRA-even-096-SMTS_S0915_LitB-2021-09-15,10,2021-09-15,S2B_33TUL_20210915_0_L2A,D,1.77,"ISPRA MSFD Modulo 2bis, файл mod_2Bis_FVG_0921, трансекта SMTS_S0915_LitB",glint
ISPRA-SMTS_S0915_LitC-2021-09-15,10,2021-09-15,S2B_33TUL_20210915_0_L2A,D,5.67,"ISPRA MSFD Modulo 2bis, файл mod_2Bis_FVG_0921, трансекта SMTS_S0915_LitC",glint
ISPRA-even-098-MC_2109_LitA-2021-09-24,12,2021-09-24,S2A_33TVG_20210924_0_L2A,D,14.2,"ISPRA MSFD Modulo 2bis, файл mod_2Bis_MO_0921, трансекта MC_2109_LitA",nodata(valid_water<min)
ISPRA-SMTS_S1111_LitA-2021-11-11,52,2021-11-11,S2B_33TUL_20211111_0_L2A,D,10.97,"ISPRA MSFD Modulo 2bis, файл mod_2Bis_FVG_1121, трансекта SMTS_S1111_LitA",
ISPRA-even-100-SMTS_S1111_LitB-2021-11-11,7,2021-11-11,S2B_33TUL_20211111_0_L2A,D,5.04,"ISPRA MSFD Modulo 2bis, файл mod_2Bis_FVG_1121, трансекта SMTS_S1111_LitB",
ISPRA-VA_S002_LitA-2021-12-01,10,2021-12-01,S2B_33TVG_20211201_0_L2A,D,10.49,"ISPRA MSFD Modulo 2bis, файл mod2Bis_ABR_1121, трансекта VA_S002_LitA",
ISPRA-even-102-VA_S002_LitB-2021-12-01,8,2021-12-01,S2B_33TVG_20211201_0_L2A,D,6.07,"ISPRA MSFD Modulo 2bis, файл mod2Bis_ABR_1121, трансекта VA_S002_LitB",
ISPRA-MC_2112_LitA-2021-12-23,12,2021-12-23,S2A_33TVG_20211223_0_L2A,D,14.2,"ISPRA MSFD Modulo 2bis, файл mod_2Bis_MO_1221, трансекта MC_2112_LitA",cloud
ISPRA-even-104-SMR_CPI_WA1_S0111_LitA-2022-01-11,6,2022-01-11,S2A_32TNP_20220111_0_L2A,D,4.47,"ISPRA MSFD Modulo 2bis, файл 2022_01_Modulo2bis_Toscana, трансекта SMR_CPI_WA1_S0111_LitA",
ISPRA-SMR_CPI_WA1_S0111_LitB-2022-01-11,7,2022-01-11,S2A_32TNP_20220111_0_L2A,D,11.31,"ISPRA MSFD Modulo 2bis, файл 2022_01_Modulo2bis_Toscana, трансекта SMR_CPI_WA1_S0111_LitB",
ISPRA-even-106-9PN03_S001_LitB-2022-01-19,12,2022-01-19,S2A_33TXE_20220119_0_L2A,D,6.17,"ISPRA MSFD Modulo 2bis, файл Mod_2bis_PU_0122, трансекта 9PN03_S001_LitB",
ISPRA-9PN04_S001_LitA-2022-01-19,71,2022-01-19,S2A_33TXE_20220119_0_L2A,D,12.69,"ISPRA MSFD Modulo 2bis, файл Mod_2bis_PU_0122, трансекта 9PN04_S001_LitA",
ISPRA-even-108-1CA03_S005_LitB-2022-02-11,6,2022-02-11,S2A_33TWG_20220211_0_L2A,D,7.41,"ISPRA MSFD Modulo 2bis, файл Mod_2bis_PU_0122, трансекта 1CA03_S005_LitB",
ISPRA-1CA04_S005_LitA-2022-02-11,18,2022-02-11,S2A_33TWG_20220211_0_L2A,D,11.75,"ISPRA MSFD Modulo 2bis, файл Mod_2bis_PU_0122, трансекта 1CA04_S005_LitA",
ISPRA-even-110-SMR_CFO_WA1_S0304_LitB-2022-03-04,5,2022-03-04,S2B_32TPN_20220304_0_L2A,D,12.19,"ISPRA MSFD Modulo 2bis, файл 2022_03_Modulo2bis_Toscana, трансекта SMR_CFO_WA1_S0304_LitB",cloud
ISPRA-SMTS_S004_LitA-2022-03-09,7,2022-03-09,S2A_33TUL_20220309_0_L2A,C,7.63,"ISPRA MSFD Modulo 2bis, файл mod_2Bis_FVG_0322, трансекта SMTS_S004_LitA",
ISPRA-even-112-2017_S006_LitA-2022-03-24,5,2022-03-24,S2B_33TUK_20220324_0_L2A,C,9.29,"ISPRA MSFD Modulo 2bis, файл mod_2Bis_ER_0322, трансекта 2017_S006_LitA",
ISPRA-614_S005_LitB-2022-03-24,6,2022-03-24,S2B_33TUK_20220324_0_L2A,C,9.58,"ISPRA MSFD Modulo 2bis, файл mod_2Bis_ER_0322, трансекта 614_S005_LitB",
ISPRA-8PC03_S009_LitB-2022-03-25,47,2022-03-25,S2B_34TBK_20220325_0_L2A,C,50.31,"ISPRA MSFD Modulo 2bis, файл Mod_2Bis_PU_0322, трансекта 8PC03_S009_LitB",
ISPRA-8PC04_S009_LitA-2022-03-25,80,2022-03-25,S2B_34TBK_20220325_0_L2A,C,11.12,"ISPRA MSFD Modulo 2bis, файл Mod_2Bis_PU_0322, трансекта 8PC04_S009_LitA",
ISPRA-9PN03_S009_LitB-2022-03-25,10,2022-03-25,S2B_33TXE_20220325_0_L2A,C,3.43,"ISPRA MSFD Modulo 2bis, файл Mod_2Bis_PU_0322, трансекта 9PN03_S009_LitB",
ISPRA-9PN04_S009_LitA-2022-03-25,65,2022-03-25,S2B_33TXE_20220325_0_L2A,C,12.2,"ISPRA MSFD Modulo 2bis, файл Mod_2Bis_PU_0322, трансекта 9PN04_S009_LitA",
ISPRA-MC_2203_LitA-2022-04-22,6,2022-04-22,S2A_33TVG_20220422_0_L2A,D,14.31,"ISPRA MSFD Modulo 2bis, файл mod_2Bis_MO_0322, трансекта MC_2203_LitA",cloud
ISPRA-2017_S009_LitA-2022-05-03,9,2022-05-03,S2B_33TUK_20220503_0_L2A,D,9.27,"ISPRA MSFD Modulo 2bis, файл mod_2Bis_ER_0522, трансекта 2017_S009_LitA",glint
ISPRA-614_S008_LitB-2022-05-03,6,2022-05-03,S2B_33TUK_20220503_0_L2A,D,9.7,"ISPRA MSFD Modulo 2bis, файл mod_2Bis_ER_0522, трансекта 614_S008_LitB",glint
ISPRA-1CA02bis_S012_LitA-2022-05-12,5,2022-05-12,S2A_33TWG_20220512_0_L2A,C,9.84,"ISPRA MSFD Modulo 2bis, файл mod_2bis_PU_0522, трансекта 1CA02bis_S012_LitA",
ISPRA-1CA03_S012_LitB-2022-05-12,7,2022-05-12,S2A_33TWG_20220512_0_L2A,D,11.63,"ISPRA MSFD Modulo 2bis, файл mod_2bis_PU_0522, трансекта 1CA03_S012_LitB",cloud
ISPRA-SMR_COM_WA1_S0518_LitA-2022-05-18,9,2022-05-18,S2A_32TPN_20220518_0_L2A,D,11.44,"ISPRA MSFD Modulo 2bis, файл 2022_05_Modulo2bis_Toscana, трансекта SMR_COM_WA1_S0518_LitA",glint
ISPRA-VA_S002_LitA-2022-06-24,7,2022-06-24,S2A_33TVG_20220624_0_L2A,D,11.18,"ISPRA MSFD Modulo 2bis, файл mod2Bis_ABR_0522, трансекта VA_S002_LitA",cloud
ISPRA-2017_S012_LitA-2022-07-04,10,2022-07-04,S2A_33TUJ_20220704_0_L2A,D,9.42,"ISPRA MSFD Modulo 2bis, файл mod_2Bis_ER_0722, трансекта 2017_S012_LitA",cloud
ISPRA-VAD030_S0507_LitA-2022-07-05,6,2022-07-05,S2B_32TMP_20220705_0_L2A,D,14.0,"ISPRA MSFD Modulo 2bis, файл 2022_04_Modulo2bis_Liguria, трансекта VAD030_S0507_LitA",glint
ISPRA-VOL030_S0223_LitA-2022-07-05,5,2022-07-05,S2B_32TMQ_20220705_0_L2A,D,10.55,"ISPRA MSFD Modulo 2bis, файл 2022_04_Modulo2bis_Liguria, трансекта VOL030_S0223_LitA",glint
ISPRA-SMR_CPI_WA1_S0913_LitA-2022-09-13,6,2022-09-13,S2B_32TNP_20220913_0_L2A,C,18.49,"ISPRA MSFD Modulo 2bis, файл 2022_09_Modulo2bis_Toscana, трансекта SMR_CPI_WA1_S0913_LitA",
ISPRA-M1GN_S1409_LitB-2022-09-14,5,2022-09-14,S2B_33TVF_20220914_0_L2A,C,3.35,"ISPRA MSFD Modulo 2bis, файл 2022_09_Modulo2bis_Campania, трансекта M1GN_S1409_LitB",
ISPRA-SMTS_S010_LitA-2022-09-20,7,2022-09-20,S2B_33TUL_20220920_0_L2A,C,8.82,"ISPRA MSFD Modulo 2bis, файл mod_2Bis_FVG_0922, трансекта SMTS_S010_LitA",
ISPRA-SMTS_S010_LitB-2022-09-20,36,2022-09-20,S2B_33TUL_20220920_0_L2A,C,1.98,"ISPRA MSFD Modulo 2bis, файл mod_2Bis_FVG_0922, трансекта SMTS_S010_LitB",
ISPRA-VA_S002_LitB-2022-09-27,7,2022-09-27,S2B_33TVG_20220927_0_L2A,C,1.99,"ISPRA MSFD Modulo 2bis, файл mod2Bis_ABR_0922, трансекта VA_S002_LitB",
ISPRA-M1FV_S0311_LitA-2022-11-03,9,2022-11-03,S2B_33TUF_20221103_0_L2A,D,15.51,"ISPRA MSFD Modulo 2bis, файл 2022_11_Modulo2bis_Campania, трансекта M1FV_S0311_LitA",glint
ISPRA-M1GS_S0811_LITB-2022-11-08,5,2022-11-08,S2A_33TVE_20221108_0_L2A,C,3.5,"ISPRA MSFD Modulo 2bis, файл 2022_11_Modulo2bis_Campania, трансекта M1GS_S0811_LITB",
ISPRA-2VI04_S027_LitA-2022-11-10,7,2022-11-10,S2B_33TXG_20221110_0_L2A,D,6.08,"ISPRA MSFD Modulo 2bis, файл Mod_2Bis_PU_1122, трансекта 2VI04_S027_LitA",cloud
ISPRA-8PC03_S027_LitB-2022-11-10,6,2022-11-10,S2B_34TBK_20221110_0_L2A,D,6.06,"ISPRA MSFD Modulo 2bis, файл Mod_2Bis_PU_1122, трансекта 8PC03_S027_LitB",cloud
ISPRA-8PC04_S027_LitA-2022-11-10,5,2022-11-10,S2B_34TBK_20221110_0_L2A,D,2.31,"ISPRA MSFD Modulo 2bis, файл Mod_2Bis_PU_1122, трансекта 8PC04_S027_LitA",cloud
ISPRA-7UG03_S030_LitB-2022-11-15,6,2022-11-15,S2A_33TYE_20221115_0_L2A,D,4.76,"ISPRA MSFD Modulo 2bis, файл Mod_2Bis_PU_1122, трансекта 7UG03_S030_LitB",glint
ISPRA-7UG04_S030_LitA-2022-11-15,35,2022-11-15,S2A_33TYE_20221115_0_L2A,D,16.3,"ISPRA MSFD Modulo 2bis, файл Mod_2Bis_PU_1122, трансекта 7UG04_S030_LitA",glint
ISPRA-6CE03_S031_LitA-2022-11-17,9,2022-11-17,S2B_33TYE_20221117_0_L2A,D,4.01,"ISPRA MSFD Modulo 2bis, файл Mod_2Bis_PU_1122, трансекта 6CE03_S031_LitA",cloud
ISPRA-6CE04_S031_LitB-2022-11-17,15,2022-11-17,S2B_33TYE_20221117_0_L2A,D,4.28,"ISPRA MSFD Modulo 2bis, файл Mod_2Bis_PU_1122, трансекта 6CE04_S031_LitB",cloud
ISPRA-SMR_COM_WA1_S1219_LitB-2022-12-19,22,2022-12-19,S2B_32TPN_20221219_0_L2A,D,11.21,"ISPRA MSFD Modulo 2bis, файл 2022_11_Modulo2bis_Toscana, трансекта SMR_COM_WA1_S1219_LitB",cloud
ISPRA-3FO03_S001_LitB-2023-02-01,20,2023-02-01,S2B_33TWF_20230201_0_L2A,D,12.65,"ISPRA MSFD Modulo 2bis, файл Mod_2Bis_PU_0123, трансекта 3FO03_S001_LitB",insufficient_coverage
ISPRA-1CA03_S004_LitB-2023-02-16,14,2023-02-16,S2A_33TWG_20230216_0_L2A,C,12.97,"ISPRA MSFD Modulo 2bis, файл Mod_2Bis_PU_0123, трансекта 1CA03_S004_LitB",
ISPRA-1CA04_S004_LitA-2023-02-16,16,2023-02-16,S2A_33TWG_20230216_0_L2A,D,12.48,"ISPRA MSFD Modulo 2bis, файл Mod_2Bis_PU_0123, трансекта 1CA04_S004_LitA",cloud
ISPRA-VA_S002_LitA-2023-02-16,10,2023-02-16,S2A_33TVG_20230216_0_L2A,C,10.55,"ISPRA MSFD Modulo 2bis, файл mod2Bis_ABR_0123, трансекта VA_S002_LitA",
ISPRA-3FO04_S007_LitA-2023-03-08,13,2023-03-08,S2A_33TWG_20230308_0_L2A,D,32.33,"ISPRA MSFD Modulo 2bis, файл Mod_2Bis_PU_0323, трансекта 3FO04_S007_LitA",insufficient_coverage
ISPRA-8PC03_S008_LitB-2023-03-20,6,2023-03-20,S2B_34TBK_20230320_0_L2A,D,5.78,"ISPRA MSFD Modulo 2bis, файл Mod_2Bis_PU_0323, трансекта 8PC03_S008_LitB",cloud
ISPRA-8PC04_S008_LitA-2023-03-20,18,2023-03-20,S2B_34TBK_20230320_0_L2A,D,11.28,"ISPRA MSFD Modulo 2bis, файл Mod_2Bis_PU_0323, трансекта 8PC04_S008_LitA",cloud
ISPRA-SMR_CPI_WA1_S0403_LitA-2023-04-03,9,2023-04-03,S2A_32TNP_20230403_0_L2A,C,12.16,"ISPRA MSFD Modulo 2bis, файл 2023_03_Modulo2bis_Toscana, трансекта SMR_CPI_WA1_S0403_LitA",
ISPRA-MES030_S0418_LitA-2023-04-18,7,2023-04-18,S2B_32TNP_20230418_0_L2A,C,16.42,"ISPRA MSFD Modulo 2bis, файл 2023_02_Modulo2bis_Liguria, трансекта MES030_S0418_LitA",
ISPRA-SMR_CPI_WA1_S0805_LitB-2023-05-08,19,2023-05-08,S2B_32TNP_20230508_0_L2A,D,9.84,"ISPRA MSFD Modulo 2bis, файл 2023_05_Modulo2bis_Toscana, трансекта SMR_CPI_WA1_S0805_LitB",cloud
ISPRA-1CA03_S013_LitB-2023-05-22,6,2023-05-22,S2B_33TWG_20230522_0_L2A,D,8.83,"ISPRA MSFD Modulo 2bis, файл Mod_2Bis_PU_0523, трансекта 1CA03_S013_LitB",glint
ISPRA-SMR_CCE_WA1_S2305_LitA-2023-05-23,5,2023-05-23,S2A_32TPN_20230523_0_L2A,C,6.23,"ISPRA MSFD Modulo 2bis, файл 2023_05_Modulo2bis_Toscana, трансекта SMR_CCE_WA1_S2305_LitA",
ISPRA-6CB03_S015_LitB-2023-05-24,13,2023-05-24,S2A_34TBL_20230524_0_L2A,D,5.27,"ISPRA MSFD Modulo 2bis, файл Mod_2Bis_PU_0523, трансекта 6CB03_S015_LitB",glint
ISPRA-6CB04_S015_LitA-2023-05-24,45,2023-05-24,S2A_34TBL_20230524_0_L2A,D,12.53,"ISPRA MSFD Modulo 2bis, файл Mod_2Bis_PU_0523, трансекта 6CB04_S015_LitA",glint
ISPRA-GU_S001_LitA-2023-06-06,5,2023-06-06,S2A_33TVH_20230606_0_L2A,D,11.83,"ISPRA MSFD Modulo 2bis, файл mod2Bis_ABR_0523, трансекта GU_S001_LitA",cloud
ISPRA-SMR_CPI_WA1_S1007_LitA-2023-07-10,9,2023-07-10,S2B_32TNP_20230710_0_L2A,D,5.68,"ISPRA MSFD Modulo 2bis, файл 2023_07_Modulo2bis_Toscana, трансекта SMR_CPI_WA1_S1007_LitA",glint
ISPRA-SMR_CPI_WA1_S1007_LitB-2023-07-10,38,2023-07-10,S2B_32TNP_20230710_0_L2A,C,26.04,"ISPRA MSFD Modulo 2bis, файл 2023_07_Modulo2bis_Toscana, трансекта SMR_CPI_WA1_S1007_LitB",
ISPRA-4BA02bis_S018_LitA-2023-07-11,11,2023-07-11,S2B_33TXF_20230711_0_L2A,D,17.1,"ISPRA MSFD Modulo 2bis, файл Mod_2Bis_PU_0723, трансекта 4BA02bis_S018_LitA",glint
ISPRA-SMR_COM_WA1_S1707_LitA-2023-07-17,26,2023-07-17,S2B_32TPN_20230717_0_L2A,D,6.32,"ISPRA MSFD Modulo 2bis, файл 2023_07_Modulo2bis_Toscana, трансекта SMR_COM_WA1_S1707_LitA",glint
ISPRA-SMR_COM_WA1_S1707_LitB-2023-07-17,21,2023-07-17,S2B_32TPN_20230717_0_L2A,D,12.28,"ISPRA MSFD Modulo 2bis, файл 2023_07_Modulo2bis_Toscana, трансекта SMR_COM_WA1_S1707_LitB",glint
ISPRA-614_S014_LitB-2023-09-12,9,2023-09-12,S2B_32TQQ_20230912_0_L2A,C,9.54,"ISPRA MSFD Modulo 2bis, файл mod_2Bis_ER_0923, трансекта 614_S014_LitB",
ISPRA-1CA03_S024_LitB-2023-10-04,19,2023-10-04,S2A_33TWG_20231004_0_L2A,D,2.35,"ISPRA MSFD Modulo 2bis, файл Mod_2Bis_PU_0923, трансекта 1CA03_S024_LitB",land
ISPRA-6CB04_S028_LitA-2023-11-30,7,2023-11-30,S2A_34TBL_20231130_0_L2A,D,10.76,"ISPRA MSFD Modulo 2bis, файл Mod_2Bis_PU_1123, трансекта 6CB04_S028_LitA",cloud
ISPRA-8PC03_S027_LitB-2023-12-20,6,2023-12-20,S2A_34TBK_20231220_0_L2A,D,7.13,"ISPRA MSFD Modulo 2bis, файл Mod_2Bis_PU_1123, трансекта 8PC03_S027_LitB",
ISPRA-8PC04_S027_LitA-2023-12-20,12,2023-12-20,S2A_34TBK_20231220_0_L2A,D,10.7,"ISPRA MSFD Modulo 2bis, файл Mod_2Bis_PU_1123, трансекта 8PC04_S027_LitA",cloud
