id,первоисточник_URL_DOI,лицензия,природный_искусственный,море_река_берег,lat_lon_контур,дата_UTC,платформа_GSD,ссылка_на_кадр,полевой_метод,N,материал_мин_размер,площадь_A,единицы,полнота_разметки,сцена_product_id_dt,дрейф_радиус,независимость_train_test,визуальное_подтверждение,класс,можно_нельзя_обучать,следующий_шаг,пиксели_детектора_на_месте_счёта
P2-ISPRA-ER604-2019-09-16,"ISPRA, портал Strategia Marina, «Dati monitoraggio 2018–2023», Modulo 2bis (плавающий макромусор, визуальный учёт с судна): http://www.db-strategiamarina.isprambiente.it/app/#/datiMonitoraggio20182023 ; архив files/datiMonitoraggio2018_2023/Modulo_2bis_Adriatico_2018-2023.zip → mod_2Bis_ER_0919.xls (ARPAE Emilia-Romagna), станция 604 «Porto Garibaldi a 6 km dalla costa»; окна: Cózar/Arias et al. 2024, Zenodo 10.5281/zenodo.11045944, fil_idx 11489, 11490, 11488","не проверено (открытая загрузка с портала ISPRA, лицензия на странице не найдена); окна Cózar — CC BY 4.0",природный,"море (шельф, С Адриатика, 6 км от берега у Порто-Гарибальди)","трансекта 44.65419 N 12.32386 E → 44.63967 N 12.49936 E (14.0 км); 16 предметов с координатами; окно 11489 bbox 12.400–12.424 E × 44.626–44.664 N (4.4 км, 119 пикс.), 11490 bbox 12.466–12.472 E (27 пикс.)","2019-09-16; трансекта: начало 12:05:49 (время в файле; часовой пояс не указан — если CEST, 10:06 UTC); S2B 10:18:24 UTC","Sentinel-2B L2A, 10 м","docs/research/pairs/img/ispra_er604_20190916.png (панель RGB | детектор, трек, предметы, рамки окон); вырезки out/l128/ispra_v0/604__S2B_32TQQ_20190916_0_L2A/ и увеличение out/l128/er604_item0.png (вне git)","визуальный учёт с судна по протоколу MSFD (Modulo 2bis), скорость 5 уз, море 1 балл, ветер 1 балл","16 предметов на трансекте; внутри рамки окна 11489 — 2 (пакет D в ~150 м от правой нити, фрагмент B в 85 м от пикселей детектора на левой нити); в 54 м от рамки окна 11490 — 2 фрагмента B; ≤ 500 м от окон — 10","полимеры 15 (фрагменты «altro» B 2.5–5 см ×11, C ×1, пакет D 10–20 см, ящик пенополистирол F 30–50 см), бумага/тетрапак D ×1; классы размера A ≤ 2.5 см … X > 200 см","длина 14.02 км × полоса 5 м (протокол SNPA 2024, Modulo 2bis: судно 2.5 м над водой, 4–6 уз → полоса ≤ 5 м; в файле 2019 г. ширина не записана) → 0.070 км²",шт. на трансекту → 16 / 0.070 км² ≈ 230 шт./км² (≥ 2.5 см) при полосе 5 м,поштучно с GPS каждого предмета; времени у предметов нет (только начало трансекты),"S2B_32TQQ_20190916_0_L2A (Earth Search, исходная обработка _0; _1 — только для сравнения) = съёмка окон Cózar S2B_MSIL1C_20190916T101029_N0208_R022_T32TQQ; Δt по предметам у окон ≈ +0.5 ч (если время CEST) или ≈ +2.5 ч (если UTC); маски: accept, пригодная вода 0.9999",0.1–0.2 м/с × 0.5–2.5 ч = 0.2–1.8 км (допущение; течения не считались); окна вытянуты С–Ю поперёк трека,тайл 32TQQ не в MARIDA/MADOS; сцена не в обучении weights/lgbm (ours_same_scene пусто); окна Cózar в обучение детектора не вошли (детектор v2 на них не принят),"да: окна Cózar 11489/11490 (ручная проверка 6 операторов) пересекают трансекту; глазами — две слабые нити С–Ю у западных предметов (er604_item0.png); детектор на _0: 36 пикс. в зоне ±500 м, 3 в ±50 м","A (природная пара по месту и дню, как ADIS-A; не калибровочная; полоса в файле 2019 г. не записана, протокол 2024 — ≤ 5 м; часовой пояс не указан)","[нет | да (длина × полоса ≤ 5 м по протоколу) | да | да, по месту и дню] калибровать нельзя: ни один из 16 предметов не ближе 50 м к пикселю детектора, ближайший 85 м; их суммарная площадь ~10⁻⁵ площади полосы — сигнал нити дают не посчитанные предметы",подтвердить у ARPAE полосу 2019 г. и часовой пояс «Time» (текст письма — INBOX_REQUESTS.md); снять полную маску окна из Zenodo 11045944; все 167 трансект с S2 того же дня — docs/research/pairs/ispra_levels.csv,зона ±500 м вдоль 14 км: 36 пикс. (8 объектов); узкая ±50 м: 3 пикс.; окна Cózar в 3 км: 3 (183 пикс.); предметов ≤ 50 м от пикселя детектора: 0 (ближайший 85 м) — на _0
P2-ISPRA-FVG-SMTS-2021-05-18,"ISPRA, портал Strategia Marina, «Dati monitoraggio 2018–2023», Modulo 2bis (плавающий макромусор, визуальный учёт с судна): http://www.db-strategiamarina.isprambiente.it/app/#/datiMonitoraggio20182023 ; архив файл mod_2Bis_FVG_0521.xls, трансекта SMTS_S0518_LitA","не проверено (открытая загрузка с портала ISPRA, лицензия на странице не найдена)",природный,море (шельф),трек 45.6491 N 13.3308 E → 45.6364 N 13.6208 E (23.66 км),"учёт 2021-05-18 (начало 10:25:00, пояс не указан); S2 2021-05-18T10:18:06 UTC","Sentinel-2 L2A, 10 м",out/l128/ispra_v0/SMTS_S0518_LitA__S2B_33TUL_20210518_0_L2A/ (вне git),визуальный учёт с судна (MSFD Modulo 2bis),18 предметов; ≤ 500 м от окна Cózar: 0,категории G67:7;G76:7;G38:1;G25:1;G2:1;G14:1; размеры B:3;C:8;D:3;E:2;F:2,длина 23.66 км × полоса (не проверено),шт. на трансекту,поштучно с GPS,S2B_33TUL_20210518_0_L2A; Δ дней 0; маски accept ,≤ 1–2 км за ≤ 2.5 ч,тайлы С Адриатики не в MARIDA/MADOS,окно Cózar 12825 (346 пикс.) в 1.1 км к югу от трека; тонкая нить с пикселями детектора пересекает зону у восточных предметов (2 предмета в 293 м); предметы 09:49–09:56 UTC при GPS-времени = UTC−2 ч или 11:49–11:56 UTC — Δt 0.3–1.7 ч,"C (место-время совпадают, но счёт не внутри видимой нити)",[нет | да | да | по месту] калибровать нельзя,выяснить пояс GPS-времени; панель out/l128/ispra_trieste_20210518.png (построена на _1),"зона ±500 м: 13 пикс.; ±50 м: 0; окна Cózar в 3 км: 4 (445 пикс.), ближайшее 1120 м; предметов ≤ 50 м от пикселя детектора: 0"
P2-ISPRA-FVG-SMLG1-2019-09-17,"ISPRA, портал Strategia Marina, «Dati monitoraggio 2018–2023», Modulo 2bis (плавающий макромусор, визуальный учёт с судна): http://www.db-strategiamarina.isprambiente.it/app/#/datiMonitoraggio20182023 ; архив файл mod_2Bis_FVG_0919.xls, трансекта ITA06SMLG1","не проверено (открытая загрузка с портала ISPRA, лицензия на странице не найдена)",природный,море (шельф),трек 45.6425 N 13.1809 E → 45.5502 N 13.3176 E (14.79 км),"учёт 2019-09-17 (начало 12:11:00, пояс не указан); S2 2019-09-16T10:18:06 UTC","Sentinel-2 L2A, 10 м",out/l128/ispra_v0/ITA06SMLG1__S2B_33TUL_20190916_0_L2A/ (вне git),визуальный учёт с судна (MSFD Modulo 2bis),10 предметов; ≤ 500 м от окна Cózar: 1,категории cassette polistirene:3;Stoviglie:2;teli:1;palloncini gonfiabili:1;guanti:1;Imballaggi:1;buste:1; размеры A:1;B:2;C:5;E:1;G:1,длина 14.79 км × полоса (не проверено),шт. на трансекту,поштучно с GPS,S2B_33TUL_20190916_0_L2A; Δ дней -1; маски accept ,8.6–17 км за сутки при 0.1–0.2 м/с — больше расстояния до нити,тайлы С Адриатики не в MARIDA/MADOS,окна Cózar 16.09 в 77 м от трека; S2 17.09 нет,C (S2 за сутки до учёта),[нет | да | да | по месту] калибровать нельзя,—,"зона ±500 м: 23 пикс.; ±50 м: 3; окна Cózar в 3 км: 2 (174 пикс.), ближайшее 77 м; предметов ≤ 50 м от пикселя детектора: 0"
P2-ISPRA-FVG-SMLG1-2020-09-14,"ISPRA, портал Strategia Marina, «Dati monitoraggio 2018–2023», Modulo 2bis (плавающий макромусор, визуальный учёт с судна): http://www.db-strategiamarina.isprambiente.it/app/#/datiMonitoraggio20182023 ; архив файл mod_2Bis_FVG_0920.xls, трансекта ITA06SMLG1","не проверено (открытая загрузка с портала ISPRA, лицензия на странице не найдена)",природный,море (шельф),трек 45.6425 N 13.1809 E → 45.5502 N 13.3176 E (14.79 км),"учёт 2020-09-14 (начало 12:20:00, пояс не указан); S2 2020-09-15T10:18:11 UTC","Sentinel-2 L2A, 10 м",out/l128/ispra_v0/ITA06SMLG1__S2A_33TUL_20200915_0_L2A/ (вне git),визуальный учёт с судна (MSFD Modulo 2bis),2 предметов; ≤ 500 м от окна Cózar: 1,категории Imballaggi:2; размеры C:1;D:1,длина 14.79 км × полоса (не проверено),шт. на трансекту,поштучно с GPS,S2A_33TUL_20200915_0_L2A; Δ дней 1; маски accept ,8.6–17 км за сутки при 0.1–0.2 м/с — больше расстояния до нити,тайлы С Адриатики не в MARIDA/MADOS,"окна Cózar 15.09 пересекают трек, детектор на _0: 79 пикс. в зоне, 21 в ±50 м; S2 14.09 нет",C (S2 через сутки после учёта),[нет | да | да | по месту] калибровать нельзя,—,"зона ±500 м: 79 пикс.; ±50 м: 21; окна Cózar в 3 км: 2 (122 пикс.), ближайшее 0 м; предметов ≤ 50 м от пикселя детектора: 0"
P2-ISPRA-ABR-GU04-2020-11-19,"ISPRA, портал Strategia Marina, «Dati monitoraggio 2018–2023», Modulo 2bis (плавающий макромусор, визуальный учёт с судна): http://www.db-strategiamarina.isprambiente.it/app/#/datiMonitoraggio20182023 ; архив файл mod2Bis_ABR_1120.xls, трансекта 1_ABR_GU04","не проверено (открытая загрузка с портала ISPRA, лицензия на странице не найдена)",природный,море (шельф),трек 42.7609 N 14.0418 E → 42.8012 N 14.2380 E (16.67 км),"учёт 2020-11-19 (начало  12:00:00, пояс не указан); S2 2020-11-18T09:58:56 UTC","Sentinel-2 L2A, 10 м",out/l128/ispra_v0/1_ABR_GU04__S2A_33TVH_20201118_0_L2A/ (вне git),визуальный учёт с судна (MSFD Modulo 2bis),11 предметов; ≤ 500 м от окна Cózar: 4,категории buste:8;cassette polistirene:3; размеры B:10;E:1,длина 16.67 км × полоса (не проверено),шт. на трансекту,поштучно с GPS,S2A_33TVH_20201118_0_L2A; Δ дней -1; маски accept ,8.6–17 км за сутки при 0.1–0.2 м/с — больше расстояния до нити,тайлы С Адриатики не в MARIDA/MADOS,"окно Cózar 18.11 пересекает трек, 4 предмета ≤ 500 м; детектор не оценивается (низкое солнце)",C (S2 за сутки; детектор не оценивается),[нет | да | да | по месту] калибровать нельзя,—,"зона ±500 м: 0 пикс.; ±50 м: 0; окна Cózar в 3 км: 1 (227 пикс.), ближайшее 0 м; предметов ≤ 50 м от пикселя детектора: 0"
P2-ISPRA-xCozar-rest,"ISPRA, портал Strategia Marina, «Dati monitoraggio 2018–2023», Modulo 2bis (плавающий макромусор, визуальный учёт с судна): http://www.db-strategiamarina.isprambiente.it/app/#/datiMonitoraggio20182023 ; архив 8 архивов Modulo_2bis (Adriatico, Ionio, Med_Occ; 2020/2021)","не проверено (открытая загрузка с портала ISPRA, лицензия на странице не найдена)",природный,море (шельф Италии),,2018-03 … 2021-07,,,визуальный учёт с судна (MSFD),21 трансект из 34 совпадений «трансекта ≤ 10 км и ±1 сут от окна Cózar» (веб-поиск П2),,,,,S2 того же дня нет у 15 строк; отклонены масками 10 (блик/покрытие); приняты 16,,,окна Cózar дальше 1 км от трека или 0 предметов на трансекте,D (для пар),—,—,сумма по принятым: зона ±500 м 19 пикс.; предметов ≤ 50 м от детектора 0
P2-ISPRA-167-summary,"ISPRA, портал Strategia Marina, «Dati monitoraggio 2018–2023», Modulo 2bis (плавающий макромусор, визуальный учёт с судна): http://www.db-strategiamarina.isprambiente.it/app/#/datiMonitoraggio20182023 ; архив 8 архивов Modulo 2bis 2018–2023; прогон scripts/search/ispra_scan.py","не проверено (открытая загрузка с портала ISPRA, лицензия на странице не найдена)",природный,море (шельф Италии),,2018-04 … 2023-12,,,визуальный учёт с судна (MSFD),"167 трансект с ≥ 5 предметами и S2 того же дня (список docs/research/pairs/ispra_167.csv); это не пары, а кандидаты",,,,,"обработка _0; уровни: {'D': 127, 'C': 39, 'A (место-день, не калибровочная)': 1}",,,10 лучших по «плотность × видимый сигнал на _0 × чистая сцена» — колонка топ10: 604 2019-09-16; 9PN04_S009_LitA 2022-03-25; 8PC03_S009_LitB 2022-03-25; PLM1 2019-10-02; SMTS_S0518_LitA 2021-05-18; 0222-MS01380_TR12 2019-07-23; 1_ABR_VA13 2020-07-16; NAPA_S012_Lita 2021-08-25,сводка (уровни — в docs/research/pairs/ispra_levels.csv),—,10 лучших — критику пар,сумма ±500 м по чистым сценам: 96 пикс.; предметов ≤ 50 м от пикселя: 2
P2-ADIS-top1-S2pm48h,"ADIS, The Ocean Cleanup, 4TU 10.4121/ddede7f5-aca5-42ae-b851-e0bbb9a2c4c2",CC BY 4.0,природный,"открытый океан (СВ Пацифик, Ионическое море, Атлантика, Вануату)",,2021–2024,,,камеры на судне (ADIS),верхний 1 %: 321 отрезок (d > 5 см ≥ 22.1 шт./км² или d > 50 см ≥ q99); со сценой S2 в ±48 ч — 20 отрезков (23 пары отрезок × сцена),> 5 см,,шт./км²,,см. out/l128/adis_top1_results.csv; Δt −26…+48 ч,R = 0.36–0.72 км/ч × |Δt| (0.1–0.2 м/с) = 0.5–34 км; HYCOM+ERA5 typical — в CSV,не в обучении,—,"D (20 отрезков из 20; 23 пары отрезок × сцена: облака 8, блик 12, покрытие 2, принята масками, но Δt 46 ч — 1)",[нет | да | да | нет],"закрыто: самые плотные отрезки ADIS — в открытом Тихом океане, где S2 снимает редко и в блике",в полосах 0; в зонах: 183 объектов (все на отклонённых масками или Δt > 3 ч сценах)
P2-Omoa-2020-09-18,La Prensa 25.09.2020 https://www.laprensa.hn/honduras/basura-playas-omoa-contaminacion-rio-motagua-AALP1411122 ; adn40 22.09.2020 https://www.adn40.mx/internacional/nota/notas/2020-09-22-09-54/video-basura-inunda-playas-de-omoa-honduras/ ; La Prensa 19.09.2020 https://www.laprensa.hn/honduras/basura-playas-omoa-honduras-guateamala-rio-motagua-CBLP1409586,новости (цитирование),природный,"море + пляж (Омоа, Гондурасский залив)",квадрат 16 × 16 км с центром 15.80 N 88.20 W (устье Мотагуа — бухта Омоа),"S2 2020-09-18 16:29 UTC; счёт: > 100 т к 22.09, ≈ 700 т за ≈ неделю уборки к 25.09 на 58 км пляжа","Sentinel-2B L2A, 10 м",out/l128/site/omoa_motagua/S2B_16PCC_20200918_1_L2A/mask.png (вне git),уборка пляжей муниципалитетом (масса),"масса, не штуки","пластик, одежда, бутылки, древесина, медицинские отходы (adn40)",58 км пляжа (не площадь воды),т,нет,S2B_16PCC_20200918_1_L2A; Δt до уборки +1…+7 сут,сутки и более — мусор на пляже ≠ мусор на воде в момент съёмки,НЕТ: 16PCC 2020-09-18 — сцена MARIDA (событие MARIDA-ev-HN/GT),да: полосы у фронта плюма к С и В от устья (глазами на mask.png; метки MARIDA + наш детектор),"C (масса на пляже, не штуки на воде)",[нет | нет | да | нет] калибровать нельзя,—,квадрат 16×16 км: 104 пикс.; вырезка с контекстом: 603 (≈ 6 га пикселей детектора)
P2-Omoa-2020-09-23,те же новости (P2-Omoa-2020-09-18),новости,природный,море + пляж,,S2 2020-09-23; уборка 19–25.09,"Sentinel-2A L2A, 10 м",,уборка (масса),масса,,,т,,S2A_16PCC_20200923_1_L2A,,сцены MARIDA этих дат (16PEC/16PDC),,C (масса на пляже),,,квадрат 16×16 км: 9 пикс.; вырезка 21
P2-Motagua-TOCL-RMS-2023,"The Ocean Cleanup River Monitoring, 4TU fad0aa03 (Suppl. C), кадры rms_morales_02/03 (у нас: data/extra/count_ds/tocl_rms/)",CC-BY-NC-4.0,природный,"река (Мотагуа у Моралеса) → устье, Гондурасский залив",счёт — мост у Моралеса (координаты в suppl A); снимок — квадрат 16 × 16 км 15.80 N 88.20 W,"рамки RMS: 16.10.2023 (111 рамок на 36 кадрах), 13.11 (92 на 31), 16.11 (21 на 46); S2: 13.10, 23.10, 28.10, 12.11, 17.11.2023",камера на мосту GSD 0.0025 м → S2 10 м,,рамки предметов на кадрах (поток через кадр),"рамки на кадр (поток), не шт./км²",,кадр 79 м² (реки),шт./кадр,,"S2B_16PCC_20231013 (Δt −3 сут к 16.10), S2B 12.11 (−1 сут к 13.11, облака), S2A 17.11 (+1 сут к 16.11, +4 к 13.11)",Моралес → устье ≈ сотни км русла по воде; время добегания не считалось,"даты 2023 > MARIDA (≤ 2021), не в обучении","17.11: полосы у устья и на фронте плюма (глазами на mask.png), часть у облаков",C (прокси: речной поток ≠ концентрация в море),[да (NC) | да | нет | по дате] калибровать нельзя,—,квадрат 16×16 км: 13.10 — 53 пикс.; 23.10 — 8; 12.11 — отклонено (облака); 17.11 — 220 (вырезка 352)
P2-Umgeni-TOCL-RMS-2021-2023,"The Ocean Cleanup River Monitoring, 4TU fad0aa03 (Suppl. C): rms_dbn_umgeni_*, rms_dbn_rail_*, rms_dbn_m4_*, R102 Bridge",CC-BY-NC-4.0,природный,река Умгени (Дурбан) → устье,"квадрат 8 × 8 км у устья, центр 29.81 S 31.055 E","кадры 09–10.2021, 20.12.2021–25.01.2022, 2022-10-08 (142 рамки), 2023-09-25 (195), 2023-10-17",,,рамки на кадрах (поток),,,,,,обработано 16 сцен S2 в окнах дат,,,,D (пиксели: у берега блик 0.59–0.64 или облака на всех датах),,—,все сцены отклонены масками (блик/облака)
P2-Drina-Visegrad-2021-03,"gorazdeonline.com 07.03.2021 https://gorazdeonline.com/satelitski-snimci-pokazali-kolicinu-zagadenja-rijeke-drine/ (≈ 9 000 м³ на плаву, 3 500 м³ убрано, ≈ 90 % древесина; спутниковые снимки 03.03.2021 через BBC)",новости,природный (паводковый плот: древесина + бытовой мусор),"водохранилище ГЭС Вишеград (р. Дрина, БиГ)","плот у запани перед плотиной ≈ 43.76 N 19.29 E (координаты плотины — Википедия через поиск, не проверено)",S2A 2021-03-02 09:38 UTC; объём — статья 07.03 по снимкам 03.03,"Sentinel-2A L2A, 10 м",out/l128/drina_20210302_zoom.png; out/l128/site/drina_visegrad/S2A_34TCP_20210302_1_L2A/ (вне git),оценка объёма управлением ГЭС/экологами (новости),"объём, не штуки","≈ 90 % древесина, остальное пластик и бытовой мусор",по снимку: 3.84 га плота помечены маской «спектральное облако» (глазами контур крупнее),м³,,S2A_34TCP_20210302_1_L2A (облачность тайла 6 %); Δt −1…−5 сут до оценки,плот удерживается запанью (не дрейфует),не в обучении,да: коричневый плот у плотины (drina_20210302_zoom.png),"C (объём, 90 % древесина; не штуки по категориям)",[нет | нет | нет (река) | да] калибровать нельзя,для детектора: плот целиком уходит в маску «облако/суша» — детектор к нему не применяется; нужен отдельный класс «плот» для рек,"0 (плот 384 пикс. помечен «спектральное облако», вода рядом 2.4 % квадрата; детектор на плот не применяется)"
P2-Drina-Visegrad-other,"Copernicus Image of the Day (S2, «23.02.2020») https://www.copernicus.eu/en/media/image-day-gallery/floating-island-garbage-drina-river-bosnia-and-herzegovina ; FOX Weather 23.01.2023 (≈ 10 000 м³, дрон 16.01.2023); Euronews 12.01.2024 (5–6 тыс. м³); zvornikdanas 10.02.2026 (8–10 тыс. м³); Simpson et al. 2022 RS 14:4473 (S1 06.01.2021, проверка по новостям 05.01.2021)",новости,природный,водохранилище ГЭС Вишеград,,"02.2020, 01.2023, 01.2024, 12.2025–02.2026",,,объёмы из новостей,,,,м³,,"S2 19.02 и 24.02.2020 — облака 84–95 %; 19.01.2023 — облака; 11.01.2024 — облака; 29.12.2025 — ясно, плота ещё нет; 23.01, 25.01, 12.02.2026 — облака; зимой зенит 62–68° → детектор не оценивается",,,,D (облака/низкое солнце),,—,0 (сцены отклонены)
P2-Lim-Potpec-2021-2023,N1 04.01.2021 (≈ 40 000 м³) https://n1info.rs/vesti/ekoloski-genocid-smeca-toliko-da-se-ne-vidi-povrsina-potpeckog-jezera/ ; Novosti 12.01.2021 (7 500 м³); Espreso 01.02.2023,новости,природный,"водохранилище Потпеч (р. Лим, Сербия)","плотина ≈ 43.5225 N 19.5767 E (Википедия через поиск, не проверено)","01.2021, 01–02.2023",,,объёмы из новостей,,,,м³,,S2A 01.01.2021 — облака/снег в квадрате 50 %; 19.01 и 03.02.2023 — облака; остальные даты — облачность тайла ≥ 95 %,,,,D (облака),,—,0 (сцены отклонены)
P2-Durban-2022-04-floods,TimesLIVE 19.04.2022 https://www.timeslive.co.za/news/south-africa/2022-04-19-more-than-40000-bags-of-litter-collected-at-durban-beaches/ (44 050 мешков 15–18.04.2022 по пляжам),новости,природный,пляжи Дурбана,,15–18.04.2022,,,уборка пляжей (мешки),,,,мешки,,S2A_36JUN_20220413 — облака 97 % квадрата; других сцен 09–21.04 без облаков нет,,,,D (облака; мешки на пляже),,—,0 (сцена отклонена)
P2-Durban-2019-04,"SAMSA/TNPA 25.04.2019 https://blog.samsa.org.za/2019/04/25/durban-port-clean-up-underway-after-massive-floods-debris-tnpa/ («тонны», чисел нет)",новости,природный,порт/побережье Дурбана,,24.04.2019 (событие MARIDA ZA-36JUN),,,нет счёта,,,,,,S2A 19.04.2019 и 29.04.2019 приняты масками (квадрат 10 × 10 км у набережной); 24.04 — сцена MARIDA,,,,D (нет числа),,—,19.04: 1 пикс.; 29.04: 6
P2-SantoDomingo-2018-07,Acento/BBC Mundo 24.07.2018 https://acento.com.do/bbc-news-mundo/las-impactantes-imagenes-de-la-marea-de-toneladas-de-basura-que-cubrio-las-playas-de-republica-dominicana-8590071.html ; Parley 24.07.2018 https://parley.tv/journal/2018/7/17/state-of-emergency-santo-domingo,новости,природный,"пляжи Монтесинос/Гуибия, устье Осамы",,с 13.07.2018: ≈ 1 300 т за ~2 недели; 30 т за 3 дня (500 чел.),,,уборка (масса),,,,т,,"S2 19QDA 10.07 (облака 100 %), 15.07 и 20.07 — облака 98–100 % квадрата",,,,D (облака),,—,0 (сцены отклонены)
P2-ChaoPhraya-2025-04,"iScience 2026, PMC13266208 (физ. отбор 01–04.04.2025, 73.91 шт./м² в пятнах гиацинта; БПЛА 20.03 и 04.04.2025)",CC-BY,природный,река (Бангкок),створы БПЛА 14.12086 N 100.5265 E; 14.04866 N 100.5533 E,16.03–07.04.2025,,,физ. отбор пятен + БПЛА,,,,шт./м² пятна,,"S2 16.03 — квадрат 1.6 км = «суша» (река узкая/мутная, воды 0 %); 18.03, 26.03, 05.04 — облака; 21.03, 31.03, 07.04 — облачность тайла ≥ 95 %",,,,D (для пикселей; в реестре остаётся C «ChaoPhraya-2025»),,—,0 (пригодной воды нет)
P2-Saigon-2020-05-23,"Schreyers et al. 2021, Front. Environ. Sci. 10.3389/fenvs.2021.716516 (16 проб гиацинта 23.05.2020, мост Thu Thiem; 17–34 шт./м²)",CC-BY,природный,река Сайгон,"квадрат 3 км у 10.79 N 106.722 E (координаты моста — приблизительно, не проверено)","S2 20, 22, 25, 27.05.2020",,,физ. отбор + БПЛА + мост,,,,шт./м²,,все 8 сцен (48PXT/48PXS) — облачность тайла 94–100 %,,,,D (облака),,—,— (не обрабатывались)
P2-finds-Honduras-2019-2026,"La Prensa 19.01.2019 (накоплено 2 813 т с 2015); Prensa Libre 20.01.2022 (1 434 т за 2020); TOCL Interceptor 006 (856 973 кг 04–13.06.2023) — веб-поиск П2, страницы открыты",,природный,море (Омоа/Мотагуа),,"находки S2: 12.01.2019, 29.08.2020, 30.01, 19.02, 28.12.2025, 14.02, 19.02, 10.04, 30.05.2026",,,только накопленные тонны за годы/месяцы,,,,,,см. data/case/scene_zones/*honduras*,,,"«конец августа 2020: барьер El Quetzalito повреждён, пляжи в мусоре» — только сниппет, страница 404 (не проверено)",D (нет счёта в ±2 сут),,—,"32 зоны detected, 5–56 пикс. каждая (scene_zones)"
P2-finds-Bali-Manila-Guanabara-Jakarta-Karachi-SD,"Bali: BaliPost 30.07.2026 (1 724 т за июль 2026), ABC 21.02.2018 (без чисел), Mongabay 02.01.2018 (0.25 шт./м² пляжа); Manila: только сниппеты; Guanabara: 11 679 т за 03.2023–12.2024 (агрегат); Jakarta/Karachi/Santo Domingo 2025–26: ничего",,природный,море/пляж,,находки S2 2018–2026 (scene_zones),,,агрегированные тонны за месяцы/годы,,,,,,,,,,D (нет счёта в ±2 сут),,—,"зоны scene_zones: Бали 3 (5–17 пикс.), Манила 8 (5–29), Гуанабара 6 (5–9), Джакарта 2, Карачи 2, Санто-Доминго 1"
P2-finds-Cozar-30SXE-2021-03-11,reports/case_demo/heldout_scene.md; веб-поиск П2: полевых наблюдений у 35.5 N 1.6 W около 11.03.2021 не найдено,,природный,"море (Альборан, юг)",,2021-03-11 11:01 UTC,,,,,,,,,S2B_30SXE_20210311_0_L2A,,,14 зон совпали с нитями Cózar (B),D (для пар: счёта нет),,—,"26 зон, 7–691 пикс."
P2-lead-Citarum-2024-06,Tempo 2024 https://www.tempo.co/lingkungan/sampah-3-kilometer-di-sungai-citarum-ecoton-sebut-pengerukan-saja-tak-cukup-48866,,природный,,,,,,новости/отчёт: объём/масса,"затор 3 км × 60 м, 100–200 т, с 07.06.2024, убрано 75 % к 13.06; р. Цитарум у моста Бабакан Сапан (координаты не указаны)",,,,,,,,,C (лид: объём/масса; S2 не проверен),,найти координаты и S2 ±2 сут; ожидаемый итог — C (объём ≠ штуки),не считались
P2-lead-Daecheong-2023-07,ESG Economy 01.08.2023 https://www.esgeconomy.com/news/articleView.html?idxno=4258,,природный,,,,,,новости/отчёт: объём/масса,"≈ 4 000 м³ мусора у запаней Сокхо-ри/Чусо-ри после дождей 13–18.07.2023, не убран > 10 дней (координаты не указаны)",,,,,,,,,C (лид: объём/масса; S2 не проверен),,найти координаты и S2 ±2 сут; ожидаемый итог — C (объём ≠ штуки),не считались
P2-lead-Bicaz-2025-08,Digi24 07.08.2025 https://www.digi24.ro/stiri/actualitate/social/prefectura-neamt-au-fost-scoase-din-lacul-izvorul-muntelui-300-de-metri-cubi-de-deseuri-dupa-viituri-curatenia-e-departe-de-final-3362265,,природный,,,,,,новости/отчёт: объём/масса,"зона уборки 6.4 га, вынуто ≈ 298 м³ древесины, 350 кг пластика, 650 кг смешанного (оз. Изворул-Мунтелуй)",,,,,,,,,C (лид: объём/масса; S2 не проверен),,найти координаты и S2 ±2 сут; ожидаемый итог — C (объём ≠ штуки),не считались
P2-lead-Neretva-Grabovica-2024-10,Bljesak 14.10.2024 https://bljesak.info/gospodarstvo/posao/brana-je-stabilna-i-to-je-najbitnije/488381 ; Raport.ba 02.12.2024,,природный,,,,,,новости/отчёт: объём/масса,≈ 50 000 м³ плавучего материала у плотины Грабовица после паводка 04.10.2024; 8 300 м³ вынуто (5 % ПВХ),,,,,,,,,C (лид: объём/масса; S2 не проверен),,найти координаты и S2 ±2 сут; ожидаемый итог — C (объём ≠ штуки),не считались
P2-lead-Seto-2018-07,Song et al. 2021 RS 13:5048 (PDF открыт подагентом); пресс-релизы MLIT (не открыты),,природный,,,,,,новости/отчёт: объём/масса,"позиции и объёмы сбора судами-мусоросборщиками 09.07–14.08.2018 (Аки-Нада), в основном растительный мусор; S2 не использовался",,,,,,,,,C (лид: объём/масса; S2 не проверен),,найти координаты и S2 ±2 сут; ожидаемый итог — C (объём ≠ штуки),не считались
