id,дата,что_посчитано,N,N_органика,единица,площадь_пробы_м2,lon,lat,S2_product_id,FDI_S2_авторов,NDVI_S2_авторов,источник_файл,как_получено,надёжность,примечание
PM-matchup-20220320-p1,2022-03-20,"пластиковые предметы в пробе 1 м² (пул пластика, 10 повторов на пятне скопления)",,,шт. на пробу 1 м²,1,107.476,-6.91609,S2A_MSIL1C_20220320T025551_N0400_R032_T48MYT_20220320T053509,0.0954,0.1436,"THREDDS plastic_monitor/S2/Summary.xlsx (лист DataME: пин, lon/lat, FDI, NDVI) + ESR рис. 5 (N)",N оцифрован с рис. 5 ESR (панели «Plastic item vs FDI» и «vs NDVI»); точка сопоставлена по совпадению FDI И NDVI из Summary.xlsx,N не найден на рис. 5 (проба вне рисунка или FDI/NDVI не совпали),FDI авторов по L1C (TOA); время отбора в файлах нет; проба 1 м² ≠ пиксель S2 100–400 м²
PM-matchup-20220320-p2,2022-03-20,"пластиковые предметы в пробе 1 м² (пул пластика, 10 повторов на пятне скопления)",,,шт. на пробу 1 м²,1,107.4761,-6.91611,S2A_MSIL1C_20220320T025551_N0400_R032_T48MYT_20220320T053509,0.1174,0.2523,"THREDDS plastic_monitor/S2/Summary.xlsx (лист DataME: пин, lon/lat, FDI, NDVI) + ESR рис. 5 (N)",N оцифрован с рис. 5 ESR (панели «Plastic item vs FDI» и «vs NDVI»); точка сопоставлена по совпадению FDI И NDVI из Summary.xlsx,N не найден на рис. 5 (проба вне рисунка или FDI/NDVI не совпали),FDI авторов по L1C (TOA); время отбора в файлах нет; проба 1 м² ≠ пиксель S2 100–400 м²
PM-matchup-20220320-p3,2022-03-20,"пластиковые предметы в пробе 1 м² (пул пластика, 10 повторов на пятне скопления)",,15.0,шт. на пробу 1 м²,1,107.4761,-6.91607,S2A_MSIL1C_20220320T025551_N0400_R032_T48MYT_20220320T053509,0.1458,0.3585,"THREDDS plastic_monitor/S2/Summary.xlsx (лист DataME: пин, lon/lat, FDI, NDVI) + ESR рис. 5 (N)",N оцифрован с рис. 5 ESR (панели «Plastic item vs FDI» и «vs NDVI»); точка сопоставлена по совпадению FDI И NDVI из Summary.xlsx,N не найден на рис. 5 (проба вне рисунка или FDI/NDVI не совпали),FDI авторов по L1C (TOA); время отбора в файлах нет; проба 1 м² ≠ пиксель S2 100–400 м²
PM-matchup-20220320-p4,2022-03-20,"пластиковые предметы в пробе 1 м² (пул пластика, 10 повторов на пятне скопления)",,,шт. на пробу 1 м²,1,107.4763,-6.91604,S2A_MSIL1C_20220320T025551_N0400_R032_T48MYT_20220320T053509,0.118,0.249,"THREDDS plastic_monitor/S2/Summary.xlsx (лист DataME: пин, lon/lat, FDI, NDVI) + ESR рис. 5 (N)",N оцифрован с рис. 5 ESR (панели «Plastic item vs FDI» и «vs NDVI»); точка сопоставлена по совпадению FDI И NDVI из Summary.xlsx,N не найден на рис. 5 (проба вне рисунка или FDI/NDVI не совпали),FDI авторов по L1C (TOA); время отбора в файлах нет; проба 1 м² ≠ пиксель S2 100–400 м²
PM-matchup-20220320-p5,2022-03-20,"пластиковые предметы в пробе 1 м² (пул пластика, 10 повторов на пятне скопления)",,,шт. на пробу 1 м²,1,107.4771,-6.9159,S2A_MSIL1C_20220320T025551_N0400_R032_T48MYT_20220320T053509,0.1563,0.4459,"THREDDS plastic_monitor/S2/Summary.xlsx (лист DataME: пин, lon/lat, FDI, NDVI) + ESR рис. 5 (N)",N оцифрован с рис. 5 ESR (панели «Plastic item vs FDI» и «vs NDVI»); точка сопоставлена по совпадению FDI И NDVI из Summary.xlsx,N не найден на рис. 5 (проба вне рисунка или FDI/NDVI не совпали),FDI авторов по L1C (TOA); время отбора в файлах нет; проба 1 м² ≠ пиксель S2 100–400 м²
PM-matchup-20220320-p6,2022-03-20,"пластиковые предметы в пробе 1 м² (пул пластика, 10 повторов на пятне скопления)",128.5,21.9,шт. на пробу 1 м²,1,107.4769,-6.91597,S2A_MSIL1C_20220320T025551_N0400_R032_T48MYT_20220320T053509,0.1687,0.4539,"THREDDS plastic_monitor/S2/Summary.xlsx (лист DataME: пин, lon/lat, FDI, NDVI) + ESR рис. 5 (N)",N оцифрован с рис. 5 ESR (панели «Plastic item vs FDI» и «vs NDVI»); точка сопоставлена по совпадению FDI И NDVI из Summary.xlsx,N ±3 шт. (радиус точки на рисунке); дата/координаты/FDI — из файла авторов,FDI авторов по L1C (TOA); время отбора в файлах нет; проба 1 м² ≠ пиксель S2 100–400 м²
PM-matchup-20220320-p7,2022-03-20,"пластиковые предметы в пробе 1 м² (пул пластика, 10 повторов на пятне скопления)",,,шт. на пробу 1 м²,1,107.4773,-6.91601,S2A_MSIL1C_20220320T025551_N0400_R032_T48MYT_20220320T053509,0.2091,0.5375,"THREDDS plastic_monitor/S2/Summary.xlsx (лист DataME: пин, lon/lat, FDI, NDVI) + ESR рис. 5 (N)",N оцифрован с рис. 5 ESR (панели «Plastic item vs FDI» и «vs NDVI»); точка сопоставлена по совпадению FDI И NDVI из Summary.xlsx,N не найден на рис. 5 (проба вне рисунка или FDI/NDVI не совпали),FDI авторов по L1C (TOA); время отбора в файлах нет; проба 1 м² ≠ пиксель S2 100–400 м²
PM-matchup-20220320-p8,2022-03-20,"пластиковые предметы в пробе 1 м² (пул пластика, 10 повторов на пятне скопления)",29.8,25.0,шт. на пробу 1 м²,1,107.4773,-6.9161,S2A_MSIL1C_20220320T025551_N0400_R032_T48MYT_20220320T053509,0.2046,0.5078,"THREDDS plastic_monitor/S2/Summary.xlsx (лист DataME: пин, lon/lat, FDI, NDVI) + ESR рис. 5 (N)",N оцифрован с рис. 5 ESR (панели «Plastic item vs FDI» и «vs NDVI»); точка сопоставлена по совпадению FDI И NDVI из Summary.xlsx,N ±3 шт. (радиус точки на рисунке); дата/координаты/FDI — из файла авторов,FDI авторов по L1C (TOA); время отбора в файлах нет; проба 1 м² ≠ пиксель S2 100–400 м²
PM-matchup-20220320-p9,2022-03-20,"пластиковые предметы в пробе 1 м² (пул пластика, 10 повторов на пятне скопления)",,,шт. на пробу 1 м²,1,107.4775,-6.91614,S2A_MSIL1C_20220320T025551_N0400_R032_T48MYT_20220320T053509,0.2399,0.6067,"THREDDS plastic_monitor/S2/Summary.xlsx (лист DataME: пин, lon/lat, FDI, NDVI) + ESR рис. 5 (N)",N оцифрован с рис. 5 ESR (панели «Plastic item vs FDI» и «vs NDVI»); точка сопоставлена по совпадению FDI И NDVI из Summary.xlsx,N не найден на рис. 5 (проба вне рисунка или FDI/NDVI не совпали),FDI авторов по L1C (TOA); время отбора в файлах нет; проба 1 м² ≠ пиксель S2 100–400 м²
PM-matchup-20220320-p10,2022-03-20,"пластиковые предметы в пробе 1 м² (пул пластика, 10 повторов на пятне скопления)",29.0,55.0,шт. на пробу 1 м²,1,107.4772,-6.91656,S2A_MSIL1C_20220320T025551_N0400_R032_T48MYT_20220320T053509,0.203,0.536,"THREDDS plastic_monitor/S2/Summary.xlsx (лист DataME: пин, lon/lat, FDI, NDVI) + ESR рис. 5 (N)",N оцифрован с рис. 5 ESR (панели «Plastic item vs FDI» и «vs NDVI»); точка сопоставлена по совпадению FDI И NDVI из Summary.xlsx,N ±3 шт. (радиус точки на рисунке); дата/координаты/FDI — из файла авторов,FDI авторов по L1C (TOA); время отбора в файлах нет; проба 1 м² ≠ пиксель S2 100–400 м²
PM-matchup-20220330-p31,2022-03-30,"пластиковые предметы в пробе 1 м² (пул пластика, 10 повторов на пятне скопления)",,,шт. на пробу 1 м²,1,107.481338999935,-6.91788699999772,S2A_MSIL1C_20220330T025551_N0400_R032_T48MYT_20220330T054455,0.1178,0.2266,"THREDDS plastic_monitor/S2/Summary.xlsx (лист DataME: пин, lon/lat, FDI, NDVI) + ESR рис. 5 (N)",N оцифрован с рис. 5 ESR (панели «Plastic item vs FDI» и «vs NDVI»); точка сопоставлена по совпадению FDI И NDVI из Summary.xlsx,N не найден на рис. 5 (проба вне рисунка или FDI/NDVI не совпали),FDI авторов по L1C (TOA); время отбора в файлах нет; проба 1 м² ≠ пиксель S2 100–400 м²
PM-matchup-20220330-p32,2022-03-30,"пластиковые предметы в пробе 1 м² (пул пластика, 10 повторов на пятне скопления)",,,шт. на пробу 1 м²,1,107.481124999935,-6.91781999999773,S2A_MSIL1C_20220330T025551_N0400_R032_T48MYT_20220330T054455,0.0856,0.2113,"THREDDS plastic_monitor/S2/Summary.xlsx (лист DataME: пин, lon/lat, FDI, NDVI) + ESR рис. 5 (N)",N оцифрован с рис. 5 ESR (панели «Plastic item vs FDI» и «vs NDVI»); точка сопоставлена по совпадению FDI И NDVI из Summary.xlsx,N не найден на рис. 5 (проба вне рисунка или FDI/NDVI не совпали),FDI авторов по L1C (TOA); время отбора в файлах нет; проба 1 м² ≠ пиксель S2 100–400 м²
PM-matchup-20220330-p33,2022-03-30,"пластиковые предметы в пробе 1 м² (пул пластика, 10 повторов на пятне скопления)",,,шт. на пробу 1 м²,1,107.481017999935,-6.91758299999773,S2A_MSIL1C_20220330T025551_N0400_R032_T48MYT_20220330T054455,0.1639,0.2968,"THREDDS plastic_monitor/S2/Summary.xlsx (лист DataME: пин, lon/lat, FDI, NDVI) + ESR рис. 5 (N)",N оцифрован с рис. 5 ESR (панели «Plastic item vs FDI» и «vs NDVI»); точка сопоставлена по совпадению FDI И NDVI из Summary.xlsx,N не найден на рис. 5 (проба вне рисунка или FDI/NDVI не совпали),FDI авторов по L1C (TOA); время отбора в файлах нет; проба 1 м² ≠ пиксель S2 100–400 м²
PM-matchup-20220330-p34,2022-03-30,"пластиковые предметы в пробе 1 м² (пул пластика, 10 повторов на пятне скопления)",,,шт. на пробу 1 м²,1,107.480811999935,-6.91422499999773,S2A_MSIL1C_20220330T025551_N0400_R032_T48MYT_20220330T054455,0.0337,-0.4558,"THREDDS plastic_monitor/S2/Summary.xlsx (лист DataME: пин, lon/lat, FDI, NDVI) + ESR рис. 5 (N)",N оцифрован с рис. 5 ESR (панели «Plastic item vs FDI» и «vs NDVI»); точка сопоставлена по совпадению FDI И NDVI из Summary.xlsx,N не найден на рис. 5 (проба вне рисунка или FDI/NDVI не совпали),FDI авторов по L1C (TOA); время отбора в файлах нет; проба 1 м² ≠ пиксель S2 100–400 м²
PM-matchup-20220330-p35,2022-03-30,"пластиковые предметы в пробе 1 м² (пул пластика, 10 повторов на пятне скопления)",,,шт. на пробу 1 м²,1,107.480788999935,-6.91410199999771,S2A_MSIL1C_20220330T025551_N0400_R032_T48MYT_20220330T054455,0.0735,0.0564,"THREDDS plastic_monitor/S2/Summary.xlsx (лист DataME: пин, lon/lat, FDI, NDVI) + ESR рис. 5 (N)",N оцифрован с рис. 5 ESR (панели «Plastic item vs FDI» и «vs NDVI»); точка сопоставлена по совпадению FDI И NDVI из Summary.xlsx,N не найден на рис. 5 (проба вне рисунка или FDI/NDVI не совпали),FDI авторов по L1C (TOA); время отбора в файлах нет; проба 1 м² ≠ пиксель S2 100–400 м²
PM-matchup-20220330-p1,2022-03-30,"пластиковые предметы в пробе 1 м² (пул пластика, 10 повторов на пятне скопления)",47.2,4.9,шт. на пробу 1 м²,1,107.477350699936,-6.91838595999774,S2A_MSIL1C_20220330T025551_N0400_R032_T48MYT_20220330T054455,0.2348,0.6397,"THREDDS plastic_monitor/S2/Summary.xlsx (лист DataME: пин, lon/lat, FDI, NDVI) + ESR рис. 5 (N)",N оцифрован с рис. 5 ESR (панели «Plastic item vs FDI» и «vs NDVI»); точка сопоставлена по совпадению FDI И NDVI из Summary.xlsx,N ±3 шт. (радиус точки на рисунке); дата/координаты/FDI — из файла авторов,FDI авторов по L1C (TOA); время отбора в файлах нет; проба 1 м² ≠ пиксель S2 100–400 м²
PM-matchup-20220330-p2,2022-03-30,"пластиковые предметы в пробе 1 м² (пул пластика, 10 повторов на пятне скопления)",54.0,1.9,шт. на пробу 1 м²,1,107.477764499936,-6.91811965999774,S2A_MSIL1C_20220330T025551_N0400_R032_T48MYT_20220330T054455,0.0509,-0.4151,"THREDDS plastic_monitor/S2/Summary.xlsx (лист DataME: пин, lon/lat, FDI, NDVI) + ESR рис. 5 (N)",N оцифрован с рис. 5 ESR (панели «Plastic item vs FDI» и «vs NDVI»); точка сопоставлена по совпадению FDI И NDVI из Summary.xlsx,N ±3 шт. (радиус точки на рисунке); дата/координаты/FDI — из файла авторов,FDI авторов по L1C (TOA); время отбора в файлах нет; проба 1 м² ≠ пиксель S2 100–400 м²
PM-matchup-20220330-p3,2022-03-30,"пластиковые предметы в пробе 1 м² (пул пластика, 10 повторов на пятне скопления)",32.8,4.9,шт. на пробу 1 м²,1,107.478805099936,-6.91724856999774,S2A_MSIL1C_20220330T025551_N0400_R032_T48MYT_20220330T054455,0.0578,-0.0984,"THREDDS plastic_monitor/S2/Summary.xlsx (лист DataME: пин, lon/lat, FDI, NDVI) + ESR рис. 5 (N)",N оцифрован с рис. 5 ESR (панели «Plastic item vs FDI» и «vs NDVI»); точка сопоставлена по совпадению FDI И NDVI из Summary.xlsx,N ±3 шт. (радиус точки на рисунке); дата/координаты/FDI — из файла авторов,FDI авторов по L1C (TOA); время отбора в файлах нет; проба 1 м² ≠ пиксель S2 100–400 м²
PM-matchup-20220330-p4,2022-03-30,"пластиковые предметы в пробе 1 м² (пул пластика, 10 повторов на пятне скопления)",34.0,4.9,шт. на пробу 1 м²,1,107.478850999936,-6.91697950999774,S2A_MSIL1C_20220330T025551_N0400_R032_T48MYT_20220330T054455,0.131,0.2246,"THREDDS plastic_monitor/S2/Summary.xlsx (лист DataME: пин, lon/lat, FDI, NDVI) + ESR рис. 5 (N)",N оцифрован с рис. 5 ESR (панели «Plastic item vs FDI» и «vs NDVI»); точка сопоставлена по совпадению FDI И NDVI из Summary.xlsx,N ±3 шт. (радиус точки на рисунке); дата/координаты/FDI — из файла авторов,FDI авторов по L1C (TOA); время отбора в файлах нет; проба 1 м² ≠ пиксель S2 100–400 м²
PM-matchup-20220330-p5,2022-03-30,"пластиковые предметы в пробе 1 м² (пул пластика, 10 повторов на пятне скопления)",168.5,19.9,шт. на пробу 1 м²,1,107.478342299936,-6.91607078999774,S2A_MSIL1C_20220330T025551_N0400_R032_T48MYT_20220330T054455,0.1136,0.1048,"THREDDS plastic_monitor/S2/Summary.xlsx (лист DataME: пин, lon/lat, FDI, NDVI) + ESR рис. 5 (N)",N оцифрован с рис. 5 ESR (панели «Plastic item vs FDI» и «vs NDVI»); точка сопоставлена по совпадению FDI И NDVI из Summary.xlsx,N ±3 шт. (радиус точки на рисунке); дата/координаты/FDI — из файла авторов,FDI авторов по L1C (TOA); время отбора в файлах нет; проба 1 м² ≠ пиксель S2 100–400 м²
PM-matchup-20220330-p6,2022-03-30,"пластиковые предметы в пробе 1 м² (пул пластика, 10 повторов на пятне скопления)",195.0,21.9,шт. на пробу 1 м²,1,107.477884699936,-6.91541045999773,S2A_MSIL1C_20220330T025551_N0400_R032_T48MYT_20220330T054455,0.2405,0.5658,"THREDDS plastic_monitor/S2/Summary.xlsx (лист DataME: пин, lon/lat, FDI, NDVI) + ESR рис. 5 (N)",N оцифрован с рис. 5 ESR (панели «Plastic item vs FDI» и «vs NDVI»); точка сопоставлена по совпадению FDI И NDVI из Summary.xlsx,N ±3 шт. (радиус точки на рисунке); дата/координаты/FDI — из файла авторов,FDI авторов по L1C (TOA); время отбора в файлах нет; проба 1 м² ≠ пиксель S2 100–400 м²
PM-matchup-20220330-p7,2022-03-30,"пластиковые предметы в пробе 1 м² (пул пластика, 10 повторов на пятне скопления)",151.5,12.9,шт. на пробу 1 м²,1,107.477575699936,-6.91524529999773,S2A_MSIL1C_20220330T025551_N0400_R032_T48MYT_20220330T054455,0.2752,0.5905,"THREDDS plastic_monitor/S2/Summary.xlsx (лист DataME: пин, lon/lat, FDI, NDVI) + ESR рис. 5 (N)",N оцифрован с рис. 5 ESR (панели «Plastic item vs FDI» и «vs NDVI»); точка сопоставлена по совпадению FDI И NDVI из Summary.xlsx,N ±3 шт. (радиус точки на рисунке); дата/координаты/FDI — из файла авторов,FDI авторов по L1C (TOA); время отбора в файлах нет; проба 1 м² ≠ пиксель S2 100–400 м²
PM-matchup-20220330-p8,2022-03-30,"пластиковые предметы в пробе 1 м² (пул пластика, 10 повторов на пятне скопления)",27.8; 115.5 (неоднозначно),25.9,шт. на пробу 1 м²,1,107.477132099936,-6.91527701999774,S2A_MSIL1C_20220330T025551_N0400_R032_T48MYT_20220330T054455,0.2002,0.4124,"THREDDS plastic_monitor/S2/Summary.xlsx (лист DataME: пин, lon/lat, FDI, NDVI) + ESR рис. 5 (N)",N оцифрован с рис. 5 ESR (панели «Plastic item vs FDI» и «vs NDVI»); точка сопоставлена по совпадению FDI И NDVI из Summary.xlsx,несколько кандидатов N,FDI авторов по L1C (TOA); время отбора в файлах нет; проба 1 м² ≠ пиксель S2 100–400 м²
PM-matchup-20220330-p9,2022-03-30,"пластиковые предметы в пробе 1 м² (пул пластика, 10 повторов на пятне скопления)",53.8; 132.2 (неоднозначно),8.9; 15.0,шт. на пробу 1 м²,1,107.476743199936,-6.91539599999772,S2A_MSIL1C_20220330T025551_N0400_R032_T48MYT_20220330T054455,0.1901,0.3782,"THREDDS plastic_monitor/S2/Summary.xlsx (лист DataME: пин, lon/lat, FDI, NDVI) + ESR рис. 5 (N)",N оцифрован с рис. 5 ESR (панели «Plastic item vs FDI» и «vs NDVI»); точка сопоставлена по совпадению FDI И NDVI из Summary.xlsx,несколько кандидатов N,FDI авторов по L1C (TOA); время отбора в файлах нет; проба 1 м² ≠ пиксель S2 100–400 м²
PM-matchup-20220330-p10,2022-03-30,"пластиковые предметы в пробе 1 м² (пул пластика, 10 повторов на пятне скопления)",114.5,15.0,шт. на пробу 1 м²,1,107.475631299936,-6.91571853999777,S2A_MSIL1C_20220330T025551_N0400_R032_T48MYT_20220330T054455,0.147,0.3042,"THREDDS plastic_monitor/S2/Summary.xlsx (лист DataME: пин, lon/lat, FDI, NDVI) + ESR рис. 5 (N)",N оцифрован с рис. 5 ESR (панели «Plastic item vs FDI» и «vs NDVI»); точка сопоставлена по совпадению FDI И NDVI из Summary.xlsx,N ±3 шт. (радиус точки на рисунке); дата/координаты/FDI — из файла авторов,FDI авторов по L1C (TOA); время отбора в файлах нет; проба 1 м² ≠ пиксель S2 100–400 м²
PM-matchup-20220419-p1,2022-04-19,"пластиковые предметы в пробе 1 м² (пул пластика, 10 повторов на пятне скопления)",38.5; 40.2; 288.5 (неоднозначно),5.0; 34.9,шт. на пробу 1 м²,1,107.475749609936,-6.91564096999777,S2A_MSIL2A_20220419T025551_N0400_R032_T48MYT_20220419T070927,0.2399,0.4053,"THREDDS plastic_monitor/S2/Summary.xlsx (лист DataME: пин, lon/lat, FDI, NDVI) + ESR рис. 5 (N)",N оцифрован с рис. 5 ESR (панели «Plastic item vs FDI» и «vs NDVI»); точка сопоставлена по совпадению FDI И NDVI из Summary.xlsx,несколько кандидатов N,FDI авторов по L2A; время отбора в файлах нет; проба 1 м² ≠ пиксель S2 100–400 м²
PM-matchup-20220419-p2,2022-04-19,"пластиковые предметы в пробе 1 м² (пул пластика, 10 повторов на пятне скопления)",243.0,15.0,шт. на пробу 1 м²,1,107.476122769936,-6.91543920999776,S2A_MSIL2A_20220419T025551_N0400_R032_T48MYT_20220419T070927,0.2275,0.3852,"THREDDS plastic_monitor/S2/Summary.xlsx (лист DataME: пин, lon/lat, FDI, NDVI) + ESR рис. 5 (N)",N оцифрован с рис. 5 ESR (панели «Plastic item vs FDI» и «vs NDVI»); точка сопоставлена по совпадению FDI И NDVI из Summary.xlsx,N ±3 шт. (радиус точки на рисунке); дата/координаты/FDI — из файла авторов,FDI авторов по L2A; время отбора в файлах нет; проба 1 м² ≠ пиксель S2 100–400 м²
PM-matchup-20220419-p3,2022-04-19,"пластиковые предметы в пробе 1 м² (пул пластика, 10 повторов на пятне скопления)",218.0,17.9,шт. на пробу 1 м²,1,107.476745549936,-6.91529906999777,S2A_MSIL2A_20220419T025551_N0400_R032_T48MYT_20220419T070927,0.1655,0.3356,"THREDDS plastic_monitor/S2/Summary.xlsx (лист DataME: пин, lon/lat, FDI, NDVI) + ESR рис. 5 (N)",N оцифрован с рис. 5 ESR (панели «Plastic item vs FDI» и «vs NDVI»); точка сопоставлена по совпадению FDI И NDVI из Summary.xlsx,N ±3 шт. (радиус точки на рисунке); дата/координаты/FDI — из файла авторов,FDI авторов по L2A; время отбора в файлах нет; проба 1 м² ≠ пиксель S2 100–400 м²
PM-matchup-20220419-p4,2022-04-19,"пластиковые предметы в пробе 1 м² (пул пластика, 10 повторов на пятне скопления)",161.5,14.1,шт. на пробу 1 м²,1,107.477290449936,-6.91525828999773,S2A_MSIL2A_20220419T025551_N0400_R032_T48MYT_20220419T070927,0.1969,0.3329,"THREDDS plastic_monitor/S2/Summary.xlsx (лист DataME: пин, lon/lat, FDI, NDVI) + ESR рис. 5 (N)",N оцифрован с рис. 5 ESR (панели «Plastic item vs FDI» и «vs NDVI»); точка сопоставлена по совпадению FDI И NDVI из Summary.xlsx,N ±3 шт. (радиус точки на рисунке); дата/координаты/FDI — из файла авторов,FDI авторов по L2A; время отбора в файлах нет; проба 1 м² ≠ пиксель S2 100–400 м²
PM-matchup-20220419-p5,2022-04-19,"пластиковые предметы в пробе 1 м² (пул пластика, 10 повторов на пятне скопления)",40.2,15.0,шт. на пробу 1 м²,1,107.477754559936,-6.91520594999772,S2A_MSIL2A_20220419T025551_N0400_R032_T48MYT_20220419T070927,-0.0222,-0.0594,"THREDDS plastic_monitor/S2/Summary.xlsx (лист DataME: пин, lon/lat, FDI, NDVI) + ESR рис. 5 (N)",N оцифрован с рис. 5 ESR (панели «Plastic item vs FDI» и «vs NDVI»); точка сопоставлена по совпадению FDI И NDVI из Summary.xlsx,N ±3 шт. (радиус точки на рисунке); дата/координаты/FDI — из файла авторов,FDI авторов по L2A; время отбора в файлах нет; проба 1 м² ≠ пиксель S2 100–400 м²
PM-matchup-20220419-p6,2022-04-19,"пластиковые предметы в пробе 1 м² (пул пластика, 10 повторов на пятне скопления)",26.0,0.1,шт. на пробу 1 м²,1,107.476468519936,-6.91829689999776,S2A_MSIL2A_20220419T025551_N0400_R032_T48MYT_20220419T070927,0.2519,0.4715,"THREDDS plastic_monitor/S2/Summary.xlsx (лист DataME: пин, lon/lat, FDI, NDVI) + ESR рис. 5 (N)",N оцифрован с рис. 5 ESR (панели «Plastic item vs FDI» и «vs NDVI»); точка сопоставлена по совпадению FDI И NDVI из Summary.xlsx,N ±3 шт. (радиус точки на рисунке); дата/координаты/FDI — из файла авторов,FDI авторов по L2A; время отбора в файлах нет; проба 1 м² ≠ пиксель S2 100–400 м²
PM-matchup-20220419-p7,2022-04-19,"пластиковые предметы в пробе 1 м² (пул пластика, 10 повторов на пятне скопления)",54.0; 132.5 (неоднозначно),8.9; 15.0,шт. на пробу 1 м²,1,107.476773369936,-6.91830607999777,S2A_MSIL2A_20220419T025551_N0400_R032_T48MYT_20220419T070927,0.188,0.3766,"THREDDS plastic_monitor/S2/Summary.xlsx (лист DataME: пин, lon/lat, FDI, NDVI) + ESR рис. 5 (N)",N оцифрован с рис. 5 ESR (панели «Plastic item vs FDI» и «vs NDVI»); точка сопоставлена по совпадению FDI И NDVI из Summary.xlsx,несколько кандидатов N,FDI авторов по L2A; время отбора в файлах нет; проба 1 м² ≠ пиксель S2 100–400 м²
PM-matchup-20220419-p8,2022-04-19,"пластиковые предметы в пробе 1 м² (пул пластика, 10 повторов на пятне скопления)",36.0,5.0; 22.5; 33.0,шт. на пробу 1 м²,1,107.477073279936,-6.91850861999774,S2A_MSIL2A_20220419T025551_N0400_R032_T48MYT_20220419T070927,0.2406,0.4322,"THREDDS plastic_monitor/S2/Summary.xlsx (лист DataME: пин, lon/lat, FDI, NDVI) + ESR рис. 5 (N)",N оцифрован с рис. 5 ESR (панели «Plastic item vs FDI» и «vs NDVI»); точка сопоставлена по совпадению FDI И NDVI из Summary.xlsx,N ±3 шт. (радиус точки на рисунке); дата/координаты/FDI — из файла авторов,FDI авторов по L2A; время отбора в файлах нет; проба 1 м² ≠ пиксель S2 100–400 м²
PM-matchup-20220419-p9,2022-04-19,"пластиковые предметы в пробе 1 м² (пул пластика, 10 повторов на пятне скопления)",27.2,4.9,шт. на пробу 1 м²,1,107.477517099936,-6.91856025999775,S2A_MSIL2A_20220419T025551_N0400_R032_T48MYT_20220419T070927,0.2254,0.4164,"THREDDS plastic_monitor/S2/Summary.xlsx (лист DataME: пин, lon/lat, FDI, NDVI) + ESR рис. 5 (N)",N оцифрован с рис. 5 ESR (панели «Plastic item vs FDI» и «vs NDVI»); точка сопоставлена по совпадению FDI И NDVI из Summary.xlsx,N ±3 шт. (радиус точки на рисунке); дата/координаты/FDI — из файла авторов,FDI авторов по L2A; время отбора в файлах нет; проба 1 м² ≠ пиксель S2 100–400 м²
PM-matchup-20220419-p10,2022-04-19,"пластиковые предметы в пробе 1 м² (пул пластика, 10 повторов на пятне скопления)",41.5,5.0; 23.0; 33.0,шт. на пробу 1 м²,1,107.477316859936,-6.91838025999773,S2A_MSIL2A_20220419T025551_N0400_R032_T48MYT_20220419T070927,0.2352,0.437,"THREDDS plastic_monitor/S2/Summary.xlsx (лист DataME: пин, lon/lat, FDI, NDVI) + ESR рис. 5 (N)",N оцифрован с рис. 5 ESR (панели «Plastic item vs FDI» и «vs NDVI»); точка сопоставлена по совпадению FDI И NDVI из Summary.xlsx,N ±3 шт. (радиус точки на рисунке); дата/координаты/FDI — из файла авторов,FDI авторов по L2A; время отбора в файлах нет; проба 1 м² ≠ пиксель S2 100–400 м²
PM-matchup-20220419-p31,2022-04-19,"пластиковые предметы в пробе 1 м² (пул пластика, 10 повторов на пятне скопления)",,,шт. на пробу 1 м²,1,107.480903999935,-6.91422499999774,S2A_MSIL2A_20220419T025551_N0400_R032_T48MYT_20220419T070927,0.0029,-0.155,"THREDDS plastic_monitor/S2/Summary.xlsx (лист DataME: пин, lon/lat, FDI, NDVI) + ESR рис. 5 (N)",N оцифрован с рис. 5 ESR (панели «Plastic item vs FDI» и «vs NDVI»); точка сопоставлена по совпадению FDI И NDVI из Summary.xlsx,N не найден на рис. 5 (проба вне рисунка или FDI/NDVI не совпали),FDI авторов по L2A; время отбора в файлах нет; проба 1 м² ≠ пиксель S2 100–400 м²
PM-matchup-20220419-p32,2022-04-19,"пластиковые предметы в пробе 1 м² (пул пластика, 10 повторов на пятне скопления)",,,шт. на пробу 1 м²,1,107.480895999935,-6.91424699999773,S2A_MSIL2A_20220419T025551_N0400_R032_T48MYT_20220419T070927,0.0029,-0.155,"THREDDS plastic_monitor/S2/Summary.xlsx (лист DataME: пин, lon/lat, FDI, NDVI) + ESR рис. 5 (N)",N оцифрован с рис. 5 ESR (панели «Plastic item vs FDI» и «vs NDVI»); точка сопоставлена по совпадению FDI И NDVI из Summary.xlsx,N не найден на рис. 5 (проба вне рисунка или FDI/NDVI не совпали),FDI авторов по L2A; время отбора в файлах нет; проба 1 м² ≠ пиксель S2 100–400 м²
PM-matchup-20220419-p33,2022-04-19,"пластиковые предметы в пробе 1 м² (пул пластика, 10 повторов на пятне скопления)",85.2,4.9,шт. на пробу 1 м²,1,107.480864999935,-6.91426699999773,S2A_MSIL2A_20220419T025551_N0400_R032_T48MYT_20220419T070927,-0.0053,-0.1796,"THREDDS plastic_monitor/S2/Summary.xlsx (лист DataME: пин, lon/lat, FDI, NDVI) + ESR рис. 5 (N)",N оцифрован с рис. 5 ESR (панели «Plastic item vs FDI» и «vs NDVI»); точка сопоставлена по совпадению FDI И NDVI из Summary.xlsx,N ±3 шт. (радиус точки на рисунке); дата/координаты/FDI — из файла авторов,FDI авторов по L2A; время отбора в файлах нет; проба 1 м² ≠ пиксель S2 100–400 м²
PM-matchup-20220419-p34,2022-04-19,"пластиковые предметы в пробе 1 м² (пул пластика, 10 повторов на пятне скопления)",,,шт. на пробу 1 м²,1,107.480903999935,-6.91431199999773,S2A_MSIL2A_20220419T025551_N0400_R032_T48MYT_20220419T070927,-0.0148,-0.2108,"THREDDS plastic_monitor/S2/Summary.xlsx (лист DataME: пин, lon/lat, FDI, NDVI) + ESR рис. 5 (N)",N оцифрован с рис. 5 ESR (панели «Plastic item vs FDI» и «vs NDVI»); точка сопоставлена по совпадению FDI И NDVI из Summary.xlsx,N не найден на рис. 5 (проба вне рисунка или FDI/NDVI не совпали),FDI авторов по L2A; время отбора в файлах нет; проба 1 м² ≠ пиксель S2 100–400 м²
PM-total-2021-2022,2021-10 … 2022-08,"все собранные плавающие предметы, 4 участка",57957,,шт. (сумма за проект),,,,,,,"C4000134420_ESR.pdf, рис. 2 (подпись)",текст отчёта,число из отчёта; по дням/пробам не разбито,"доли: пластик 74 %, органика 11 %, дерево 6 %, резина 4 %, остаток 4 %, ткань 1 % (рис. 2); помесячные доли — рис. 3"
PM-frame-20220822,2022-08-22 и 2022-08-27,"контролируемый опыт: рамка 10×10 м (бамбук, чёрная ткань) с речным пластиком, участок 3",,,,100,,,S2 L2A 22.08.2022 (id не указан),"22.08: ≈ −0.004 и −0.010; 27.08: ≈ 0.02–0.035 (рис. 6, оцифровка на глаз)",22.08: ≈ −0.05 и 0.10; 27.08: ≈ 0.17–0.22,"C4000134420_ESR.pdf, рис. 6 и 7; слой THREDDS Layers/sampling_points (10 точек)",текст и рисунки отчёта,число предметов в рамке не опубликовано,авторы: при 100 % пластика в рамке — ≤ 25 % покрытия пикселя 20 м; FDI рамки ~0 (22.08) — сигнал слабый
PM-camera-20211021,2021-10-21,поток плавающих предметов через зону кадра камеры с моста (участок 2),,,"шт./с (поток), площадь по геопривязке",,107.50586,-6.93268,S2A_MSIL2A_20211021T025751_N0301_R032_T48MYT_20211021T062735 (02:57:51 UTC = 09:57:51 WIB),,,"github Deltares-research/plastic-monitor: DebrisDetection/20211021/TLC00009_00890_02300_small.avi (20 МБ), calibrations/*/point_bridge_20211021_UTM32749.csv (GPS 09:51–10:07 WIB)","видео и калибровка открыты; счёт — прогоном debrisDetection.py (нужен OpenCV, в среде нет)",таблицы счёта в открытом доступе нет; видео ≈ в час пролёта S2,поток ≠ шт./площадь; мост в 3.3 км ниже по течению от участка проб; ширина реки ≈ десятки м → смешанные пиксели
PM-sampling-points,2022 (слой без даты),10 точек отбора проб (две линии по 5 точек поперёк пятна),,,,1,107.4757–107.4778,−6.9152 … −6.9186,,,,THREDDS plastic_monitor/Layers/sampling_points.shp,"атрибуты слоя: Lon, Lat, name 1–10",без счёта,совпадают с пинами 1–10 Summary.xlsx 19.04.2022
