id_файла,источник,URL_файла,что_внутри,скачан,локальный_путь,закрывает_пункты,чего_нет_в_файле,кандидат,проверено
F01,"Cózar et al. 2024 Nat Commun 15:4637, Supplementary Data (MOESM3)",https://static-content.springer.com/esm/art%3A10.1038%2Fs41467-024-48674-7/MediaObjects/41467_2024_48674_MOESM3_ESM.xlsx,"лист «LW detections»: 14 374 окна (Latitude, Longitude, Str_time «20170703T083011», Pixels per LW, Distance to land); лист Readme",да,data/extra/archives/cozar2024/41467_2024_48674_MOESM3_ESM.xlsx,(1) дата+время съёмки и центр окна; (5) пиксели окна,счёта предметов нет (2); контура нет — только центр и число пикселей (3),ARCH-Cozar2024-Po-vessel,26.09 14:25
F02,"Cózar et al. 2024, Supplementary Information (MOESM1), разд. S2.2.3 «Verification sites», S2.2.5 «Validation»",https://static-content.springer.com/esm/art%3A10.1038%2Fs41467-024-48674-7/MediaObjects/41467_2024_48674_MOESM1_ESM.pdf,текст: «Po River … a transect of the area observed by Sentinel-2 was surveyed by a research vessel. The researchers aboard were able to visually verify the presence of LWs»; Granada/Punta del Cerrón — «field campaign carried out by the University of Cadiz»; S2.2.5 — «significant lack of quantitative field data»,да,"data/extra/archives/cozar2024/41467_2024_48674_MOESM1_ESM.pdf (текст: out/archives/cozar_moesm1.txt, стр. 880–885, 897–899)","— (лид; ни дат, ни счёта)","дата, судно, журнал трансекты, счёт не приведены",ARCH-Cozar2024-Po-vessel,26.09 14:25
F03,"González-Fernández et al. 2022 Environ. Pollut. 119816 (Чёрное море, EMBLAS 2017/2019), Supplementary mmc2",https://ars.els-cdn.com/content/image/1-s2.0-S0269749122010302-mmc2.xlsx,"TableS2: 302 учёта (StartTime, Beaufort, длительность, высота, ObservTrackWidth 4–50 м, TransectLength, Litter Item Count, SurveyedArea, density); TableS1: рейсы (JOSS 2017/2019 R/V Mare Nigrum, NMS GE)",да,data/extra/archives/blacksea2022/1-s2.0-S0269749122010302-mmc2.xlsx,(2) N по учёту; (3) длина × ширина полосы (без координат); (4) время начала (пояс не указан),"координат трансект нет (только рис. 1, средние точки); максимум 810 шт./км² (учёт 69, 02.09.2017) — ниже видимости S2",ARCH-BlackSea-EMBLAS-2017-2019,26.09 14:25
F04,"там же: полный текст (репозиторий Univ. Cádiz RODIN, hdl 10498/27455) и mmc1 (фото предметов)",https://rodin.uca.es/bitstream/handle/10498/27455/APC_2022_088.pdf ; https://ars.els-cdn.com/content/image/1-s2.0-S0269749122010302-mmc1.pdf,"методика: JRC Floating Litter Monitoring app 2.0, фиксированная полоса; средние точки трансект только на рис. 1",да,data/extra/archives/blacksea2022/APC_2022_088.pdf; data/extra/archives/blacksea2022/1-s2.0-S0269749122010302-mmc1.pdf,(3) метод полосы,координаты трансект (база JRC FLM app) не выложены,ARCH-BlackSea-EMBLAS-2017-2019,26.09 14:25
F05,"DOORS cruise 3 (IO-BAS), Zenodo 15129753 (= 15172377), CC BY 4.0",https://zenodo.org/records/15129753/files/Floating_Marine_Litter_DOORs_cruise_3.xlsx,"33 строки: transect, date, latitude, longitude (середина), items/km²; T30 17.06.2024 42.51907 N 31.50876 E 587.41",да,data/extra/archives/doors3/Floating_Marine_Litter_DOORs_cruise_3.xlsx,(4) только дата; (6) CC BY 4.0,"нет N, длины/ширины полосы, концов трансекты, времени — журнал трансект не выложен",ARCH-DOORS3-T30,26.09 14:25
F06,"Hajbane et al. 2021 Front. Mar. Sci. 8:613399, figshare 12433823 (CC BY 4.0)",https://ndownloader.figshare.com/files/26011175,"Plastic Metadata.xlsx: 46 полётов БПЛА + 58 тралов; начало/конец (lat/lon), местное время, площадь 0.013–0.025 км², N по размерам",да (ранее),data/extra/qpairs/ashmore/Plastic_Metadata.xlsx; data/extra/qpairs/ashmore/drone_events.csv; data/extra/qpairs/ashmore/pairs.csv,(2) N; (3) трек и площадь; (4) время (UTC+8); (6) лицензия; (1) сцена S2A_51LWG_20181006,кадры БПЛА не выложены; (5) на S2 блик 91–100 % полосы,ARCH-Ashmore-ART11,26.09 14:25
F07,"Hagenbeek et al. 2026 iScience 116238 (PMC13266208), Чаупхрая/Сайгон, гиацинт",https://www.ebi.ac.uk/europepmc/webservices/rest/PMC13266208/fullTextXML,Data availability: БПЛА/GoPro — 4TU 78bb4822 и f771da08; S2 через Sentinel Hub; дословно: «no Sentinel-2 imagery with suitable cloud conditions was available on the same date as in situ imagery at any location»,да,out/archives/pmc/PMC13266208.xml,доказательство отсутствия (4),S2 того же дня нет (слова авторов),ARCH-ChaoPhraya-2025,26.09 14:25
F08,"4TU f771da08 (Чаупхрая 2025), fieldwork_datasets.zip",https://data.4tu.nl/file/f771da08-8143-4a4b-9ad6-c8e711812a63/13fc7e9f-7aec-4bdc-a92e-a9d6e9eef544,"визуальный счёт с мостов (485 записей), 45 проб пятен гиацинта (м², кг, шт. пластика), точки БПЛА",да (ранее),data/extra/qpairs/4tu/fieldwork_datasets.zip; data/extra/qpairs/4tu/cpr_csv/,(2) N в пятне; (3) площадь пятна,S2 того же дня нет (F07),ARCH-ChaoPhraya-2025,26.09 14:25
F09,"Kikaki et al. 2020 Remote Sens. 12:1727 (Гондурас), Supplementary s1",https://www.mdpi.com/2072-4292/12/11/1727/s1,"Table S1: 14 сообщений о мусоре (дата «30/9», «29/11»…, координаты WGS84) без счёта; тексты S1–S2: площадь мусора 0.154 км² (10.2018) и 0.055 км² (10.2016), масса «оценка» по толщине 30 см",да (через браузер; MDPI отдаёт 403 скриптам),data/extra/archives/kikaki2020/remotesensing-12-01727-s001.pdf,(1) даты событий на Planet/S2/L8; координаты сообщений,"поштучного счёта нет; масса — расчёт, не измерение",ARCH-Honduras-Kikaki2020,26.09 14:25
F10,"Ciappa 2022 Remote Sens. 14:2409 (Сев. Адриатика, лето 2020), полный текст",https://www.mdpi.com/2072-4292/14/10/2409/htm,"Data Availability: «Copernicus Open Access Hub» — полевых данных нет; упоминание наблюдений ARPAE 2018 (слизь, не мусор)",нет (текст открыт в браузере),—,—,полевых данных нет,—,26.09 14:25
F11,"Lebreton et al. 2018 Sci Rep 8:4666, figshare 5873142 (CC BY 4.0)",https://ndownloader.figshare.com/files/10441968,"Lebreton2018_SamplingInformation.xls: строки «RGB mosaic» (аэросъёмка C-130, 02 и 06.10.2016) с колонками Start/End UTC time, Start/End lat/lon, Sampling width (km), Sampling area (km2); по тексту (PMC5864935) — 7 298 кадров, ~360 × 240 м, 0.1 м, 311 км²; полёт 02.10.2016 18:56–21:14 UTC вдоль 33.5 N, 141.4–134.9 W",да,data/extra/archives/lebreton2018/Lebreton2018_SamplingInformation.xls; .../Lebreton2018_Concentration.xls,(2) счёт > 50 см по мозаикам; (3) координаты и ширина полосы; (4) UTC; (6) CC BY 4.0,сами 7 298 кадров не выложены; спутниковых сцен того же дня нет (F12),ARCH-Lebreton2018-GPGP-aerial,26.09 14:40
F12,STAC-проверка сцен над треками Lebreton 2016 (скрипт в этой строке),"Earth Search sentinel-2-l1c/l2a; Planetary Computer landsat-c2-l1/l2; bbox [-150,25,-128,40], 28.09–10.10.2016","0 сцен S2 L1C, 0 S2 L2A, 0 Landsat C2 L1, 0 Landsat C2 L2 (S2A и Landsat-8 не снимали открытый океан ГМП)",—,вывод команды в reports/tasklog/137_archives.md (14:36),доказательство отсутствия (1),—,ARCH-Lebreton2018-GPGP-aerial,26.09 14:40
F13,"Schreyers et al. 2024 Environ. Pollut. 356:124118, 4TU 10.4121/ebb2d47e-e986-4dcf-9dc5-e8b069a81f94 (CC BY-SA 4.0)",https://data.4tu.nl/file/ebb2d47e-e986-4dcf-9dc5-e8b069a81f94/d99008e3-9846-43bb-8143-476f2638ff72,"лист «UAV images data»: 3 554 кадра (имя, дата-время до минуты, центр lat/lon, число пластика всего/в гиацинте/на воде, площадь гиацинта, площадь кадра ≈ 165 м²); 76 полётов над одним створом р. Сайгон 10.8958 N; счёт — автоматический цветовой фильтр (точность 75 %)",да,data/extra/archives/rivers/saigon/Datasets_WaterHyacinthsRetainPlastics.xlsx; flights_summary.csv; s2_same_day_pairs.csv,"(1) через STAC: полёты в дни пролёта S2 (напр. S2B_48PXT_20210306); (2) N по кадрам; (4) время 10:05–10:44 по часам файла = 03:05–03:44 UTC, если это UTC+7 (пролёт 03:25–03:35 UTC); (6)",пояс времени не указан; контуров кадров нет (только центры); счёт автоматический; полоса съёмки ≈ 15 м ≈ 1.5 пикселя,ARCH-Saigon-UAV-2020-2022,26.09 14:40
F14,"наша проверка (5) для F13: pair_quality.process_s2 + weights/lgbm без гармонизации, квадрат 1.2 × 1.2 км у створа",out/archives/site_s2.py out/archives/sites_saigon.json,"S2B_48PXT_20210112/20210306/20210316: decision reject «land», пригодной воды 0 / 0 / 7.5 %, пикселей детектора 0 / 0 / 0",да,out/archives/site_saigon.csv; out/archives/site/saigon_uav/<item>/,"(5) — закрыт отрицательно: сигнала нет, река в маске суши",—,ARCH-Saigon-UAV-2020-2022,26.09 14:40
F15,"Lee/KEI 2026, Zenodo 22292926 floatdet v1 (CC BY-NC 4.0), Корея",https://zenodo.org/records/22292926,confirmed_debris.csv: 13 подтверждённых скоплений на водохранилищах; пик 19.07.2025 у плотины Намган: 10.5 / 8.6 / 3.4 / 3.0 / 1.15 га (площади по Sentinel-1),да,data/extra/archives/rivers/korea/metadata/; korea/namgang_0712_0722_0729.png,(1) S2A_52SDD_20250729 (+10 сут) — скопление видно; (3) площадь пятна,счёта предметов нет,ARCH-Namgang-2025,26.09 14:40
F16,"Campanale, Suaria et al. 2019 Medit. Mar. Sci. 10.12681/mms.19054 (Amerigo Vespucci, 05–06.2016)",https://ejournals.epublishing.ekt.gr/index.php/hcmr-med-mar-sc/article/viewFile/19054/17867,"текст: 168 судовых трансект, полоса 10 м, UTC и GPS начала/конца записаны, 4 756 предметов, 0–9 205 шт./км²; потрансектной таблицы в статье нет (только карты)",да,data/extra/archives/med/campanale2019.pdf; campanale2019.txt,(3) метод; остальное — у авторов,"таблица трансект (время UTC, начало/конец, N) не выложена",ARCH-Campanale2016-Vespucci,26.09 14:40
F17,"Cózar et al. 2021 Front. Mar. Sci. 571796, XML + RODIN 10498/24712",https://www.frontiersin.org/journals/marine-science/articles/10.3389/fmars.2021.571796/xml,подпись рис. 2: размеры окон в Западном Средиземноморье (n = 32) — «unpublished data» (Univ. Cádiz),да,data/extra/archives/med/cozar2021.xml,—,полевая таблица окон Кадиса (n = 32) не опубликована,ARCH-Cozar2024-Po-vessel,26.09 14:40
F18,"Biancardi et al. 2026 MPB 224:119132 «Storyline», RODIN 10498/39154 (CC BY-NC-ND)",https://rodin.uca.es/bitstream/handle/10498/39154/1-s2.0-S0025326X2501608X-main.pdf,окна по S2 (ppm) + модель стока (Tramoy 2022); Data availability: «on request»; счёта на воде нет,да,data/extra/archives/med/biancardi2026_storyline.pdf,—,нет полевого счёта,—,26.09 14:40
F19,"Papageorgiou et al. 2026 JAG 105469: Zenodo 20275122 (2 ГБ, CC BY-NC 4.0), GitHub Dimitone14/FLODAS",https://zenodo.org/api/records/20275122,"веса UNet + 4 сцены SuperDove с ручными векторами (паводковый мусор, слизь, пыльца, мишени PLP); статья: «Limited ground-truth data»",только метаданные (архив 2 ГБ > лимита),data/extra/archives/med/zen_20275122.json; flodas_README.md,(1) 4 сцены PSD; (3) полигоны разметки,счёта предметов нет,—,26.09 14:40
F20,"Basurko et al. 2022 MPB 113881 (AZTI, PMC9361389)",https://www.ebi.ac.uk/europepmc/webservices/rest/PMC9361389/fullTextXML,"нейстонные тралы 2017–2020, специально вне окон; Data availability «on request»",да,data/extra/archives/med/basurko2022_pmc.xml,—,журналы SIMUL (Ruiz 2020) не выложены,—,26.09 14:40
F21,"Mohsen et al. 2023 ESPR (Тиса), GitHub AMohsenMetwaly/Macroplastic_RS_ML",https://github.com/AMohsenMetwaly/Macroplastic_RS_ML,Ref+classes.xlsx: 2 278 размеченных пикселей S2B T34TDS 07.03.2021; разметка по Google Earth; счёта нет,да,data/extra/archives/rivers/tisza/Ref+classes.xlsx,(1) сцена,счёта нет,—,26.09 14:40
F22,"Acuña-Ruz, Park, Flöhr, Garaba 2026 Water Res. 126705 (Грабовица, паводок 03–04.10.2024), Supplementary mmc1",https://ars.els-cdn.com/content/image/1-s2.0-S0043135426013795-mmc1.docx,"таблицы S1–S2 (гиперпараметры, метрики RF/XGBoost), рис. S1–S7 (схема, ERA5, артефакты, ряд S2 над плотиной); по аннотации (Europe PMC) — площадь пятна по S2 ≈ 77 100 м², сверено с фото; счёта предметов нет",да,data/extra/archives/grabovica/1-s2.0-S0043135426013795-mmc1.docx (текст: out/archives/grabovica_mmc1.txt),(1) ряд S2 над плотиной (ID не выписаны в SI); (3) площадь пятна по снимку,"счёта/объёма уборки нет; полный текст — ScienceDirect CAPTCHA, Data availability не прочитан",ARCH-Grabovica-2024,26.09 14:45
F23,"Park, Garaba, Sainte-Rose 2021 Opt. Express 29:35288, полный текст",https://opg.optica.org/oe/fulltext.cfm?uri=oe-29-22-35288,"WV-3 17.09.2018, ID 18SEP17195115-S2AS_R3C3-058429719070_01_P001; опора — System 001; «suspected plastics», синхронного счёта нет; данные «upon reasonable request»",да (текст),data/extra/archives/citegraph/park2021_oe_fulltext.txt,(1) ID сцены (коммерческая),счёта нет; снимок коммерческий (6),—,26.09 14:45
F24,"LitterLines (van Dalen, Bochow, Rußwurm), Zenodo 19571437 + GitHub geoJoost/LitterLines doc/litterlines_metadata.xlsx (CC BY 4.0)",https://github.com/geoJoost/LitterLines,29 сцен PlanetScope с парным S2 L1C product ID; разметка — линии,да,data/extra/archives/citegraph/litterlines_metadata.xlsx; zenodo_19571437.json,(1) (5) (6),полевых данных нет,—,26.09 14:45
F25,MARIDA (Kikaki 2022) S1 и S3 Table,https://journals.plos.org/plosone/article/file?type=supplementary&id=10.1371/journal.pone.0262247.s001 ; .s003,"S1 — источники событий (YouTube, TripAdvisor, Facebook, уборки 4ocean) без счёта на площадь; S3 — даты S2/Planet",да,data/extra/archives/citegraph/marida_S1_Table_reports.pdf; marida_S3_Table_dates.pdf,(1) (4) только даты,счёта нет,—,26.09 14:45
F26,"граф цитирований: 12 затравок, 900 работ (OpenCitations + Crossref/Semantic Scholar; OpenAlex — лимит IP)",—,"graph_all.csv (900 работ со связями), screen_ranked.csv, opened_works.csv (11 открытых работ)",да,data/extra/archives/citegraph/,ни одна открытая работа не закрывает (2)+(3)+(4) вместе,—,—,26.09 14:45
F27,"Garcia-Garin et al. 2020 MPB 160:111467 (Барселона, судно ↔ БПЛА), Supplementary mmc1",https://ars.els-cdn.com/content/image/1-s2.0-S0025326X20305853-mmc1.docx,"Table S1 — бланк MEDSEALITTER (BEG/END lat-long, Time, strip width); Table S2 — 18 единиц × (судно, БПЛА): площадь 0.03–0.28 км², расстояние до берега, плотность 0–81.5 шт./км²; дат, времени и координат в таблице нет",да,data/extra/archives/els/1-s2.0-S0025326X20305853-mmc1.docx,(2) плотность × площадь; (3) площадь без контура,"даты, время, координаты единиц — не выложены (бланки у авторов)",ARCH-GarciaGarin2020-Barcelona,26.09 14:50
F28,"Po Delta 2026 Environ. Chall. 101651, Supplementary mmc1 (rar)",https://ars.els-cdn.com/content/image/1-s2.0-S2667010026002453-mmc1.zip,"7 xlsx «Franke_Microplastic_Manta_PolymerData» 06 и 08.10.2021 (Адидже, Брента, рукава По) — микропластик манта-трала",да,data/extra/archives/els/po/Franke_Microplastic_Manta_PolymerData/,—,другой размерный профиль (микро),—,26.09 14:50
F29,"Elsevier ESM (ars.els-cdn.com, mmc1–mmc6) по 45 работам Elsevier из реестров и графа цитирований",—,"у 14 работ есть приложения; открыты те, что про плавающий мусор; ScienceDirect (статьи) — CAPTCHA, не обходили",журнал,out/archives/els_esm.log; out/archives/els_esm.json,—,—,—,26.09 14:50
F30,"Cabrera et al. 2024 STOTEN 176860 (ASI 2018, горячие точки Средиземного моря), Supplementary mmc1",https://ars.els-cdn.com/content/image/1-s2.0-S0048969724070177-mmc1.docx,"Table S1–S2: плотность (0.13–9.74 шт./км²) и усилие (км) по блокам авиа- и судового учёта ASI 2018 — агрегаты по блокам, без дат и треков",да,data/extra/archives/els/1-s2.0-S0048969724070177-mmc1.docx,—,треки и даты ASI — только по форме ACCOBAMS (решение людей),—,26.09 14:50
F31,"MLIT Chugoku (国土交通省中国地方整備局), пресс-релизы о сборе плавающего мусора судами после ливней 07.2018 (12 PDF, 13.07–15.08.2018)","https://www.cgr.mlit.go.jp/kisha/2018jul/180724-1top.pdf (и 180713-8, 180717-5, 180718-2, 180719-4, 180721-3, 180722-2, 180722-3, 180725-4; 2018aug/180801-2, 180808-4, 180815-1)","по судам и дням: объём (м³) и число брёвен (流木), место — кружок на карте. 23.07.2018 «おんど2000»: 135 м³, 144 бревна + тростник, у о. Симо-Камагари (фото плотного ковра); мелочь < 1 м — «многочисленно», не считана",да,"data/extra/archives/reports/mlit_seto2018/*.pdf, *.txt","(2) частично: брёвна и объём, не пластик; (4) дата (часы сбора не указаны); (7)",журналы судов (координаты/треки и время подъёмов) не опубликованы; контура нет,ARCH-Seto2018-flood,26.09 15:30
F32,"наша проверка (5) для F31: pair_quality.process_s2 + weights/lgbm без гармонизации, квадрат 8 × 8 км у 34.13 N 132.64 E, S2 16–23.07.2018",out/archives/site_s2.py out/archives/sites_seto.json,"S2B_53SKT_20180723_1_L2A (01:58 UTC = 10:58 JST): accept, вода 98.4 %, блик 0.2 %, 317 пикселей детектора в квадрате (94 объекта), P max 0.9999 — пиксели идут вдоль видимых бурых нитей; S2A_53SKT_20180718_1_L2A: accept, 152 пикселя; 16.07 и 21.07 — reject (блик)",да,"out/archives/site_seto.csv; out/archives/site/seto_shimokamagari/S2B_53SKT_20180723_1_L2A/{rgb,mask,quality}.png, prob.tif",(1) (5) — сигнал есть; тайл 53SKT нет среди патчей MARIDA (data/MARIDA/patches); MADOS не проверен,—,ARCH-Seto2018-flood,26.09 15:30
F33,"ESA RESMALI Executive Summary (контракт 4000121315), разд. 3.4.2.2 — пересказ проекта ARGANS/Hennen 2019",https://nebula.esa.int/sites/default/files/neb_tec_study/1519/public/RESMALI%20Executive%20Summary%20Report.pdf,"лодочные учёты Univ. Cádiz 24–30.10.2017 у Марбельи: 32 «плота» с координатами и примерными размерами, без счёта предметов; 26.10 плоты видели 07:00–16:00 местн., S2 в 11:00 UTC, объекты на снимке до 10 км от наблюдений",да,data/extra/archives/reports/nebula_RESMALI_Executive_Summary_Report.pdf (+ .txt),(1) S2A_MSIL1C_20171026T110131 T30SUF/T30SVF; дата,"журнал плотов Кадиса 10.2017 (координаты, время, размеры) не опубликован; сам отчёт Hennen 2019 не найден",ARCH-Cozar2024-Po-vessel,26.09 15:30
F34,"Минприроды Японии, учёт плавающего мусора во Внутреннем море 2015 (англ. сводка)",https://www.env.go.jp/content/900542944.pdf,"24 визуальные трансекты 5–17.10.2015: дата, длина 11–18 км, блик, высота глаз, число предметов 71–466; времени и координат нет; медиана ≈ 165 шт./км²",да,data/extra/archives/reports/moej_2015_setonaikai_floating_EN.pdf,(2) частично,время и координаты трансект,—,26.09 15:30
F35,"ESA Discovery, executive summaries (AIDMAP, RSS, ML-OPSI, MARLISAT, HyperDrone, FRONTAL, PDBS, LOCATE) и OPTIMAL (Zenodo 3748797)",https://nebula.esa.int/ (neb_tec_study/…); https://zenodo.org/records/3748797,"AIDMAP: «due to cloud cover, we couldn’t have access to satellite imagery at the same time of drone acquisitions»; ML-OPSI: «efforts to obtain matching imagery from drones and satellites … were fruitless»; OPTIMAL — только искусственные мишени",да,data/extra/archives/reports/nebula_C4000*.pdf; OPTIMAL_final_report_zenodo3748797.pdf,доказательство отсутствия,—,—,26.09 15:30
F36,"K-water, сбор плавающего мусора на многоцелевых плотинах (data.go.kr 15038199)",https://www.data.go.kr/data/15038199/fileData.do,годовые тонны по плотинам (Намган 2018 — 35 007 т; Тэчхон 2020 — 33 581 т),да,data/extra/archives/reports/kwater_dam_floating_debris_20231231.csv,—,нет дат/мест уборки,ARCH-Namgang-2025,26.09 15:30
F37,"МЗИТ Тюбу, Нагойское портовое управление, 17.07.2020 — сбор плавника в зал. Исэ судном «Хакурю» 07–16.07.2020 (таблица по дням)",https://www.cbr.mlit.go.jp/kisya/2020/07/0713.pdf,"по дням 7/7 7/8 7/9 7/10 7/11 7/13 7/15 7/16 (12 и 14 пропущены): участки/бревна/объём м³ построчно, итог 242 м³ (127+115 брёвен), площадь обхода ≈ 1800 км²; координат нет, только зал. Исэ+Микава",да,data/extra/archives/reports/cbr_2020_0713_isebay.pdf,(2) частично (объём по дням, не пластик),наша проверка STAC (out/archives/isebay_stac.py) — bbox зал. Исэ 136.6–137.3E 34.55–35.05N 01–20.07.2020: облачность плиток 53SPU/53SQU 97–100 % на все дни сбора,—,ARCH-IseBay2020-flood,"26.09 16:06"
F38,"новостной пересказ (Тюнити симбун) сбора плавника в зал. Исэ после ливня 07.2018",https://www.chunichi.co.jp/article/94504,"итог за июль 2018 — 195 м³ (сравнение в статье про 2020 год); по дням не расписано",нет (не скачивали, HTML прочитан WebFetch),—,(2) только агрегат за месяц,—,—,ARCH-IseBay2018-flood,"26.09 16:06"
F39,"МЗИТ, пресс-релиз 10.07.2020 — сбор плавника в Ариакэ/Яцусиро (Кюсю) судами «Кайки»/«Кайко» 04–10.07.2020",https://www.mlit.go.jp/report/press/port06_hh_000202.html (PDF /report/press/content/001353546.pdf),"итог за 7 дней (04–10.07.2020) — 1828 м³ плавника, больше годовой нормы 1353 м³; по дням не расписано в тексте страницы",частично (страница; PDF не скачан),—,(2) агрегат за неделю,—,—,ARCH-Ariake2020-flood,"26.09 16:09"
F40,"проверка гипотезы «конец окна сбора» — Сэто, хвост 24.07–05.08.2018 (STAC + наш прогон)",out/archives/seto_stac2.py out/archives/sites_seto2.json,"S2B_53SKT_20180726 33.9% облачн. reject; S2A_..0728 40.7% reject; S2B_..0802 accept, облачн. в кв. 0%, НО детектор всего 2 пикс. (было 317 на 23.07); S2B_..0805 облачность тайла 0.0% но глиссада (glint) 95% в квадрате → reject. Сводки МЗИТ с 26.07 — по неделям (26-31.07, 01-07.08), не по дням",да (данные STAC + прогон, файлы не скачивались отдельно),—,"(4) хуже: Δt 3.5 дня вместо 0 (сводка по неделе); (5) сигнал упал на 2 порядка",—,ARCH-Seto2018-flood,"26.09 16:51"
F41,"МЗИТ Кюсю, «Ариакэ/Яцусиро: сбор плавника в мелководье с рыбаками» — анонс 20.07.2020 и предв. отчёт 22.07.2020 (2-й/3-й репорт по наводнению)",https://www.qsr.mlit.go.jp/content/900007604.pdf https://www.qsr.mlit.go.jp/content/900003413.pdf,"20.07 — анонс плана; 22.07 — предв. отчёт: 250 м³ за акцию + накопленная 353 м³ (числа читаемы, даты/место/карта — не читаются: шрифт PDF без ToUnicode для иероглифов, OCR недоступен без установки пакетов)",да (текст не читается),data/extra/archives/reports/mlit_ariake2020/900007604.pdf; .../900003413.pdf,(2) частично: число видно, но день и место работ — нет (нужен OCR),координаты и точная дата (20 или 21.07?) — карта на стр. 2 не читается нашими инструментами (нет pdftoppm/tesseract/ImageMagick/PyMuPDF в .venv),—,ARCH-Ariake2020-shallow,"26.09 17:23"
