patch,scene,n_labelled,n_md,n_unlabelled,lgbm_tp,lgbm_fp,lgbm_fn,lgbm_unlab,rf_argmax_tp,rf_argmax_fp,rf_argmax_fn,rf_argmax_unlab,fdi_ndvi_box_tp,fdi_ndvi_box_fp,fdi_ndvi_box_fn,fdi_ndvi_box_unlab,fdi_interval_tp,fdi_interval_fp,fdi_interval_fn,fdi_interval_unlab
12-12-20_16PCC_0,12-12-20_16PCC,13,2,65523,2,0,0,8,2,0,0,7,2,0,0,0,1,0,1,0
12-12-20_16PCC_1,12-12-20_16PCC,99,0,65437,0,0,0,0,0,0,0,17,0,0,0,621,0,0,0,731
12-12-20_16PCC_10,12-12-20_16PCC,39,0,65497,0,0,0,3,0,0,0,2,0,0,0,0,0,0,0,0
12-12-20_16PCC_11,12-12-20_16PCC,3,2,65533,2,0,0,38,2,0,0,34,1,0,1,7,1,0,1,8
12-12-20_16PCC_12,12-12-20_16PCC,3,2,65533,2,0,0,25,2,0,0,15,1,0,1,2,0,0,2,2
12-12-20_16PCC_13,12-12-20_16PCC,3,2,65533,2,0,0,9,2,0,0,11,2,0,0,0,0,0,2,1
12-12-20_16PCC_14,12-12-20_16PCC,3,2,65533,2,0,0,4,2,0,0,7,0,0,2,2,2,0,0,4
12-12-20_16PCC_15,12-12-20_16PCC,2,2,65534,2,0,0,0,1,0,1,1,0,0,2,1,2,0,0,1
12-12-20_16PCC_16,12-12-20_16PCC,9,5,65527,5,0,0,51,5,0,0,41,1,0,4,9,2,0,3,10
12-12-20_16PCC_17,12-12-20_16PCC,1,1,65535,1,0,0,0,1,0,0,2,1,0,0,0,1,0,0,0
12-12-20_16PCC_18,12-12-20_16PCC,2,2,65534,2,0,0,1,0,0,2,3,0,0,2,2,2,0,0,0
12-12-20_16PCC_19,12-12-20_16PCC,2,0,65534,0,0,0,10,0,0,0,11,0,0,0,2,0,0,0,2
12-12-20_16PCC_2,12-12-20_16PCC,7,0,65529,0,0,0,0,0,0,0,25,0,0,0,2063,0,0,0,25328
12-12-20_16PCC_20,12-12-20_16PCC,2,0,65534,0,0,0,31,0,0,0,27,0,0,0,4,0,0,0,3
12-12-20_16PCC_21,12-12-20_16PCC,11,0,65525,0,0,0,0,0,0,0,0,0,0,0,0,0,0,0,0
12-12-20_16PCC_22,12-12-20_16PCC,3,2,65533,2,0,0,2,2,0,0,2,0,0,2,2,2,0,0,2
12-12-20_16PCC_23,12-12-20_16PCC,1,0,65535,0,0,0,9,0,0,0,7,0,0,0,0,0,0,0,0
12-12-20_16PCC_24,12-12-20_16PCC,3,2,65533,2,0,0,20,2,0,0,14,0,0,2,3,1,0,1,1
12-12-20_16PCC_25,12-12-20_16PCC,1053,0,64483,0,0,0,0,0,0,0,0,0,0,0,0,0,0,0,0
12-12-20_16PCC_26,12-12-20_16PCC,2268,0,63268,0,0,0,0,0,0,0,0,0,0,0,0,0,0,0,0
12-12-20_16PCC_27,12-12-20_16PCC,18,0,65518,0,0,0,0,0,0,0,5,0,0,0,9144,0,0,0,2695
12-12-20_16PCC_3,12-12-20_16PCC,14,1,65522,1,0,0,6,1,0,0,2,0,0,1,0,0,0,1,0
12-12-20_16PCC_4,12-12-20_16PCC,176,0,65360,0,0,0,0,0,0,0,0,0,0,0,0,0,0,0,40
12-12-20_16PCC_5,12-12-20_16PCC,5413,0,60123,0,0,0,0,0,0,0,0,0,0,0,0,0,742,0,38090
12-12-20_16PCC_6,12-12-20_16PCC,91,0,65445,0,0,0,0,0,0,0,22,0,0,0,6138,0,15,0,24547
12-12-20_16PCC_7,12-12-20_16PCC,2,1,65534,1,0,0,13,1,0,0,6,1,0,0,2,0,0,1,1
12-12-20_16PCC_8,12-12-20_16PCC,18,0,65518,0,0,0,0,0,0,0,2,0,0,0,49,0,0,0,1087
12-12-20_16PCC_9,12-12-20_16PCC,2,1,65534,1,0,0,7,1,0,0,3,1,0,0,4,0,0,1,0
14-11-18_48PZC_0,14-11-18_48PZC,410,0,65126,0,0,0,0,0,0,0,0,0,0,0,0,0,0,0,0
14-11-18_48PZC_1,14-11-18_48PZC,12,0,65524,0,2,0,1,0,2,0,1,0,2,0,2,0,2,0,1
14-11-18_48PZC_10,14-11-18_48PZC,8,0,65528,0,0,0,0,0,0,0,0,0,0,0,0,0,0,0,0
14-11-18_48PZC_11,14-11-18_48PZC,15,0,65521,0,0,0,0,0,0,0,0,0,0,0,0,0,0,0,0
14-11-18_48PZC_12,14-11-18_48PZC,277,0,65259,0,0,0,0,0,0,0,0,0,0,0,13,0,0,0,4
14-11-18_48PZC_13,14-11-18_48PZC,550,0,64986,0,0,0,0,0,0,0,3,0,4,0,287,0,0,0,181
14-11-18_48PZC_14,14-11-18_48PZC,159,0,65377,0,0,0,0,0,0,0,5,0,33,0,3409,0,16,0,2060
14-11-18_48PZC_15,14-11-18_48PZC,140,0,65396,0,0,0,0,0,0,0,1,0,8,0,74,0,19,0,47
14-11-18_48PZC_16,14-11-18_48PZC,61,0,65475,0,0,0,0,0,0,0,0,0,0,0,0,0,0,0,0
14-11-18_48PZC_2,14-11-18_48PZC,42,0,65494,0,0,0,0,0,0,0,4,0,0,0,72,0,17,0,712
14-11-18_48PZC_3,14-11-18_48PZC,273,0,65263,0,0,0,0,0,0,0,0,0,0,0,10,0,0,0,558
14-11-18_48PZC_4,14-11-18_48PZC,24,0,65512,0,2,0,0,0,3,0,0,0,3,0,0,0,2,0,0
14-11-18_48PZC_5,14-11-18_48PZC,19,2,65517,2,0,0,6,2,0,0,5,1,0,1,272,1,0,1,105
14-11-18_48PZC_6,14-11-18_48PZC,15,2,65521,2,0,0,7,2,0,0,4,2,0,0,1993,2,0,0,956
14-11-18_48PZC_7,14-11-18_48PZC,57,9,65479,9,0,0,21,9,0,0,10,9,0,0,16,7,0,2,12
14-11-18_48PZC_8,14-11-18_48PZC,103,0,65433,0,0,0,0,0,2,0,0,0,10,0,1,0,11,0,0
14-11-18_48PZC_9,14-11-18_48PZC,98,0,65438,0,0,0,0,0,0,0,0,0,0,0,0,0,0,0,0
14-9-18_16PCC_0,14-9-18_16PCC,2221,0,63315,0,0,0,16,0,0,0,13,0,0,0,246,0,0,0,7
14-9-18_16PCC_1,14-9-18_16PCC,8,0,65528,0,0,0,0,0,1,0,222,0,2,0,3091,0,0,0,1519
14-9-18_16PCC_10,14-9-18_16PCC,11516,0,54020,0,0,0,0,0,0,0,51,0,0,0,714,0,2,0,207
14-9-18_16PCC_11,14-9-18_16PCC,484,0,65052,0,0,0,0,0,0,0,9,0,0,0,239,0,0,0,358
14-9-18_16PCC_12,14-9-18_16PCC,32,0,65504,0,0,0,0,0,0,0,0,0,0,0,0,0,0,0,0
14-9-18_16PCC_13,14-9-18_16PCC,3,0,65533,0,0,0,10,0,0,0,127,0,2,0,1279,0,0,0,548
14-9-18_16PCC_14,14-9-18_16PCC,79,0,65457,0,0,0,5,0,0,0,690,0,8,0,1143,0,2,0,386
14-9-18_16PCC_15,14-9-18_16PCC,123,0,65413,0,0,0,2,0,1,0,298,0,7,0,1033,0,2,0,430
14-9-18_16PCC_16,14-9-18_16PCC,1455,0,64081,0,0,0,0,0,0,0,0,0,0,0,0,0,1,0,9629
14-9-18_16PCC_17,14-9-18_16PCC,15692,0,49844,0,0,0,0,0,0,0,0,0,0,0,0,0,202,0,33781
14-9-18_16PCC_18,14-9-18_16PCC,21776,0,43760,0,0,0,0,0,9,0,146,0,1,0,1571,0,0,0,8510
14-9-18_16PCC_19,14-9-18_16PCC,104,0,65432,0,0,0,7,0,0,0,624,0,12,0,1682,0,1,0,713
14-9-18_16PCC_2,14-9-18_16PCC,60,0,65476,0,1,0,0,0,1,0,200,0,13,0,24898,0,0,0,15096
14-9-18_16PCC_20,14-9-18_16PCC,4,3,65532,3,0,0,14,2,0,1,9,1,0,2,9,1,0,2,0
14-9-18_16PCC_21,14-9-18_16PCC,1182,0,64354,0,0,0,0,0,0,0,0,0,0,0,0,0,0,0,285
14-9-18_16PCC_22,14-9-18_16PCC,64,0,65472,0,0,0,0,0,0,0,0,0,0,0,0,0,0,0,19580
14-9-18_16PCC_23,14-9-18_16PCC,5,3,65531,3,0,0,16,3,0,0,10,2,0,1,10,2,0,1,2
14-9-18_16PCC_24,14-9-18_16PCC,2,2,65534,2,0,0,19,2,0,0,15,1,0,1,11,2,0,0,3
14-9-18_16PCC_25,14-9-18_16PCC,15,0,65521,0,0,0,4,0,0,0,4,0,0,0,1,0,0,0,2
14-9-18_16PCC_26,14-9-18_16PCC,4,2,65532,2,1,0,26,2,0,0,23,2,1,0,19,2,0,0,8
14-9-18_16PCC_27,14-9-18_16PCC,145,0,65391,0,0,0,0,0,0,0,0,0,0,0,0,0,0,0,0
14-9-18_16PCC_28,14-9-18_16PCC,3,2,65533,2,0,0,11,2,0,0,15,2,0,0,9,2,0,0,1
14-9-18_16PCC_29,14-9-18_16PCC,23,0,65513,0,0,0,0,0,0,0,0,0,0,0,0,0,0,0,0
14-9-18_16PCC_3,14-9-18_16PCC,15,0,65521,0,0,0,24,0,0,0,159,0,11,0,484,0,1,0,247
14-9-18_16PCC_30,14-9-18_16PCC,79,1,65457,1,0,0,22,1,0,0,19,1,0,0,19,1,0,0,2
14-9-18_16PCC_31,14-9-18_16PCC,8,3,65528,3,0,0,10,3,0,0,10,2,0,1,5,1,0,2,0
14-9-18_16PCC_32,14-9-18_16PCC,5,3,65531,3,0,0,24,3,0,0,18,3,0,0,20,3,0,0,5
14-9-18_16PCC_33,14-9-18_16PCC,37,0,65499,0,0,0,0,0,0,0,0,0,0,0,0,0,0,0,0
14-9-18_16PCC_34,14-9-18_16PCC,1722,0,63814,0,0,0,0,0,0,0,207,0,1715,0,13641,0,1669,0,6137
14-9-18_16PCC_35,14-9-18_16PCC,483,0,65053,0,0,0,9,0,7,0,298,0,203,0,39061,0,77,0,5810
14-9-18_16PCC_36,14-9-18_16PCC,905,0,64631,0,0,0,0,0,0,0,0,0,0,0,0,0,0,0,0
14-9-18_16PCC_37,14-9-18_16PCC,4237,0,61299,0,0,0,0,0,0,0,0,0,2055,0,12947,0,10,0,125
14-9-18_16PCC_38,14-9-18_16PCC,47,0,65489,0,0,0,0,0,0,0,0,0,17,0,4,0,10,0,0
14-9-18_16PCC_39,14-9-18_16PCC,569,0,64967,0,0,0,0,0,1,0,0,0,77,0,2,0,36,0,1
14-9-18_16PCC_4,14-9-18_16PCC,4,0,65532,0,0,0,16,0,1,0,440,0,4,0,1160,0,4,0,459
14-9-18_16PCC_40,14-9-18_16PCC,530,0,65006,0,0,0,0,0,0,0,0,0,216,0,23311,0,1,0,2071
14-9-18_16PCC_41,14-9-18_16PCC,104,0,65432,0,0,0,0,0,0,0,1,0,17,0,598,0,12,0,305
14-9-18_16PCC_42,14-9-18_16PCC,559,0,64977,0,0,0,0,0,1,0,0,0,19,0,7,0,24,0,16
14-9-18_16PCC_43,14-9-18_16PCC,5,0,65531,0,0,0,18,0,0,0,24,0,1,0,36,0,0,0,18
14-9-18_16PCC_5,14-9-18_16PCC,2,0,65534,0,0,0,16,0,0,0,304,0,0,0,1189,0,0,0,538
14-9-18_16PCC_6,14-9-18_16PCC,168,0,65368,0,0,0,0,0,0,0,0,0,0,0,1,0,0,0,0
14-9-18_16PCC_7,14-9-18_16PCC,42,0,65494,0,0,0,0,0,0,0,0,0,0,0,2,0,0,0,1
14-9-18_16PCC_8,14-9-18_16PCC,98,0,65438,0,0,0,0,0,0,0,39,0,21,0,255,0,10,0,132
14-9-18_16PCC_9,14-9-18_16PCC,17216,0,48320,0,0,0,0,0,0,0,0,0,0,0,319,0,4355,0,26180
15-11-20_16PCC_0,15-11-20_16PCC,83,0,65453,0,0,0,0,0,0,0,0,0,0,0,0,0,0,0,0
15-11-20_16PCC_1,15-11-20_16PCC,3,2,65533,2,0,0,21,2,0,0,8,0,0,2,12,2,0,0,9
15-11-20_16PCC_10,15-11-20_16PCC,10,0,65526,0,0,0,2,0,0,0,94,0,0,0,1555,0,0,0,649
15-11-20_16PCC_11,15-11-20_16PCC,186,0,65350,0,0,0,0,0,0,0,0,0,0,0,0,0,0,0,0
15-11-20_16PCC_12,15-11-20_16PCC,50,0,65486,0,0,0,0,0,1,0,0,0,7,0,0,0,5,0,0
15-11-20_16PCC_13,15-11-20_16PCC,63,0,65473,0,1,0,0,0,2,0,0,0,3,0,0,0,4,0,0
15-11-20_16PCC_14,15-11-20_16PCC,51,0,65485,0,3,0,0,0,2,0,0,0,24,0,0,0,22,0,0
15-11-20_16PCC_15,15-11-20_16PCC,65,0,65471,0,0,0,0,0,0,0,1,0,1,0,6,0,13,0,7
15-11-20_16PCC_16,15-11-20_16PCC,7,1,65529,1,0,0,1,0,0,1,0,0,0,1,0,0,0,1,0
15-11-20_16PCC_17,15-11-20_16PCC,1,1,65535,1,0,0,7,1,0,0,2,0,0,1,835,0,0,1,239
15-11-20_16PCC_18,15-11-20_16PCC,184,2,65352,0,0,2,1,2,0,0,6,0,0,2,8,0,0,2,0
15-11-20_16PCC_19,15-11-20_16PCC,21,0,65515,0,0,0,0,0,0,0,477,0,0,0,2026,0,0,0,304
15-11-20_16PCC_2,15-11-20_16PCC,133,0,65403,0,0,0,0,0,0,0,0,0,0,0,4,0,0,0,0
15-11-20_16PCC_20,15-11-20_16PCC,32,0,65504,0,0,0,0,0,0,0,0,0,0,0,0,0,0,0,0
15-11-20_16PCC_21,15-11-20_16PCC,2958,0,62578,0,0,0,0,0,0,0,0,0,0,0,59,0,0,0,14
15-11-20_16PCC_22,15-11-20_16PCC,5031,0,60505,0,1,0,0,0,0,0,0,0,0,0,43,0,0,0,12
15-11-20_16PCC_23,15-11-20_16PCC,45,0,65491,0,0,0,0,0,0,0,0,0,0,0,0,0,0,0,0
15-11-20_16PCC_3,15-11-20_16PCC,560,0,64976,0,0,0,0,0,0,0,8,0,3,0,288,0,1,0,6
15-11-20_16PCC_4,15-11-20_16PCC,398,0,65138,0,0,0,0,0,0,0,0,0,0,0,0,0,0,0,2
15-11-20_16PCC_5,15-11-20_16PCC,122,0,65414,0,0,0,0,0,0,0,0,0,0,0,0,0,0,0,0
15-11-20_16PCC_6,15-11-20_16PCC,552,0,64984,0,0,0,0,0,0,0,4,0,0,0,66,0,0,0,476
15-11-20_16PCC_7,15-11-20_16PCC,147,0,65389,0,0,0,8,0,0,0,134,0,0,0,974,0,0,0,269
15-11-20_16PCC_8,15-11-20_16PCC,4,0,65532,0,0,0,0,0,0,0,0,0,0,0,0,0,0,0,0
15-11-20_16PCC_9,15-11-20_16PCC,105,0,65431,0,0,0,0,0,0,0,17,0,4,0,848,0,3,0,496
16-2-18_16PEC_0,16-2-18_16PEC,204,0,65332,0,0,0,0,0,0,0,0,0,0,0,0,0,0,0,0
16-2-18_16PEC_1,16-2-18_16PEC,41,1,65495,1,0,0,4,1,0,0,5,0,0,1,9,0,0,1,7
16-2-18_16PEC_10,16-2-18_16PEC,422,0,65114,0,0,0,0,0,0,0,0,0,0,0,0,0,0,0,0
16-2-18_16PEC_11,16-2-18_16PEC,24,0,65512,0,2,0,0,0,4,0,0,0,5,0,1,0,2,0,0
16-2-18_16PEC_12,16-2-18_16PEC,41,0,65495,0,0,0,0,0,0,0,0,0,0,0,0,0,0,0,0
16-2-18_16PEC_13,16-2-18_16PEC,1169,0,64367,0,0,0,0,0,0,0,0,0,0,0,0,0,0,0,0
16-2-18_16PEC_14,16-2-18_16PEC,983,0,64553,0,0,0,0,0,0,0,0,0,0,0,0,0,5,0,221
16-2-18_16PEC_15,16-2-18_16PEC,320,0,65216,0,1,0,0,0,0,0,18,0,4,0,455,0,5,0,193
16-2-18_16PEC_16,16-2-18_16PEC,2,0,65534,0,0,0,0,0,0,0,68,0,0,0,2565,0,1,0,5446
16-2-18_16PEC_17,16-2-18_16PEC,107,0,65429,0,0,0,0,0,0,0,42,0,4,0,484,0,11,0,277
16-2-18_16PEC_18,16-2-18_16PEC,119,0,65417,0,0,0,0,0,0,0,0,0,0,0,5,0,0,0,0
16-2-18_16PEC_19,16-2-18_16PEC,15733,0,49803,0,0,0,0,0,0,0,12,0,0,0,1859,0,0,0,4858
16-2-18_16PEC_2,16-2-18_16PEC,1136,0,64400,0,0,0,0,0,0,0,0,0,36,0,57,0,12,0,31
16-2-18_16PEC_20,16-2-18_16PEC,117,0,65419,0,0,0,0,0,0,0,0,0,0,0,0,0,0,0,323
16-2-18_16PEC_21,16-2-18_16PEC,62,0,65474,0,0,0,0,0,0,0,0,0,0,0,0,0,0,0,0
16-2-18_16PEC_22,16-2-18_16PEC,358,0,65178,0,0,0,0,0,0,0,0,0,0,0,0,0,0,0,0
16-2-18_16PEC_23,16-2-18_16PEC,1618,0,63918,0,0,0,0,0,0,0,0,0,0,0,0,0,0,0,0
16-2-18_16PEC_24,16-2-18_16PEC,18,0,65518,0,2,0,0,0,1,0,0,0,2,0,0,0,3,0,0
16-2-18_16PEC_25,16-2-18_16PEC,7,0,65529,0,0,0,0,0,0,0,0,0,1,0,7,0,0,0,0
16-2-18_16PEC_26,16-2-18_16PEC,74,0,65462,0,0,0,0,0,0,0,0,0,0,0,0,0,0,0,0
16-2-18_16PEC_27,16-2-18_16PEC,343,0,65193,0,0,0,0,0,0,0,2,0,1,0,1140,0,0,0,595
16-2-18_16PEC_28,16-2-18_16PEC,4,0,65532,0,0,0,0,0,0,0,0,0,0,0,271,0,0,0,129
16-2-18_16PEC_3,16-2-18_16PEC,12,4,65524,2,0,2,2,4,0,0,2,3,1,1,2,2,0,2,3
16-2-18_16PEC_4,16-2-18_16PEC,2,0,65534,0,0,0,0,0,0,0,0,0,0,0,0,0,0,0,0
16-2-18_16PEC_5,16-2-18_16PEC,9,3,65527,3,0,0,3,3,0,0,1,1,0,2,1,2,0,1,1
16-2-18_16PEC_6,16-2-18_16PEC,2570,0,62966,0,0,0,0,0,0,0,0,0,0,0,0,0,0,0,0
16-2-18_16PEC_7,16-2-18_16PEC,28,0,65508,0,0,0,0,0,0,0,0,0,0,0,0,0,0,0,0
16-2-18_16PEC_8,16-2-18_16PEC,143,0,65393,0,0,0,0,0,0,0,0,0,0,0,0,0,0,0,0
16-2-18_16PEC_9,16-2-18_16PEC,172,0,65364,0,0,0,0,0,0,0,0,0,0,0,0,0,0,0,0
17-7-16_51PTS_0,17-7-16_51PTS,48,26,65488,19,2,7,123,23,2,3,206,26,4,0,134,4,1,22,508
17-7-16_51PTS_1,17-7-16_51PTS,24,2,65512,2,0,0,67,2,0,0,333,2,6,0,807,0,0,2,596
18-5-19_51PTS_0,18-5-19_51PTS,5,4,65531,4,0,0,35,4,0,0,41,4,0,0,129,4,0,0,63
18-5-19_51PTS_1,18-5-19_51PTS,8,6,65528,6,0,0,59,6,0,0,56,6,0,0,261,3,0,3,103
18-5-19_51PTS_2,18-5-19_51PTS,7,0,65529,0,0,0,102,0,0,0,114,0,2,0,210,0,1,0,156
18-5-19_51PTS_3,18-5-19_51PTS,18,0,65518,0,0,0,0,0,0,0,0,0,1,0,48,0,0,0,12
19-9-18_16PDC_0,19-9-18_16PDC,2,1,65534,1,0,0,1,1,0,0,2,1,0,0,9,0,0,1,5
19-9-18_16PDC_1,19-9-18_16PDC,10,0,65526,0,0,0,0,0,0,0,31,0,0,0,1900,0,7,0,1076
19-9-18_16PDC_10,19-9-18_16PDC,157,0,65379,0,0,0,0,0,0,0,0,0,0,0,0,0,0,0,1821
19-9-18_16PDC_11,19-9-18_16PDC,6943,0,58593,0,0,0,14,0,0,0,604,0,0,0,2167,0,646,0,6973
19-9-18_16PDC_12,19-9-18_16PDC,574,0,64962,0,0,0,0,0,0,0,0,0,0,0,0,0,0,0,0
19-9-18_16PDC_13,19-9-18_16PDC,1599,0,63937,0,0,0,0,0,0,0,0,0,0,0,0,0,700,0,14565
19-9-18_16PDC_14,19-9-18_16PDC,10920,0,54616,0,0,0,0,0,0,0,32,0,0,0,1060,0,294,0,9872
19-9-18_16PDC_15,19-9-18_16PDC,180,0,65356,0,0,0,0,0,0,0,0,0,0,0,0,0,0,0,0
19-9-18_16PDC_16,19-9-18_16PDC,5281,0,60255,0,0,0,0,0,0,0,0,0,0,0,0,0,0,0,0
19-9-18_16PDC_17,19-9-18_16PDC,127,0,65409,0,0,0,0,0,2,0,0,0,9,0,0,0,11,0,0
19-9-18_16PDC_18,19-9-18_16PDC,1158,0,64378,0,0,0,0,0,0,0,0,0,0,0,0,0,0,0,0
19-9-18_16PDC_19,19-9-18_16PDC,95,5,65441,4,0,1,8,3,0,2,4,3,0,2,2,0,0,5,0
19-9-18_16PDC_2,19-9-18_16PDC,52,0,65484,0,0,0,0,0,0,0,28,0,2,0,2637,0,3,0,1473
19-9-18_16PDC_20,19-9-18_16PDC,11,5,65525,4,0,1,4,1,0,4,0,2,0,3,0,0,0,5,0
19-9-18_16PDC_21,19-9-18_16PDC,344,0,65192,0,0,0,0,0,0,0,0,0,0,0,1,0,0,0,0
19-9-18_16PDC_22,19-9-18_16PDC,4,3,65532,2,0,1,2,1,0,2,0,2,0,1,4,1,0,2,0
19-9-18_16PDC_23,19-9-18_16PDC,4,3,65532,2,0,1,7,2,0,1,4,2,0,1,8,0,0,3,1
19-9-18_16PDC_24,19-9-18_16PDC,4,2,65532,0,0,2,2,0,0,2,0,1,0,1,1,0,0,2,0
19-9-18_16PDC_25,19-9-18_16PDC,124,0,65412,0,0,0,0,0,0,0,0,0,0,0,0,0,0,0,0
19-9-18_16PDC_3,19-9-18_16PDC,1246,0,64290,0,0,0,0,0,0,0,0,0,0,0,0,0,0,0,0
19-9-18_16PDC_4,19-9-18_16PDC,888,0,64648,0,0,0,0,0,0,0,0,0,0,0,0,0,0,0,0
19-9-18_16PDC_5,19-9-18_16PDC,18,0,65518,0,0,0,6,0,0,0,4,0,0,0,1,0,0,0,1
19-9-18_16PDC_6,19-9-18_16PDC,3,2,65533,2,0,0,0,0,0,2,0,0,0,2,0,0,0,2,0
19-9-18_16PDC_7,19-9-18_16PDC,79,0,65457,0,0,0,0,0,0,0,91,0,0,0,2265,0,16,0,11195
19-9-18_16PDC_8,19-9-18_16PDC,2,1,65534,1,0,0,0,1,0,0,87,1,0,0,3448,1,0,0,2387
19-9-18_16PDC_9,19-9-18_16PDC,23,0,65513,0,0,0,0,0,0,0,0,0,0,0,0,0,0,0,0
22-12-20_18QYF_0,22-12-20_18QYF,114,28,65422,28,0,0,84,28,0,0,56,25,0,3,50,22,0,6,16
22-12-20_18QYF_1,22-12-20_18QYF,10,2,65526,2,2,0,17,2,2,0,17,2,2,0,26,0,1,2,8
27-1-19_16PCC_0,27-1-19_16PCC,48,0,65488,0,0,0,0,0,0,0,87,0,0,0,4167,0,6,0,1871
27-1-19_16PCC_1,27-1-19_16PCC,187,0,65349,0,0,0,0,0,0,0,0,0,0,0,0,0,0,0,0
27-1-19_16PCC_10,27-1-19_16PCC,96,0,65440,0,0,0,1,0,0,0,226,0,0,0,5389,0,0,0,1515
27-1-19_16PCC_11,27-1-19_16PCC,3,2,65533,2,0,0,14,2,0,0,11,2,0,0,1,2,0,0,0
27-1-19_16PCC_12,27-1-19_16PCC,38,0,65498,0,0,0,0,0,0,0,88,0,0,0,3553,0,0,0,2891
27-1-19_16PCC_13,27-1-19_16PCC,22,0,65514,0,1,0,0,0,3,0,0,0,2,0,3,0,9,0,0
27-1-19_16PCC_14,27-1-19_16PCC,170,0,65366,0,0,0,0,0,0,0,0,0,0,0,0,0,0,0,0
27-1-19_16PCC_15,27-1-19_16PCC,11,7,65525,7,0,0,7,7,0,0,4,3,0,4,0,0,0,7,0
27-1-19_16PCC_16,27-1-19_16PCC,3,1,65533,1,0,0,3,1,0,0,4,1,0,0,0,0,0,1,0
27-1-19_16PCC_17,27-1-19_16PCC,7,5,65529,5,0,0,1,3,0,2,1,0,0,5,0,1,0,4,0
27-1-19_16PCC_18,27-1-19_16PCC,13,0,65523,0,0,0,0,0,0,0,78,0,0,0,971,0,0,0,515
27-1-19_16PCC_19,27-1-19_16PCC,4,3,65532,3,0,0,3,1,0,2,1,1,0,2,0,0,0,3,0
27-1-19_16PCC_2,27-1-19_16PCC,18,0,65518,0,0,0,22,0,0,0,1052,0,0,0,8827,0,7,0,2445
27-1-19_16PCC_20,27-1-19_16PCC,55,0,65481,0,7,0,0,0,10,0,0,0,5,0,0,0,8,0,0
27-1-19_16PCC_21,27-1-19_16PCC,7,0,65529,0,0,0,0,0,0,0,0,0,3,0,17,0,2,0,8
27-1-19_16PCC_22,27-1-19_16PCC,78,0,65458,0,0,0,0,0,0,0,0,0,0,0,0,0,0,0,0
27-1-19_16PCC_23,27-1-19_16PCC,17,0,65519,0,0,0,0,0,3,0,0,0,2,0,0,0,2,0,0
27-1-19_16PCC_24,27-1-19_16PCC,13,0,65523,0,0,0,0,0,0,0,0,0,12,0,58,0,4,0,31
27-1-19_16PCC_25,27-1-19_16PCC,1,0,65535,0,0,0,0,0,0,0,0,0,0,0,0,0,0,0,0
27-1-19_16PCC_26,27-1-19_16PCC,14,3,65522,3,0,0,10,2,0,1,7,0,0,3,0,0,0,3,0
27-1-19_16PCC_27,27-1-19_16PCC,5,4,65531,4,0,0,1,4,0,0,1,0,0,4,0,0,0,4,0
27-1-19_16PCC_28,27-1-19_16PCC,89,20,65447,20,0,0,23,17,0,3,17,11,0,9,11,10,0,10,7
27-1-19_16PCC_29,27-1-19_16PCC,109,0,65427,0,0,0,0,0,0,0,18,0,0,0,3811,0,0,0,1052
27-1-19_16PCC_3,27-1-19_16PCC,7,4,65529,4,0,0,0,4,0,0,1,0,0,4,0,0,0,4,0
27-1-19_16PCC_30,27-1-19_16PCC,88,0,65448,0,0,0,0,0,0,0,6,0,0,0,8836,0,0,0,1864
27-1-19_16PCC_4,27-1-19_16PCC,265,0,65271,0,0,0,0,0,0,0,0,0,0,0,0,0,0,0,0
27-1-19_16PCC_5,27-1-19_16PCC,75,0,65461,0,0,0,0,0,0,0,0,0,0,0,0,0,0,0,0
27-1-19_16PCC_6,27-1-19_16PCC,3,1,65533,1,0,0,4,1,0,0,4,1,0,0,0,1,0,0,1
27-1-19_16PCC_7,27-1-19_16PCC,6,3,65530,3,0,0,2,2,0,1,0,1,0,2,0,0,0,3,0
27-1-19_16PCC_8,27-1-19_16PCC,1,0,65535,0,0,0,0,0,0,0,0,0,0,0,0,0,0,0,0
27-1-19_16PCC_9,27-1-19_16PCC,1,1,65535,1,0,0,13,1,0,0,8,1,0,0,5,1,0,0,0
27-1-19_16QED_0,27-1-19_16QED,173,0,65363,0,0,0,0,0,0,0,0,0,106,0,392,0,19,0,175
27-1-19_16QED_1,27-1-19_16QED,62,0,65474,0,0,0,0,0,0,0,0,0,47,0,691,0,43,0,284
27-1-19_16QED_10,27-1-19_16QED,2612,0,62924,0,0,0,0,0,0,0,0,0,10,0,63,0,4,0,29
27-1-19_16QED_11,27-1-19_16QED,1178,0,64358,0,0,0,1,0,0,0,13,0,4,0,6239,0,2,0,2393
27-1-19_16QED_12,27-1-19_16QED,169,0,65367,0,0,0,1,0,0,0,150,0,70,0,3282,0,20,0,1224
27-1-19_16QED_13,27-1-19_16QED,77,0,65459,0,0,0,2,0,0,0,108,0,36,0,5809,0,12,0,2018
27-1-19_16QED_14,27-1-19_16QED,81,0,65455,0,0,0,1,0,2,0,1,0,3,0,798,0,10,0,378
27-1-19_16QED_15,27-1-19_16QED,303,0,65233,0,0,0,8,0,0,0,192,0,0,0,5380,0,0,0,2196
27-1-19_16QED_16,27-1-19_16QED,100,0,65436,0,0,0,0,0,0,0,73,0,20,0,3907,0,5,0,1490
27-1-19_16QED_17,27-1-19_16QED,190,0,65346,0,0,0,5,0,0,0,98,0,83,0,712,0,9,0,555
27-1-19_16QED_18,27-1-19_16QED,173,0,65363,0,0,0,1,0,0,0,0,0,0,0,96,0,0,0,36
27-1-19_16QED_2,27-1-19_16QED,49,0,65487,0,0,0,0,0,0,0,0,0,33,0,345,0,10,0,154
27-1-19_16QED_3,27-1-19_16QED,296,0,65240,0,0,0,1,0,0,0,0,0,0,0,51,0,0,0,22
27-1-19_16QED_4,27-1-19_16QED,21,0,65515,0,0,0,0,0,0,0,0,0,21,0,133,0,16,0,54
27-1-19_16QED_5,27-1-19_16QED,167,0,65369,0,0,0,0,0,0,0,0,0,102,0,724,0,17,0,270
27-1-19_16QED_6,27-1-19_16QED,139,0,65397,0,0,0,0,0,0,0,0,0,0,0,0,0,0,0,0
27-1-19_16QED_7,27-1-19_16QED,990,0,64546,0,0,0,0,0,0,0,0,0,0,0,72,0,0,0,31
27-1-19_16QED_8,27-1-19_16QED,808,0,64728,0,2,0,4,0,3,0,18,0,3,0,4582,0,14,0,1595
27-1-19_16QED_9,27-1-19_16QED,26,0,65510,0,0,0,0,0,0,0,0,0,7,0,97,0,6,0,40
28-9-20_16PCC_0,28-9-20_16PCC,18,0,65518,0,0,0,0,0,0,0,20,0,1,0,167,0,4,0,104
28-9-20_16PCC_1,28-9-20_16PCC,1,0,65535,0,0,0,1,0,0,0,0,0,0,0,1,0,0,0,0
28-9-20_16PCC_10,28-9-20_16PCC,7,3,65529,3,0,0,10,2,0,1,5,1,0,2,4,2,0,1,4
28-9-20_16PCC_11,28-9-20_16PCC,113,0,65423,0,0,0,0,0,2,0,0,0,33,0,0,0,17,0,0
28-9-20_16PCC_12,28-9-20_16PCC,51,0,65485,0,1,0,0,0,2,0,0,0,20,0,0,0,10,0,0
28-9-20_16PCC_13,28-9-20_16PCC,51,0,65485,0,0,0,1,0,0,0,2,0,2,0,2,0,0,0,3
28-9-20_16PCC_14,28-9-20_16PCC,159,0,65377,0,0,0,4,0,0,0,258,0,0,0,3419,0,0,0,2146
28-9-20_16PCC_15,28-9-20_16PCC,4,0,65532,0,0,0,0,0,0,0,377,0,0,0,4621,0,0,0,1143
28-9-20_16PCC_2,28-9-20_16PCC,19,0,65517,0,0,0,0,0,0,0,38,0,2,0,2124,0,3,0,600
28-9-20_16PCC_3,28-9-20_16PCC,114,1,65422,1,0,0,1,0,0,1,0,0,0,1,0,0,0,1,0
28-9-20_16PCC_4,28-9-20_16PCC,20,11,65516,11,1,0,60,10,1,1,29,2,0,9,19,4,1,7,14
28-9-20_16PCC_5,28-9-20_16PCC,2,0,65534,0,0,0,1,0,0,0,1,0,0,0,2,0,0,0,1
28-9-20_16PCC_6,28-9-20_16PCC,22,0,65514,0,0,0,0,0,0,0,0,0,0,0,0,0,0,0,0
28-9-20_16PCC_7,28-9-20_16PCC,17,0,65519,0,0,0,0,0,0,0,0,0,0,0,0,0,0,0,0
28-9-20_16PCC_8,28-9-20_16PCC,18,10,65518,9,1,1,34,9,1,1,25,3,1,7,17,8,1,2,16
28-9-20_16PCC_9,28-9-20_16PCC,14,5,65522,5,1,0,31,5,1,0,16,4,0,1,12,4,1,1,9
3-11-16_16PDC_0,3-11-16_16PDC,124,0,65412,0,0,0,0,0,0,0,0,0,0,0,0,0,0,0,0
3-11-16_16PDC_1,3-11-16_16PDC,132,0,65404,0,0,0,0,0,0,0,0,0,0,0,0,0,0,0,0
3-11-16_16PDC_10,3-11-16_16PDC,21,2,65515,2,0,0,1,1,0,1,1,0,0,2,0,0,0,2,0
3-11-16_16PDC_11,3-11-16_16PDC,20,0,65516,0,0,0,0,0,0,0,6,0,0,0,7373,0,0,0,2497
3-11-16_16PDC_12,3-11-16_16PDC,1,0,65535,0,0,0,0,0,0,0,0,0,0,0,0,0,0,0,0
3-11-16_16PDC_13,3-11-16_16PDC,1,1,65535,1,0,0,0,1,0,0,0,0,0,1,0,0,0,1,0
3-11-16_16PDC_14,3-11-16_16PDC,10,2,65526,2,3,0,11,2,2,0,9,0,2,2,845,0,0,2,740
3-11-16_16PDC_15,3-11-16_16PDC,9,1,65527,1,0,0,2,0,0,1,1,0,0,1,0,0,0,1,0
3-11-16_16PDC_16,3-11-16_16PDC,1,0,65535,0,0,0,2,0,0,0,4,0,0,0,0,0,0,0,0
3-11-16_16PDC_17,3-11-16_16PDC,22,0,65514,0,0,0,3,0,0,0,193,0,0,0,3956,0,1,0,1798
3-11-16_16PDC_18,3-11-16_16PDC,816,0,64720,0,0,0,0,0,0,0,3,0,11,0,2612,0,3,0,1362
3-11-16_16PDC_19,3-11-16_16PDC,325,0,65211,0,0,0,44,0,0,0,1122,0,0,0,3388,0,0,0,2085
3-11-16_16PDC_2,3-11-16_16PDC,18,11,65518,8,2,3,8,2,1,9,6,1,0,10,1,1,0,10,0
3-11-16_16PDC_20,3-11-16_16PDC,297,0,65239,0,0,0,0,0,0,0,0,0,0,0,1,0,0,0,0
3-11-16_16PDC_21,3-11-16_16PDC,1,0,65535,0,0,0,0,0,0,0,0,0,0,0,0,0,0,0,0
3-11-16_16PDC_22,3-11-16_16PDC,63,0,65473,0,0,0,2,0,0,0,714,0,0,0,5576,0,0,0,1703
3-11-16_16PDC_23,3-11-16_16PDC,13,4,65523,4,5,0,28,4,3,0,11,3,4,1,10,3,3,1,4
3-11-16_16PDC_24,3-11-16_16PDC,10,8,65526,8,1,0,25,8,1,0,8,2,0,6,3,3,0,5,1
3-11-16_16PDC_25,3-11-16_16PDC,5,2,65531,2,1,0,6,2,1,0,4,0,0,2,1,1,0,1,0
3-11-16_16PDC_26,3-11-16_16PDC,1,0,65535,0,0,0,0,0,0,0,0,0,0,0,0,0,0,0,0
3-11-16_16PDC_27,3-11-16_16PDC,355,5,65181,5,2,0,41,5,0,0,18,3,3,2,11,3,1,2,6
3-11-16_16PDC_28,3-11-16_16PDC,21,0,65515,0,0,0,3,0,1,0,16,0,10,0,92,0,7,0,44
3-11-16_16PDC_29,3-11-16_16PDC,343,0,65193,0,0,0,0,0,0,0,0,0,0,0,0,0,0,0,0
3-11-16_16PDC_3,3-11-16_16PDC,39,0,65497,0,0,0,5,0,0,0,9,0,0,0,10035,0,0,0,2742
3-11-16_16PDC_30,3-11-16_16PDC,3,2,65533,2,0,0,12,0,0,2,0,0,0,2,0,0,0,2,0
3-11-16_16PDC_31,3-11-16_16PDC,921,2,64615,2,0,0,3,1,0,1,0,0,0,2,0,0,0,2,0
3-11-16_16PDC_32,3-11-16_16PDC,61,0,65475,0,0,0,1,0,0,0,1,0,0,0,21,0,0,0,10
3-11-16_16PDC_33,3-11-16_16PDC,11,6,65525,6,0,0,10,4,0,2,1,0,0,6,0,0,0,6,0
3-11-16_16PDC_34,3-11-16_16PDC,60,0,65476,0,0,0,0,0,0,0,0,0,0,0,0,0,0,0,0
3-11-16_16PDC_35,3-11-16_16PDC,504,0,65032,0,0,0,0,0,0,0,0,0,0,0,0,0,0,0,0
3-11-16_16PDC_36,3-11-16_16PDC,34,0,65502,0,0,0,1,0,2,0,5,0,23,0,99,0,12,0,49
3-11-16_16PDC_37,3-11-16_16PDC,22,0,65514,0,0,0,0,0,0,0,3,0,14,0,196,0,4,0,58
3-11-16_16PDC_38,3-11-16_16PDC,1013,0,64523,0,0,0,0,0,0,0,0,0,0,0,0,0,0,0,0
3-11-16_16PDC_39,3-11-16_16PDC,122,0,65414,0,0,0,0,0,0,0,170,0,0,0,14830,0,0,0,6824
3-11-16_16PDC_4,3-11-16_16PDC,297,8,65239,3,0,5,17,7,0,1,277,1,11,7,3030,0,4,8,1096
3-11-16_16PDC_40,3-11-16_16PDC,109,0,65427,0,0,0,0,0,0,0,3,0,8,0,49,0,5,0,33
3-11-16_16PDC_41,3-11-16_16PDC,265,0,65271,0,0,0,0,0,1,0,0,0,1,0,526,0,3,0,50
3-11-16_16PDC_42,3-11-16_16PDC,10,0,65526,0,3,0,13,0,0,0,2,0,3,0,9,0,0,0,4
3-11-16_16PDC_43,3-11-16_16PDC,103,0,65433,0,0,0,0,0,0,0,0,0,0,0,0,0,0,0,0
3-11-16_16PDC_44,3-11-16_16PDC,1066,0,64470,0,2,0,0,0,3,0,0,0,3,0,0,0,0,0,0
3-11-16_16PDC_5,3-11-16_16PDC,467,0,65069,0,0,0,0,0,0,0,0,0,403,0,11009,0,333,0,3003
3-11-16_16PDC_6,3-11-16_16PDC,58,0,65478,0,0,0,0,0,0,0,0,0,0,0,4,0,0,0,1
3-11-16_16PDC_7,3-11-16_16PDC,6617,0,58919,0,0,0,0,0,1,0,6,0,3754,0,23367,0,2189,0,12915
3-11-16_16PDC_8,3-11-16_16PDC,25,0,65511,0,0,0,2,0,0,0,3,0,0,0,3,0,0,0,0
3-11-16_16PDC_9,3-11-16_16PDC,166,0,65370,0,0,0,0,0,0,0,6,0,0,0,8566,0,0,0,2748
30-8-18_16PCC_0,30-8-18_16PCC,19,0,65269,0,0,0,0,0,0,0,16,0,1,0,401,0,3,0,375
30-8-18_16PCC_1,30-8-18_16PCC,4,4,47008,4,0,0,6,2,0,2,1,1,0,3,0,0,0,4,0
30-8-18_16PCC_10,30-8-18_16PCC,239,0,65297,0,0,0,0,0,0,0,0,0,14,0,0,0,13,0,0
30-8-18_16PCC_11,30-8-18_16PCC,30,0,65506,0,0,0,0,0,0,0,208,0,1,0,4558,0,6,0,1103
30-8-18_16PCC_12,30-8-18_16PCC,1,0,65535,0,0,0,0,0,0,0,0,0,0,0,0,0,0,0,0
30-8-18_16PCC_13,30-8-18_16PCC,4,2,65532,1,0,1,6,1,0,1,0,0,0,2,0,0,0,2,0
30-8-18_16PCC_14,30-8-18_16PCC,1,0,65535,0,0,0,0,0,0,0,0,0,0,0,0,0,0,0,0
30-8-18_16PCC_15,30-8-18_16PCC,28,2,65508,2,2,0,5,2,1,0,2,1,1,1,19,2,1,0,16
30-8-18_16PCC_16,30-8-18_16PCC,40,0,65496,0,0,0,0,0,0,0,0,0,7,0,1,0,4,0,1
30-8-18_16PCC_17,30-8-18_16PCC,340,0,65196,0,0,0,0,0,0,0,1,0,9,0,1,0,4,0,0
30-8-18_16PCC_18,30-8-18_16PCC,73,0,65463,0,0,0,5,0,0,0,4,0,3,0,2765,0,14,0,1150
30-8-18_16PCC_19,30-8-18_16PCC,44,0,65492,0,0,0,2,0,0,0,0,0,7,0,5,0,3,0,6
30-8-18_16PCC_2,30-8-18_16PCC,217,0,61095,0,0,0,0,0,0,0,0,0,0,0,0,0,0,0,0
30-8-18_16PCC_20,30-8-18_16PCC,1,0,65535,0,0,0,3,0,0,0,1,0,0,0,1,0,0,0,0
30-8-18_16PCC_21,30-8-18_16PCC,30,3,65506,3,0,0,2,3,0,0,3,1,5,2,2,3,3,0,4
30-8-18_16PCC_22,30-8-18_16PCC,394,0,65142,0,0,0,2,0,0,0,1,0,74,0,600,0,36,0,263
30-8-18_16PCC_23,30-8-18_16PCC,237,0,65299,0,0,0,8,0,0,0,0,0,28,0,1440,0,3,0,683
30-8-18_16PCC_24,30-8-18_16PCC,517,0,65019,0,0,0,0,0,0,0,62,0,0,0,725,0,0,0,911
30-8-18_16PCC_25,30-8-18_16PCC,31,0,65505,0,0,0,0,0,0,0,60,0,0,0,2674,0,0,0,2094
30-8-18_16PCC_26,30-8-18_16PCC,428,0,65108,0,0,0,0,0,0,0,0,0,0,0,0,0,0,0,0
30-8-18_16PCC_27,30-8-18_16PCC,87,0,65449,0,0,0,0,0,0,0,0,0,0,0,0,0,0,0,0
30-8-18_16PCC_28,30-8-18_16PCC,2088,0,63448,0,0,0,0,0,0,0,13,0,0,0,147,0,902,0,15269
30-8-18_16PCC_29,30-8-18_16PCC,702,0,64834,0,0,0,0,0,0,0,0,0,0,0,0,0,26,0,5416
30-8-18_16PCC_3,30-8-18_16PCC,47,0,65489,0,0,0,0,0,0,0,0,0,0,0,0,0,8,0,1
30-8-18_16PCC_30,30-8-18_16PCC,580,0,64956,0,0,0,130,0,1,0,113,0,45,0,1452,0,27,0,733
30-8-18_16PCC_31,30-8-18_16PCC,112,0,65424,0,0,0,0,0,0,0,0,0,0,0,0,0,0,0,0
30-8-18_16PCC_32,30-8-18_16PCC,2,0,65534,0,0,0,7,0,0,0,61,0,2,0,9334,0,1,0,3485
30-8-18_16PCC_33,30-8-18_16PCC,268,0,65268,0,0,0,0,0,0,0,1,0,0,0,1,0,0,0,0
30-8-18_16PCC_34,30-8-18_16PCC,186,0,65350,0,0,0,0,0,0,0,0,0,1,0,1,0,0,0,0
30-8-18_16PCC_35,30-8-18_16PCC,1017,4,64519,4,0,0,1,4,0,0,1,3,0,1,0,1,0,3,3
30-8-18_16PCC_36,30-8-18_16PCC,33,0,65503,0,2,0,1,0,2,0,0,0,1,0,0,0,7,0,1
30-8-18_16PCC_37,30-8-18_16PCC,1,1,65535,1,0,0,16,1,0,0,4,1,0,0,4,0,0,1,1
30-8-18_16PCC_38,30-8-18_16PCC,461,0,65075,0,0,0,2,0,0,0,2,0,0,0,0,0,0,0,1
30-8-18_16PCC_39,30-8-18_16PCC,16,0,65520,0,0,0,0,0,0,0,0,0,0,0,0,0,0,0,0
30-8-18_16PCC_4,30-8-18_16PCC,1,0,65535,0,0,0,0,0,0,0,0,0,0,0,0,0,0,0,0
30-8-18_16PCC_40,30-8-18_16PCC,4,4,65532,4,0,0,29,4,0,0,11,4,0,0,11,3,0,1,3
30-8-18_16PCC_41,30-8-18_16PCC,36,0,65500,0,0,0,13,0,0,0,7,0,0,0,11,0,0,0,3
30-8-18_16PCC_42,30-8-18_16PCC,1,1,65535,1,0,0,12,1,0,0,10,1,0,0,13,1,0,0,9
30-8-18_16PCC_43,30-8-18_16PCC,63,0,65473,0,0,0,44,0,0,0,12,0,0,0,44,0,0,0,17
30-8-18_16PCC_44,30-8-18_16PCC,31,1,65505,1,0,0,1,0,0,1,0,0,0,1,0,0,0,1,0
30-8-18_16PCC_45,30-8-18_16PCC,18,2,65518,2,0,0,105,2,0,0,66,2,0,0,89,1,0,1,41
30-8-18_16PCC_5,30-8-18_16PCC,7,7,65529,7,0,0,15,6,0,1,4,4,0,3,2,1,0,6,0
30-8-18_16PCC_6,30-8-18_16PCC,3,2,65533,2,0,0,7,2,0,0,1,2,0,0,0,1,0,1,0
30-8-18_16PCC_7,30-8-18_16PCC,2,2,65534,2,0,0,1,1,0,1,0,1,0,1,0,0,0,2,0
30-8-18_16PCC_8,30-8-18_16PCC,5,4,65531,4,0,0,0,3,0,1,0,1,0,3,0,0,0,4,0
30-8-18_16PCC_9,30-8-18_16PCC,109,0,65427,0,0,0,7,0,1,0,0,0,28,0,0,0,13,0,0
4-3-18_50LLR_0,4-3-18_50LLR,2,1,65534,1,0,0,3,1,0,0,12,1,0,0,13,1,0,0,5
4-3-18_50LLR_1,4-3-18_50LLR,18,0,65518,0,0,0,5,0,0,0,69,0,0,0,14025,0,18,0,15451
4-3-18_50LLR_10,4-3-18_50LLR,9,7,65527,7,0,0,17,7,0,0,44,7,0,0,43,7,0,0,8
4-3-18_50LLR_11,4-3-18_50LLR,173,0,65363,0,0,0,0,0,0,0,0,0,0,0,0,0,0,0,0
4-3-18_50LLR_12,4-3-18_50LLR,75,0,65461,0,0,0,203,0,4,0,639,0,13,0,1340,0,25,0,626
4-3-18_50LLR_13,4-3-18_50LLR,195,0,65341,0,6,0,170,0,11,0,253,0,38,0,406,0,30,0,117
4-3-18_50LLR_14,4-3-18_50LLR,239,0,65297,0,2,0,206,0,3,0,397,0,30,0,1083,0,75,0,538
4-3-18_50LLR_15,4-3-18_50LLR,223,0,65313,0,4,0,193,0,11,0,353,0,26,0,924,0,22,0,281
4-3-18_50LLR_16,4-3-18_50LLR,3,0,65533,0,0,0,4,0,0,0,7,0,0,0,19,0,0,0,2
4-3-18_50LLR_17,4-3-18_50LLR,14,0,65522,0,0,0,13,0,0,0,3,0,1,0,31,0,5,0,14
4-3-18_50LLR_18,4-3-18_50LLR,136,0,65400,0,0,0,7,0,1,0,10,0,3,0,17,0,7,0,15
4-3-18_50LLR_19,4-3-18_50LLR,45,0,65491,0,0,0,0,0,0,0,0,0,0,0,0,0,0,0,0
4-3-18_50LLR_2,4-3-18_50LLR,3,1,65533,1,1,0,9,1,1,0,20,1,1,0,2438,1,1,0,8219
4-3-18_50LLR_20,4-3-18_50LLR,63,0,65473,0,0,0,5,0,0,0,3,0,1,0,49,0,2,0,9
4-3-18_50LLR_21,4-3-18_50LLR,6,5,65530,4,0,1,22,5,0,0,47,5,0,0,41,5,0,0,7
4-3-18_50LLR_22,4-3-18_50LLR,4,3,65532,2,0,1,44,3,0,0,122,3,0,0,99,3,0,0,15
4-3-18_50LLR_23,4-3-18_50LLR,240,0,65296,0,0,0,0,0,0,0,0,0,14,0,123,0,6,0,37
4-3-18_50LLR_24,4-3-18_50LLR,189,0,65347,0,1,0,0,0,1,0,0,0,2,0,273,0,5,0,120
4-3-18_50LLR_25,4-3-18_50LLR,2,1,65534,1,0,0,10,1,0,0,16,1,0,0,14,1,0,0,3
4-3-18_50LLR_3,4-3-18_50LLR,2,1,65534,1,0,0,2,1,0,0,5,1,0,0,11,1,0,0,2
4-3-18_50LLR_4,4-3-18_50LLR,51,3,65485,3,0,0,12,3,0,0,12,3,0,0,343,3,6,0,2743
4-3-18_50LLR_5,4-3-18_50LLR,7,4,65529,4,1,0,15,4,1,0,20,4,1,0,30,4,1,0,28
4-3-18_50LLR_6,4-3-18_50LLR,16,0,65520,0,0,0,1,0,0,0,1,0,0,0,1,0,0,0,0
4-3-18_50LLR_7,4-3-18_50LLR,133,14,65403,14,2,0,27,14,6,0,70,14,8,0,72,11,18,3,49
4-3-18_50LLR_8,4-3-18_50LLR,85,0,65451,0,1,0,9,0,1,0,71,0,3,0,10713,0,7,0,3789
4-3-18_50LLR_9,4-3-18_50LLR,2,1,65534,1,0,0,17,1,0,0,19,1,0,0,19,1,0,0,4
